[2026-07-15 14:41:24] ERROR - Invalid JSON from Dapodik: Syntax error - snippet: { 'success' : false, 'message': 'Session telah habis. harap melakukan login kembali' }
[2026-07-15 14:41:24] WARNING - Fallback returned invalid JSON for http://localhost:5774/WebService/getSekolah: Syntax error - snippet: HTTP/1.0 403 Forbidden
Cache-Control: no-cache
Date:          Wed, 15 Jul 2026 14:41:24 GMT

{"success":false,"http_code":403,"status_code":"Forbidden","message":"Parameter NPSN harap diisi"}
[2026-07-15 14:41:25] INFO - Fallback to legacy endpoint succeeded: http://localhost:5774/WebService/getSekolah?npsn=20252031
[2026-07-15 14:41:25] INFO - Successfully fetched 1 records from getSekolah
[2026-07-15 14:41:25] ERROR - Invalid JSON from Dapodik: Syntax error - snippet: { 'success' : false, 'message': 'Session telah habis. harap melakukan login kembali' }
[2026-07-15 14:41:25] WARNING - Fallback returned invalid JSON for http://localhost:5774/WebService/getSekolah: Syntax error - snippet: HTTP/1.0 403 Forbidden
Cache-Control: no-cache
Date:          Wed, 15 Jul 2026 14:41:25 GMT

{"success":false,"http_code":403,"status_code":"Forbidden","message":"Parameter NPSN harap diisi"}
[2026-07-15 14:41:26] INFO - Fallback to legacy endpoint succeeded: http://localhost:5774/WebService/getSekolah?npsn=20252031
[2026-07-15 14:41:26] INFO - Successfully fetched 1 records from getSekolah
[2026-07-15 14:42:24] ERROR - Invalid JSON from Dapodik: Syntax error - snippet: { 'success' : false, 'message': 'Session telah habis. harap melakukan login kembali' }
[2026-07-15 14:42:24] WARNING - Fallback returned invalid JSON for http://localhost:5774/WebService/getSekolah: Syntax error - snippet: HTTP/1.0 403 Forbidden
Cache-Control: no-cache
Date:          Wed, 15 Jul 2026 14:42:24 GMT

{"success":false,"http_code":403,"status_code":"Forbidden","message":"Parameter NPSN harap diisi"}
[2026-07-15 14:42:25] INFO - Fallback to legacy endpoint succeeded: http://localhost:5774/WebService/getSekolah?npsn=20252031
[2026-07-15 14:42:25] INFO - Successfully fetched 1 records from getSekolah
[2026-07-15 14:42:25] ERROR - Invalid JSON from Dapodik: Syntax error - snippet: { 'success' : false, 'message': 'Session telah habis. harap melakukan login kembali' }
[2026-07-15 14:42:25] WARNING - Fallback returned invalid JSON for http://localhost:5774/WebService/getSekolah: Syntax error - snippet: HTTP/1.0 403 Forbidden
Cache-Control: no-cache
Date:          Wed, 15 Jul 2026 14:42:25 GMT

{"success":false,"http_code":403,"status_code":"Forbidden","message":"Parameter NPSN harap diisi"}
[2026-07-15 14:42:26] INFO - Fallback to legacy endpoint succeeded: http://localhost:5774/WebService/getSekolah?npsn=20252031
[2026-07-15 14:42:26] INFO - Successfully fetched 1 records from getSekolah
[2026-07-15 14:43:24] ERROR - Invalid JSON from Dapodik: Syntax error - snippet: { 'success' : false, 'message': 'Session telah habis. harap melakukan login kembali' }
[2026-07-15 14:43:24] WARNING - Fallback returned invalid JSON for http://localhost:5774/WebService/getSekolah: Syntax error - snippet: HTTP/1.0 403 Forbidden
Cache-Control: no-cache
Date:          Wed, 15 Jul 2026 14:43:24 GMT

{"success":false,"http_code":403,"status_code":"Forbidden","message":"Parameter NPSN harap diisi"}
[2026-07-15 14:43:25] INFO - Fallback to legacy endpoint succeeded: http://localhost:5774/WebService/getSekolah?npsn=20252031
[2026-07-15 14:43:25] INFO - Successfully fetched 1 records from getSekolah
[2026-07-15 14:43:25] ERROR - Invalid JSON from Dapodik: Syntax error - snippet: { 'success' : false, 'message': 'Session telah habis. harap melakukan login kembali' }
[2026-07-15 14:43:25] WARNING - Fallback returned invalid JSON for http://localhost:5774/WebService/getSekolah: Syntax error - snippet: HTTP/1.0 403 Forbidden
Cache-Control: no-cache
Date:          Wed, 15 Jul 2026 14:43:25 GMT

{"success":false,"http_code":403,"status_code":"Forbidden","message":"Parameter NPSN harap diisi"}
[2026-07-15 14:43:26] INFO - Fallback to legacy endpoint succeeded: http://localhost:5774/WebService/getSekolah?npsn=20252031
[2026-07-15 14:43:26] INFO - Successfully fetched 1 records from getSekolah
[2026-07-15 14:44:24] ERROR - Invalid JSON from Dapodik: Syntax error - snippet: { 'success' : false, 'message': 'Session telah habis. harap melakukan login kembali' }
[2026-07-15 14:44:24] WARNING - Fallback returned invalid JSON for http://localhost:5774/WebService/getSekolah: Syntax error - snippet: HTTP/1.0 403 Forbidden
Cache-Control: no-cache
Date:          Wed, 15 Jul 2026 14:44:24 GMT

{"success":false,"http_code":403,"status_code":"Forbidden","message":"Parameter NPSN harap diisi"}
[2026-07-15 14:44:25] INFO - Fallback to legacy endpoint succeeded: http://localhost:5774/WebService/getSekolah?npsn=20252031
[2026-07-15 14:44:25] INFO - Successfully fetched 1 records from getSekolah
[2026-07-15 14:44:25] ERROR - Invalid JSON from Dapodik: Syntax error - snippet: { 'success' : false, 'message': 'Session telah habis. harap melakukan login kembali' }
[2026-07-15 14:44:25] WARNING - Fallback returned invalid JSON for http://localhost:5774/WebService/getSekolah: Syntax error - snippet: HTTP/1.0 403 Forbidden
Cache-Control: no-cache
Date:          Wed, 15 Jul 2026 14:44:25 GMT

{"success":false,"http_code":403,"status_code":"Forbidden","message":"Parameter NPSN harap diisi"}
[2026-07-15 14:44:26] INFO - Fallback to legacy endpoint succeeded: http://localhost:5774/WebService/getSekolah?npsn=20252031
[2026-07-15 14:44:26] INFO - Successfully fetched 1 records from getSekolah
[2026-07-15 14:45:24] ERROR - Invalid JSON from Dapodik: Syntax error - snippet: { 'success' : false, 'message': 'Session telah habis. harap melakukan login kembali' }
[2026-07-15 14:45:24] WARNING - Fallback returned invalid JSON for http://localhost:5774/WebService/getSekolah: Syntax error - snippet: HTTP/1.0 403 Forbidden
Cache-Control: no-cache
Date:          Wed, 15 Jul 2026 14:45:24 GMT

{"success":false,"http_code":403,"status_code":"Forbidden","message":"Parameter NPSN harap diisi"}
[2026-07-15 14:45:25] INFO - Fallback to legacy endpoint succeeded: http://localhost:5774/WebService/getSekolah?npsn=20252031
[2026-07-15 14:45:25] INFO - Successfully fetched 1 records from getSekolah
[2026-07-15 14:45:25] ERROR - Invalid JSON from Dapodik: Syntax error - snippet: { 'success' : false, 'message': 'Session telah habis. harap melakukan login kembali' }
[2026-07-15 14:45:25] WARNING - Fallback returned invalid JSON for http://localhost:5774/WebService/getSekolah: Syntax error - snippet: HTTP/1.0 403 Forbidden
Cache-Control: no-cache
Date:          Wed, 15 Jul 2026 14:45:25 GMT

{"success":false,"http_code":403,"status_code":"Forbidden","message":"Parameter NPSN harap diisi"}
[2026-07-15 14:45:26] INFO - Fallback to legacy endpoint succeeded: http://localhost:5774/WebService/getSekolah?npsn=20252031
[2026-07-15 14:45:26] INFO - Successfully fetched 1 records from getSekolah
[2026-07-15 14:46:24] ERROR - Invalid JSON from Dapodik: Syntax error - snippet: { 'success' : false, 'message': 'Session telah habis. harap melakukan login kembali' }
[2026-07-15 14:46:24] WARNING - Fallback returned invalid JSON for http://localhost:5774/WebService/getSekolah: Syntax error - snippet: HTTP/1.0 403 Forbidden
Cache-Control: no-cache
Date:          Wed, 15 Jul 2026 14:46:24 GMT

{"success":false,"http_code":403,"status_code":"Forbidden","message":"Parameter NPSN harap diisi"}
[2026-07-15 14:46:25] INFO - Fallback to legacy endpoint succeeded: http://localhost:5774/WebService/getSekolah?npsn=20252031
[2026-07-15 14:46:25] INFO - Successfully fetched 1 records from getSekolah
[2026-07-15 14:46:25] ERROR - Invalid JSON from Dapodik: Syntax error - snippet: { 'success' : false, 'message': 'Session telah habis. harap melakukan login kembali' }
[2026-07-15 14:46:25] WARNING - Fallback returned invalid JSON for http://localhost:5774/WebService/getSekolah: Syntax error - snippet: HTTP/1.0 403 Forbidden
Cache-Control: no-cache
Date:          Wed, 15 Jul 2026 14:46:25 GMT

{"success":false,"http_code":403,"status_code":"Forbidden","message":"Parameter NPSN harap diisi"}
[2026-07-15 14:46:26] INFO - Fallback to legacy endpoint succeeded: http://localhost:5774/WebService/getSekolah?npsn=20252031
[2026-07-15 14:46:26] INFO - Successfully fetched 1 records from getSekolah
[2026-07-15 14:47:24] ERROR - Invalid JSON from Dapodik: Syntax error - snippet: { 'success' : false, 'message': 'Session telah habis. harap melakukan login kembali' }
[2026-07-15 14:47:24] WARNING - Fallback returned invalid JSON for http://localhost:5774/WebService/getSekolah: Syntax error - snippet: HTTP/1.0 403 Forbidden
Cache-Control: no-cache
Date:          Wed, 15 Jul 2026 14:47:24 GMT

{"success":false,"http_code":403,"status_code":"Forbidden","message":"Parameter NPSN harap diisi"}
[2026-07-15 14:47:25] INFO - Fallback to legacy endpoint succeeded: http://localhost:5774/WebService/getSekolah?npsn=20252031
[2026-07-15 14:47:25] INFO - Successfully fetched 1 records from getSekolah
[2026-07-15 14:47:25] ERROR - Invalid JSON from Dapodik: Syntax error - snippet: { 'success' : false, 'message': 'Session telah habis. harap melakukan login kembali' }
[2026-07-15 14:47:25] WARNING - Fallback returned invalid JSON for http://localhost:5774/WebService/getSekolah: Syntax error - snippet: HTTP/1.0 403 Forbidden
Cache-Control: no-cache
Date:          Wed, 15 Jul 2026 14:47:25 GMT

{"success":false,"http_code":403,"status_code":"Forbidden","message":"Parameter NPSN harap diisi"}
[2026-07-15 14:47:26] INFO - Fallback to legacy endpoint succeeded: http://localhost:5774/WebService/getSekolah?npsn=20252031
[2026-07-15 14:47:26] INFO - Successfully fetched 1 records from getSekolah
[2026-07-15 14:48:24] ERROR - Invalid JSON from Dapodik: Syntax error - snippet: { 'success' : false, 'message': 'Session telah habis. harap melakukan login kembali' }
[2026-07-15 14:48:24] WARNING - Fallback returned invalid JSON for http://localhost:5774/WebService/getSekolah: Syntax error - snippet: HTTP/1.0 403 Forbidden
Cache-Control: no-cache
Date:          Wed, 15 Jul 2026 14:48:24 GMT

{"success":false,"http_code":403,"status_code":"Forbidden","message":"Parameter NPSN harap diisi"}
[2026-07-15 14:48:25] INFO - Fallback to legacy endpoint succeeded: http://localhost:5774/WebService/getSekolah?npsn=20252031
[2026-07-15 14:48:25] INFO - Successfully fetched 1 records from getSekolah
[2026-07-15 14:48:25] ERROR - Invalid JSON from Dapodik: Syntax error - snippet: { 'success' : false, 'message': 'Session telah habis. harap melakukan login kembali' }
[2026-07-15 14:48:25] WARNING - Fallback returned invalid JSON for http://localhost:5774/WebService/getSekolah: Syntax error - snippet: HTTP/1.0 403 Forbidden
Cache-Control: no-cache
Date:          Wed, 15 Jul 2026 14:48:25 GMT

{"success":false,"http_code":403,"status_code":"Forbidden","message":"Parameter NPSN harap diisi"}
[2026-07-15 14:48:26] INFO - Fallback to legacy endpoint succeeded: http://localhost:5774/WebService/getSekolah?npsn=20252031
[2026-07-15 14:48:26] INFO - Successfully fetched 1 records from getSekolah
[2026-07-15 14:49:24] ERROR - Invalid JSON from Dapodik: Syntax error - snippet: { 'success' : false, 'message': 'Session telah habis. harap melakukan login kembali' }
[2026-07-15 14:49:24] WARNING - Fallback returned invalid JSON for http://localhost:5774/WebService/getSekolah: Syntax error - snippet: HTTP/1.0 403 Forbidden
Cache-Control: no-cache
Date:          Wed, 15 Jul 2026 14:49:24 GMT

{"success":false,"http_code":403,"status_code":"Forbidden","message":"Parameter NPSN harap diisi"}
[2026-07-15 14:49:25] INFO - Fallback to legacy endpoint succeeded: http://localhost:5774/WebService/getSekolah?npsn=20252031
[2026-07-15 14:49:25] INFO - Successfully fetched 1 records from getSekolah
[2026-07-15 14:49:25] ERROR - Invalid JSON from Dapodik: Syntax error - snippet: { 'success' : false, 'message': 'Session telah habis. harap melakukan login kembali' }
[2026-07-15 14:49:25] WARNING - Fallback returned invalid JSON for http://localhost:5774/WebService/getSekolah: Syntax error - snippet: HTTP/1.0 403 Forbidden
Cache-Control: no-cache
Date:          Wed, 15 Jul 2026 14:49:25 GMT

{"success":false,"http_code":403,"status_code":"Forbidden","message":"Parameter NPSN harap diisi"}
[2026-07-15 14:49:26] INFO - Fallback to legacy endpoint succeeded: http://localhost:5774/WebService/getSekolah?npsn=20252031
[2026-07-15 14:49:26] INFO - Successfully fetched 1 records from getSekolah
[2026-07-15 14:50:24] ERROR - Invalid JSON from Dapodik: Syntax error - snippet: { 'success' : false, 'message': 'Session telah habis. harap melakukan login kembali' }
[2026-07-15 14:50:24] WARNING - Fallback returned invalid JSON for http://localhost:5774/WebService/getSekolah: Syntax error - snippet: HTTP/1.0 403 Forbidden
Cache-Control: no-cache
Date:          Wed, 15 Jul 2026 14:50:24 GMT

{"success":false,"http_code":403,"status_code":"Forbidden","message":"Parameter NPSN harap diisi"}
[2026-07-15 14:50:25] INFO - Fallback to legacy endpoint succeeded: http://localhost:5774/WebService/getSekolah?npsn=20252031
[2026-07-15 14:50:25] INFO - Successfully fetched 1 records from getSekolah
[2026-07-15 14:50:25] ERROR - Invalid JSON from Dapodik: Syntax error - snippet: { 'success' : false, 'message': 'Session telah habis. harap melakukan login kembali' }
[2026-07-15 14:50:25] WARNING - Fallback returned invalid JSON for http://localhost:5774/WebService/getSekolah: Syntax error - snippet: HTTP/1.0 403 Forbidden
Cache-Control: no-cache
Date:          Wed, 15 Jul 2026 14:50:25 GMT

{"success":false,"http_code":403,"status_code":"Forbidden","message":"Parameter NPSN harap diisi"}
[2026-07-15 14:50:26] INFO - Fallback to legacy endpoint succeeded: http://localhost:5774/WebService/getSekolah?npsn=20252031
[2026-07-15 14:50:26] INFO - Successfully fetched 1 records from getSekolah
[2026-07-15 14:51:24] ERROR - Invalid JSON from Dapodik: Syntax error - snippet: { 'success' : false, 'message': 'Session telah habis. harap melakukan login kembali' }
[2026-07-15 14:51:24] WARNING - Fallback returned invalid JSON for http://localhost:5774/WebService/getSekolah: Syntax error - snippet: HTTP/1.0 403 Forbidden
Cache-Control: no-cache
Date:          Wed, 15 Jul 2026 14:51:24 GMT

{"success":false,"http_code":403,"status_code":"Forbidden","message":"Parameter NPSN harap diisi"}
[2026-07-15 14:51:25] INFO - Fallback to legacy endpoint succeeded: http://localhost:5774/WebService/getSekolah?npsn=20252031
[2026-07-15 14:51:25] INFO - Successfully fetched 1 records from getSekolah
[2026-07-15 14:51:25] ERROR - Invalid JSON from Dapodik: Syntax error - snippet: { 'success' : false, 'message': 'Session telah habis. harap melakukan login kembali' }
[2026-07-15 14:51:25] WARNING - Fallback returned invalid JSON for http://localhost:5774/WebService/getSekolah: Syntax error - snippet: HTTP/1.0 403 Forbidden
Cache-Control: no-cache
Date:          Wed, 15 Jul 2026 14:51:25 GMT

{"success":false,"http_code":403,"status_code":"Forbidden","message":"Parameter NPSN harap diisi"}
[2026-07-15 14:51:26] INFO - Fallback to legacy endpoint succeeded: http://localhost:5774/WebService/getSekolah?npsn=20252031
[2026-07-15 14:51:26] INFO - Successfully fetched 1 records from getSekolah
[2026-07-15 14:52:24] ERROR - Invalid JSON from Dapodik: Syntax error - snippet: { 'success' : false, 'message': 'Session telah habis. harap melakukan login kembali' }
[2026-07-15 14:52:24] WARNING - Fallback returned invalid JSON for http://localhost:5774/WebService/getSekolah: Syntax error - snippet: HTTP/1.0 403 Forbidden
Cache-Control: no-cache
Date:          Wed, 15 Jul 2026 14:52:24 GMT

{"success":false,"http_code":403,"status_code":"Forbidden","message":"Parameter NPSN harap diisi"}
[2026-07-15 14:52:25] INFO - Fallback to legacy endpoint succeeded: http://localhost:5774/WebService/getSekolah?npsn=20252031
[2026-07-15 14:52:25] INFO - Successfully fetched 1 records from getSekolah
[2026-07-15 14:52:25] ERROR - Invalid JSON from Dapodik: Syntax error - snippet: { 'success' : false, 'message': 'Session telah habis. harap melakukan login kembali' }
[2026-07-15 14:52:25] WARNING - Fallback returned invalid JSON for http://localhost:5774/WebService/getSekolah: Syntax error - snippet: HTTP/1.0 403 Forbidden
Cache-Control: no-cache
Date:          Wed, 15 Jul 2026 14:52:25 GMT

{"success":false,"http_code":403,"status_code":"Forbidden","message":"Parameter NPSN harap diisi"}
[2026-07-15 14:52:26] INFO - Fallback to legacy endpoint succeeded: http://localhost:5774/WebService/getSekolah?npsn=20252031
[2026-07-15 14:52:26] INFO - Successfully fetched 1 records from getSekolah
[2026-07-15 14:53:24] ERROR - Invalid JSON from Dapodik: Syntax error - snippet: { 'success' : false, 'message': 'Session telah habis. harap melakukan login kembali' }
[2026-07-15 14:53:24] WARNING - Fallback returned invalid JSON for http://localhost:5774/WebService/getSekolah: Syntax error - snippet: HTTP/1.0 403 Forbidden
Cache-Control: no-cache
Date:          Wed, 15 Jul 2026 14:53:24 GMT

{"success":false,"http_code":403,"status_code":"Forbidden","message":"Parameter NPSN harap diisi"}
[2026-07-15 14:53:25] INFO - Fallback to legacy endpoint succeeded: http://localhost:5774/WebService/getSekolah?npsn=20252031
[2026-07-15 14:53:25] INFO - Successfully fetched 1 records from getSekolah
[2026-07-15 14:53:25] ERROR - Invalid JSON from Dapodik: Syntax error - snippet: { 'success' : false, 'message': 'Session telah habis. harap melakukan login kembali' }
[2026-07-15 14:53:25] WARNING - Fallback returned invalid JSON for http://localhost:5774/WebService/getSekolah: Syntax error - snippet: HTTP/1.0 403 Forbidden
Cache-Control: no-cache
Date:          Wed, 15 Jul 2026 14:53:25 GMT

{"success":false,"http_code":403,"status_code":"Forbidden","message":"Parameter NPSN harap diisi"}
[2026-07-15 14:53:26] INFO - Fallback to legacy endpoint succeeded: http://localhost:5774/WebService/getSekolah?npsn=20252031
[2026-07-15 14:53:26] INFO - Successfully fetched 1 records from getSekolah
[2026-07-15 14:54:24] ERROR - Invalid JSON from Dapodik: Syntax error - snippet: { 'success' : false, 'message': 'Session telah habis. harap melakukan login kembali' }
[2026-07-15 14:54:24] WARNING - Fallback returned invalid JSON for http://localhost:5774/WebService/getSekolah: Syntax error - snippet: HTTP/1.0 403 Forbidden
Cache-Control: no-cache
Date:          Wed, 15 Jul 2026 14:54:24 GMT

{"success":false,"http_code":403,"status_code":"Forbidden","message":"Parameter NPSN harap diisi"}
[2026-07-15 14:54:25] INFO - Fallback to legacy endpoint succeeded: http://localhost:5774/WebService/getSekolah?npsn=20252031
[2026-07-15 14:54:25] INFO - Successfully fetched 1 records from getSekolah
[2026-07-15 14:54:25] ERROR - Invalid JSON from Dapodik: Syntax error - snippet: { 'success' : false, 'message': 'Session telah habis. harap melakukan login kembali' }
[2026-07-15 14:54:25] WARNING - Fallback returned invalid JSON for http://localhost:5774/WebService/getSekolah: Syntax error - snippet: HTTP/1.0 403 Forbidden
Cache-Control: no-cache
Date:          Wed, 15 Jul 2026 14:54:25 GMT

{"success":false,"http_code":403,"status_code":"Forbidden","message":"Parameter NPSN harap diisi"}
[2026-07-15 14:54:26] INFO - Fallback to legacy endpoint succeeded: http://localhost:5774/WebService/getSekolah?npsn=20252031
[2026-07-15 14:54:26] INFO - Successfully fetched 1 records from getSekolah
[2026-07-15 14:55:24] ERROR - Invalid JSON from Dapodik: Syntax error - snippet: { 'success' : false, 'message': 'Session telah habis. harap melakukan login kembali' }
[2026-07-15 14:55:24] WARNING - Fallback returned invalid JSON for http://localhost:5774/WebService/getSekolah: Syntax error - snippet: HTTP/1.0 403 Forbidden
Cache-Control: no-cache
Date:          Wed, 15 Jul 2026 14:55:24 GMT

{"success":false,"http_code":403,"status_code":"Forbidden","message":"Parameter NPSN harap diisi"}
[2026-07-15 14:55:25] INFO - Fallback to legacy endpoint succeeded: http://localhost:5774/WebService/getSekolah?npsn=20252031
[2026-07-15 14:55:25] INFO - Successfully fetched 1 records from getSekolah
[2026-07-15 14:55:25] ERROR - Invalid JSON from Dapodik: Syntax error - snippet: { 'success' : false, 'message': 'Session telah habis. harap melakukan login kembali' }
[2026-07-15 14:55:25] WARNING - Fallback returned invalid JSON for http://localhost:5774/WebService/getSekolah: Syntax error - snippet: HTTP/1.0 403 Forbidden
Cache-Control: no-cache
Date:          Wed, 15 Jul 2026 14:55:25 GMT

{"success":false,"http_code":403,"status_code":"Forbidden","message":"Parameter NPSN harap diisi"}
[2026-07-15 14:55:26] INFO - Fallback to legacy endpoint succeeded: http://localhost:5774/WebService/getSekolah?npsn=20252031
[2026-07-15 14:55:26] INFO - Successfully fetched 1 records from getSekolah
[2026-07-15 14:56:24] ERROR - Invalid JSON from Dapodik: Syntax error - snippet: { 'success' : false, 'message': 'Session telah habis. harap melakukan login kembali' }
[2026-07-15 14:56:24] WARNING - Fallback returned invalid JSON for http://localhost:5774/WebService/getSekolah: Syntax error - snippet: HTTP/1.0 403 Forbidden
Cache-Control: no-cache
Date:          Wed, 15 Jul 2026 14:56:24 GMT

{"success":false,"http_code":403,"status_code":"Forbidden","message":"Parameter NPSN harap diisi"}
[2026-07-15 14:56:25] INFO - Fallback to legacy endpoint succeeded: http://localhost:5774/WebService/getSekolah?npsn=20252031
[2026-07-15 14:56:25] INFO - Successfully fetched 1 records from getSekolah
[2026-07-15 14:56:25] ERROR - Invalid JSON from Dapodik: Syntax error - snippet: { 'success' : false, 'message': 'Session telah habis. harap melakukan login kembali' }
[2026-07-15 14:56:25] WARNING - Fallback returned invalid JSON for http://localhost:5774/WebService/getSekolah: Syntax error - snippet: HTTP/1.0 403 Forbidden
Cache-Control: no-cache
Date:          Wed, 15 Jul 2026 14:56:25 GMT

{"success":false,"http_code":403,"status_code":"Forbidden","message":"Parameter NPSN harap diisi"}
[2026-07-15 14:56:26] INFO - Fallback to legacy endpoint succeeded: http://localhost:5774/WebService/getSekolah?npsn=20252031
[2026-07-15 14:56:26] INFO - Successfully fetched 1 records from getSekolah
[2026-07-15 14:57:24] ERROR - Invalid JSON from Dapodik: Syntax error - snippet: { 'success' : false, 'message': 'Session telah habis. harap melakukan login kembali' }
[2026-07-15 14:57:24] WARNING - Fallback returned invalid JSON for http://localhost:5774/WebService/getSekolah: Syntax error - snippet: HTTP/1.0 403 Forbidden
Cache-Control: no-cache
Date:          Wed, 15 Jul 2026 14:57:24 GMT

{"success":false,"http_code":403,"status_code":"Forbidden","message":"Parameter NPSN harap diisi"}
[2026-07-15 14:57:25] INFO - Fallback to legacy endpoint succeeded: http://localhost:5774/WebService/getSekolah?npsn=20252031
[2026-07-15 14:57:25] INFO - Successfully fetched 1 records from getSekolah
[2026-07-15 14:57:25] ERROR - Invalid JSON from Dapodik: Syntax error - snippet: { 'success' : false, 'message': 'Session telah habis. harap melakukan login kembali' }
[2026-07-15 14:57:25] WARNING - Fallback returned invalid JSON for http://localhost:5774/WebService/getSekolah: Syntax error - snippet: HTTP/1.0 403 Forbidden
Cache-Control: no-cache
Date:          Wed, 15 Jul 2026 14:57:25 GMT

{"success":false,"http_code":403,"status_code":"Forbidden","message":"Parameter NPSN harap diisi"}
[2026-07-15 14:57:26] INFO - Fallback to legacy endpoint succeeded: http://localhost:5774/WebService/getSekolah?npsn=20252031
[2026-07-15 14:57:26] INFO - Successfully fetched 1 records from getSekolah
[2026-07-15 14:58:24] ERROR - Invalid JSON from Dapodik: Syntax error - snippet: { 'success' : false, 'message': 'Session telah habis. harap melakukan login kembali' }
[2026-07-15 14:58:24] WARNING - Fallback returned invalid JSON for http://localhost:5774/WebService/getSekolah: Syntax error - snippet: HTTP/1.0 403 Forbidden
Cache-Control: no-cache
Date:          Wed, 15 Jul 2026 14:58:24 GMT

{"success":false,"http_code":403,"status_code":"Forbidden","message":"Parameter NPSN harap diisi"}
[2026-07-15 14:58:25] INFO - Fallback to legacy endpoint succeeded: http://localhost:5774/WebService/getSekolah?npsn=20252031
[2026-07-15 14:58:25] INFO - Successfully fetched 1 records from getSekolah
[2026-07-15 14:58:25] ERROR - Invalid JSON from Dapodik: Syntax error - snippet: { 'success' : false, 'message': 'Session telah habis. harap melakukan login kembali' }
[2026-07-15 14:58:25] WARNING - Fallback returned invalid JSON for http://localhost:5774/WebService/getSekolah: Syntax error - snippet: HTTP/1.0 403 Forbidden
Cache-Control: no-cache
Date:          Wed, 15 Jul 2026 14:58:25 GMT

{"success":false,"http_code":403,"status_code":"Forbidden","message":"Parameter NPSN harap diisi"}
[2026-07-15 14:58:26] INFO - Fallback to legacy endpoint succeeded: http://localhost:5774/WebService/getSekolah?npsn=20252031
[2026-07-15 14:58:26] INFO - Successfully fetched 1 records from getSekolah
[2026-07-15 14:59:24] ERROR - Invalid JSON from Dapodik: Syntax error - snippet: { 'success' : false, 'message': 'Session telah habis. harap melakukan login kembali' }
[2026-07-15 14:59:24] WARNING - Fallback returned invalid JSON for http://localhost:5774/WebService/getSekolah: Syntax error - snippet: HTTP/1.0 403 Forbidden
Cache-Control: no-cache
Date:          Wed, 15 Jul 2026 14:59:24 GMT

{"success":false,"http_code":403,"status_code":"Forbidden","message":"Parameter NPSN harap diisi"}
[2026-07-15 14:59:25] INFO - Fallback to legacy endpoint succeeded: http://localhost:5774/WebService/getSekolah?npsn=20252031
[2026-07-15 14:59:25] INFO - Successfully fetched 1 records from getSekolah
[2026-07-15 14:59:25] ERROR - Invalid JSON from Dapodik: Syntax error - snippet: { 'success' : false, 'message': 'Session telah habis. harap melakukan login kembali' }
[2026-07-15 14:59:25] WARNING - Fallback returned invalid JSON for http://localhost:5774/WebService/getSekolah: Syntax error - snippet: HTTP/1.0 403 Forbidden
Cache-Control: no-cache
Date:          Wed, 15 Jul 2026 14:59:25 GMT

{"success":false,"http_code":403,"status_code":"Forbidden","message":"Parameter NPSN harap diisi"}
[2026-07-15 14:59:26] INFO - Fallback to legacy endpoint succeeded: http://localhost:5774/WebService/getSekolah?npsn=20252031
[2026-07-15 14:59:26] INFO - Successfully fetched 1 records from getSekolah
[2026-07-15 15:00:07] ERROR - Invalid JSON from Dapodik: Syntax error - snippet: { 'success' : false, 'message': 'Session telah habis. harap melakukan login kembali' }
[2026-07-15 15:00:08] WARNING - Fallback returned invalid JSON for http://localhost:5774/WebService/getSekolah: Syntax error - snippet: HTTP/1.0 403 Forbidden
Cache-Control: no-cache
Date:          Wed, 15 Jul 2026 15:00:08 GMT

{"success":false,"http_code":403,"status_code":"Forbidden","message":"Parameter NPSN harap diisi"}
[2026-07-15 15:00:08] INFO - Fallback to legacy endpoint succeeded: http://localhost:5774/WebService/getSekolah?npsn=20252031
[2026-07-15 15:00:08] INFO - Successfully fetched 1 records from getSekolah
[2026-07-15 15:00:08] ERROR - Invalid JSON from Dapodik: Syntax error - snippet: { 'success' : false, 'message': 'Session telah habis. harap melakukan login kembali' }
[2026-07-15 15:00:09] WARNING - Fallback returned invalid JSON for http://localhost:5774/WebService/getSekolah: Syntax error - snippet: HTTP/1.0 403 Forbidden
Cache-Control: no-cache
Date:          Wed, 15 Jul 2026 15:00:09 GMT

{"success":false,"http_code":403,"status_code":"Forbidden","message":"Parameter NPSN harap diisi"}
[2026-07-15 15:00:09] INFO - Fallback to legacy endpoint succeeded: http://localhost:5774/WebService/getSekolah?npsn=20252031
[2026-07-15 15:00:09] INFO - Successfully fetched 1 records from getSekolah
[2026-07-15 15:00:30] ERROR - Invalid JSON from Dapodik: Syntax error - snippet: { 'success' : false, 'message': 'Session telah habis. harap melakukan login kembali' }
[2026-07-15 15:00:30] WARNING - Fallback returned invalid JSON for http://localhost:5774/WebService/getSekolah: Syntax error - snippet: HTTP/1.0 403 Forbidden
Cache-Control: no-cache
Date:          Wed, 15 Jul 2026 15:00:30 GMT

{"success":false,"http_code":403,"status_code":"Forbidden","message":"Parameter NPSN harap diisi"}
[2026-07-15 15:00:31] INFO - Fallback to legacy endpoint succeeded: http://localhost:5774/WebService/getSekolah?npsn=20252031
[2026-07-15 15:00:31] INFO - Successfully fetched 1 records from getSekolah
[2026-07-15 15:00:31] ERROR - Invalid JSON from Dapodik: Syntax error - snippet: { 'success' : false, 'message': 'Session telah habis. harap melakukan login kembali' }
[2026-07-15 15:00:31] WARNING - Fallback returned invalid JSON for http://localhost:5774/WebService/getSekolah: Syntax error - snippet: HTTP/1.0 403 Forbidden
Cache-Control: no-cache
Date:          Wed, 15 Jul 2026 15:00:31 GMT

{"success":false,"http_code":403,"status_code":"Forbidden","message":"Parameter NPSN harap diisi"}
[2026-07-15 15:00:32] INFO - Fallback to legacy endpoint succeeded: http://localhost:5774/WebService/getSekolah?npsn=20252031
[2026-07-15 15:00:32] INFO - Successfully fetched 1 records from getSekolah
[2026-07-15 15:01:00] ERROR - Invalid JSON from Dapodik: Syntax error - snippet: { 'success' : false, 'message': 'Session telah habis. harap melakukan login kembali' }
[2026-07-15 15:01:00] WARNING - Fallback returned invalid JSON for http://localhost:5774/WebService/getSekolah: Syntax error - snippet: HTTP/1.0 403 Forbidden
Cache-Control: no-cache
Date:          Wed, 15 Jul 2026 15:01:00 GMT

{"success":false,"http_code":403,"status_code":"Forbidden","message":"Parameter NPSN harap diisi"}
[2026-07-15 15:01:01] INFO - Fallback to legacy endpoint succeeded: http://localhost:5774/WebService/getSekolah?npsn=20252031
[2026-07-15 15:01:01] INFO - Successfully fetched 1 records from getSekolah
[2026-07-15 15:01:01] ERROR - Invalid JSON from Dapodik: Syntax error - snippet: { 'success' : false, 'message': 'Session telah habis. harap melakukan login kembali' }
[2026-07-15 15:01:01] WARNING - Fallback returned invalid JSON for http://localhost:5774/WebService/getSekolah: Syntax error - snippet: HTTP/1.0 403 Forbidden
Cache-Control: no-cache
Date:          Wed, 15 Jul 2026 15:01:01 GMT

{"success":false,"http_code":403,"status_code":"Forbidden","message":"Parameter NPSN harap diisi"}
[2026-07-15 15:01:02] INFO - Fallback to legacy endpoint succeeded: http://localhost:5774/WebService/getSekolah?npsn=20252031
[2026-07-15 15:01:02] INFO - Successfully fetched 1 records from getSekolah
[2026-07-15 15:02:24] ERROR - Invalid JSON from Dapodik: Syntax error - snippet: { 'success' : false, 'message': 'Session telah habis. harap melakukan login kembali' }
[2026-07-15 15:02:24] WARNING - Fallback returned invalid JSON for http://localhost:5774/WebService/getSekolah: Syntax error - snippet: HTTP/1.0 403 Forbidden
Cache-Control: no-cache
Date:          Wed, 15 Jul 2026 15:02:24 GMT

{"success":false,"http_code":403,"status_code":"Forbidden","message":"Parameter NPSN harap diisi"}
[2026-07-15 15:02:25] INFO - Fallback to legacy endpoint succeeded: http://localhost:5774/WebService/getSekolah?npsn=20252031
[2026-07-15 15:02:25] INFO - Successfully fetched 1 records from getSekolah
[2026-07-15 15:02:25] ERROR - Invalid JSON from Dapodik: Syntax error - snippet: { 'success' : false, 'message': 'Session telah habis. harap melakukan login kembali' }
[2026-07-15 15:02:25] WARNING - Fallback returned invalid JSON for http://localhost:5774/WebService/getSekolah: Syntax error - snippet: HTTP/1.0 403 Forbidden
Cache-Control: no-cache
Date:          Wed, 15 Jul 2026 15:02:25 GMT

{"success":false,"http_code":403,"status_code":"Forbidden","message":"Parameter NPSN harap diisi"}
[2026-07-15 15:02:26] INFO - Fallback to legacy endpoint succeeded: http://localhost:5774/WebService/getSekolah?npsn=20252031
[2026-07-15 15:02:26] INFO - Successfully fetched 1 records from getSekolah
[2026-07-15 15:03:24] ERROR - Invalid JSON from Dapodik: Syntax error - snippet: { 'success' : false, 'message': 'Session telah habis. harap melakukan login kembali' }
[2026-07-15 15:03:24] WARNING - Fallback returned invalid JSON for http://localhost:5774/WebService/getSekolah: Syntax error - snippet: HTTP/1.0 403 Forbidden
Cache-Control: no-cache
Date:          Wed, 15 Jul 2026 15:03:24 GMT

{"success":false,"http_code":403,"status_code":"Forbidden","message":"Parameter NPSN harap diisi"}
[2026-07-15 15:03:25] INFO - Fallback to legacy endpoint succeeded: http://localhost:5774/WebService/getSekolah?npsn=20252031
[2026-07-15 15:03:25] INFO - Successfully fetched 1 records from getSekolah
[2026-07-15 15:03:25] ERROR - Invalid JSON from Dapodik: Syntax error - snippet: { 'success' : false, 'message': 'Session telah habis. harap melakukan login kembali' }
[2026-07-15 15:03:26] WARNING - Fallback returned invalid JSON for http://localhost:5774/WebService/getSekolah: Syntax error - snippet: HTTP/1.0 403 Forbidden
Cache-Control: no-cache
Date:          Wed, 15 Jul 2026 15:03:26 GMT

{"success":false,"http_code":403,"status_code":"Forbidden","message":"Parameter NPSN harap diisi"}
[2026-07-15 15:03:26] INFO - Fallback to legacy endpoint succeeded: http://localhost:5774/WebService/getSekolah?npsn=20252031
[2026-07-15 15:03:26] INFO - Successfully fetched 1 records from getSekolah
[2026-07-15 15:04:24] ERROR - Invalid JSON from Dapodik: Syntax error - snippet: { 'success' : false, 'message': 'Session telah habis. harap melakukan login kembali' }
[2026-07-15 15:04:24] WARNING - Fallback returned invalid JSON for http://localhost:5774/WebService/getSekolah: Syntax error - snippet: HTTP/1.0 403 Forbidden
Cache-Control: no-cache
Date:          Wed, 15 Jul 2026 15:04:24 GMT

{"success":false,"http_code":403,"status_code":"Forbidden","message":"Parameter NPSN harap diisi"}
[2026-07-15 15:04:25] INFO - Fallback to legacy endpoint succeeded: http://localhost:5774/WebService/getSekolah?npsn=20252031
[2026-07-15 15:04:25] INFO - Successfully fetched 1 records from getSekolah
[2026-07-15 15:04:25] ERROR - Invalid JSON from Dapodik: Syntax error - snippet: { 'success' : false, 'message': 'Session telah habis. harap melakukan login kembali' }
[2026-07-15 15:04:25] WARNING - Fallback returned invalid JSON for http://localhost:5774/WebService/getSekolah: Syntax error - snippet: HTTP/1.0 403 Forbidden
Cache-Control: no-cache
Date:          Wed, 15 Jul 2026 15:04:25 GMT

{"success":false,"http_code":403,"status_code":"Forbidden","message":"Parameter NPSN harap diisi"}
[2026-07-15 15:04:26] INFO - Fallback to legacy endpoint succeeded: http://localhost:5774/WebService/getSekolah?npsn=20252031
[2026-07-15 15:04:26] INFO - Successfully fetched 1 records from getSekolah
[2026-07-15 15:05:24] ERROR - Invalid JSON from Dapodik: Syntax error - snippet: { 'success' : false, 'message': 'Session telah habis. harap melakukan login kembali' }
[2026-07-15 15:05:24] WARNING - Fallback returned invalid JSON for http://localhost:5774/WebService/getSekolah: Syntax error - snippet: HTTP/1.0 403 Forbidden
Cache-Control: no-cache
Date:          Wed, 15 Jul 2026 15:05:24 GMT

{"success":false,"http_code":403,"status_code":"Forbidden","message":"Parameter NPSN harap diisi"}
[2026-07-15 15:05:25] INFO - Fallback to legacy endpoint succeeded: http://localhost:5774/WebService/getSekolah?npsn=20252031
[2026-07-15 15:05:25] INFO - Successfully fetched 1 records from getSekolah
[2026-07-15 15:05:25] ERROR - Invalid JSON from Dapodik: Syntax error - snippet: { 'success' : false, 'message': 'Session telah habis. harap melakukan login kembali' }
[2026-07-15 15:05:25] WARNING - Fallback returned invalid JSON for http://localhost:5774/WebService/getSekolah: Syntax error - snippet: HTTP/1.0 403 Forbidden
Cache-Control: no-cache
Date:          Wed, 15 Jul 2026 15:05:25 GMT

{"success":false,"http_code":403,"status_code":"Forbidden","message":"Parameter NPSN harap diisi"}
[2026-07-15 15:05:26] INFO - Fallback to legacy endpoint succeeded: http://localhost:5774/WebService/getSekolah?npsn=20252031
[2026-07-15 15:05:26] INFO - Successfully fetched 1 records from getSekolah
[2026-07-15 15:06:24] ERROR - Invalid JSON from Dapodik: Syntax error - snippet: { 'success' : false, 'message': 'Session telah habis. harap melakukan login kembali' }
[2026-07-15 15:06:24] WARNING - Fallback returned invalid JSON for http://localhost:5774/WebService/getSekolah: Syntax error - snippet: HTTP/1.0 403 Forbidden
Cache-Control: no-cache
Date:          Wed, 15 Jul 2026 15:06:24 GMT

{"success":false,"http_code":403,"status_code":"Forbidden","message":"Parameter NPSN harap diisi"}
[2026-07-15 15:06:25] INFO - Fallback to legacy endpoint succeeded: http://localhost:5774/WebService/getSekolah?npsn=20252031
[2026-07-15 15:06:25] INFO - Successfully fetched 1 records from getSekolah
[2026-07-15 15:06:25] ERROR - Invalid JSON from Dapodik: Syntax error - snippet: { 'success' : false, 'message': 'Session telah habis. harap melakukan login kembali' }
[2026-07-15 15:06:25] WARNING - Fallback returned invalid JSON for http://localhost:5774/WebService/getSekolah: Syntax error - snippet: HTTP/1.0 403 Forbidden
Cache-Control: no-cache
Date:          Wed, 15 Jul 2026 15:06:25 GMT

{"success":false,"http_code":403,"status_code":"Forbidden","message":"Parameter NPSN harap diisi"}
[2026-07-15 15:06:26] INFO - Fallback to legacy endpoint succeeded: http://localhost:5774/WebService/getSekolah?npsn=20252031
[2026-07-15 15:06:26] INFO - Successfully fetched 1 records from getSekolah
[2026-07-15 15:07:24] ERROR - Invalid JSON from Dapodik: Syntax error - snippet: { 'success' : false, 'message': 'Session telah habis. harap melakukan login kembali' }
[2026-07-15 15:07:24] WARNING - Fallback returned invalid JSON for http://localhost:5774/WebService/getSekolah: Syntax error - snippet: HTTP/1.0 403 Forbidden
Cache-Control: no-cache
Date:          Wed, 15 Jul 2026 15:07:24 GMT

{"success":false,"http_code":403,"status_code":"Forbidden","message":"Parameter NPSN harap diisi"}
[2026-07-15 15:07:25] INFO - Fallback to legacy endpoint succeeded: http://localhost:5774/WebService/getSekolah?npsn=20252031
[2026-07-15 15:07:25] INFO - Successfully fetched 1 records from getSekolah
[2026-07-15 15:07:26] ERROR - Invalid JSON from Dapodik: Syntax error - snippet: { 'success' : false, 'message': 'Session telah habis. harap melakukan login kembali' }
[2026-07-15 15:07:26] WARNING - Fallback returned invalid JSON for http://localhost:5774/WebService/getSekolah: Syntax error - snippet: HTTP/1.0 403 Forbidden
Cache-Control: no-cache
Date:          Wed, 15 Jul 2026 15:07:26 GMT

{"success":false,"http_code":403,"status_code":"Forbidden","message":"Parameter NPSN harap diisi"}
[2026-07-15 15:07:26] INFO - Fallback to legacy endpoint succeeded: http://localhost:5774/WebService/getSekolah?npsn=20252031
[2026-07-15 15:07:26] INFO - Successfully fetched 1 records from getSekolah
[2026-07-15 15:08:24] ERROR - Invalid JSON from Dapodik: Syntax error - snippet: { 'success' : false, 'message': 'Session telah habis. harap melakukan login kembali' }
[2026-07-15 15:08:24] WARNING - Fallback returned invalid JSON for http://localhost:5774/WebService/getSekolah: Syntax error - snippet: HTTP/1.0 403 Forbidden
Cache-Control: no-cache
Date:          Wed, 15 Jul 2026 15:08:24 GMT

{"success":false,"http_code":403,"status_code":"Forbidden","message":"Parameter NPSN harap diisi"}
[2026-07-15 15:08:25] INFO - Fallback to legacy endpoint succeeded: http://localhost:5774/WebService/getSekolah?npsn=20252031
[2026-07-15 15:08:25] INFO - Successfully fetched 1 records from getSekolah
[2026-07-15 15:08:25] ERROR - Invalid JSON from Dapodik: Syntax error - snippet: { 'success' : false, 'message': 'Session telah habis. harap melakukan login kembali' }
[2026-07-15 15:08:25] WARNING - Fallback returned invalid JSON for http://localhost:5774/WebService/getSekolah: Syntax error - snippet: HTTP/1.0 403 Forbidden
Cache-Control: no-cache
Date:          Wed, 15 Jul 2026 15:08:25 GMT

{"success":false,"http_code":403,"status_code":"Forbidden","message":"Parameter NPSN harap diisi"}
[2026-07-15 15:08:26] INFO - Fallback to legacy endpoint succeeded: http://localhost:5774/WebService/getSekolah?npsn=20252031
[2026-07-15 15:08:26] INFO - Successfully fetched 1 records from getSekolah
[2026-07-15 15:09:24] ERROR - Invalid JSON from Dapodik: Syntax error - snippet: { 'success' : false, 'message': 'Session telah habis. harap melakukan login kembali' }
[2026-07-15 15:09:24] WARNING - Fallback returned invalid JSON for http://localhost:5774/WebService/getSekolah: Syntax error - snippet: HTTP/1.0 403 Forbidden
Cache-Control: no-cache
Date:          Wed, 15 Jul 2026 15:09:24 GMT

{"success":false,"http_code":403,"status_code":"Forbidden","message":"Parameter NPSN harap diisi"}
[2026-07-15 15:09:25] INFO - Fallback to legacy endpoint succeeded: http://localhost:5774/WebService/getSekolah?npsn=20252031
[2026-07-15 15:09:25] INFO - Successfully fetched 1 records from getSekolah
[2026-07-15 15:09:25] ERROR - Invalid JSON from Dapodik: Syntax error - snippet: { 'success' : false, 'message': 'Session telah habis. harap melakukan login kembali' }
[2026-07-15 15:09:25] WARNING - Fallback returned invalid JSON for http://localhost:5774/WebService/getSekolah: Syntax error - snippet: HTTP/1.0 403 Forbidden
Cache-Control: no-cache
Date:          Wed, 15 Jul 2026 15:09:25 GMT

{"success":false,"http_code":403,"status_code":"Forbidden","message":"Parameter NPSN harap diisi"}
[2026-07-15 15:09:26] INFO - Fallback to legacy endpoint succeeded: http://localhost:5774/WebService/getSekolah?npsn=20252031
[2026-07-15 15:09:26] INFO - Successfully fetched 1 records from getSekolah
[2026-07-15 15:10:24] ERROR - Invalid JSON from Dapodik: Syntax error - snippet: { 'success' : false, 'message': 'Session telah habis. harap melakukan login kembali' }
[2026-07-15 15:10:24] WARNING - Fallback returned invalid JSON for http://localhost:5774/WebService/getSekolah: Syntax error - snippet: HTTP/1.0 403 Forbidden
Cache-Control: no-cache
Date:          Wed, 15 Jul 2026 15:10:24 GMT

{"success":false,"http_code":403,"status_code":"Forbidden","message":"Parameter NPSN harap diisi"}
[2026-07-15 15:10:25] INFO - Fallback to legacy endpoint succeeded: http://localhost:5774/WebService/getSekolah?npsn=20252031
[2026-07-15 15:10:25] INFO - Successfully fetched 1 records from getSekolah
[2026-07-15 15:10:26] ERROR - Invalid JSON from Dapodik: Syntax error - snippet: { 'success' : false, 'message': 'Session telah habis. harap melakukan login kembali' }
[2026-07-15 15:10:26] WARNING - Fallback returned invalid JSON for http://localhost:5774/WebService/getSekolah: Syntax error - snippet: HTTP/1.0 403 Forbidden
Cache-Control: no-cache
Date:          Wed, 15 Jul 2026 15:10:26 GMT

{"success":false,"http_code":403,"status_code":"Forbidden","message":"Parameter NPSN harap diisi"}
[2026-07-15 15:10:26] INFO - Fallback to legacy endpoint succeeded: http://localhost:5774/WebService/getSekolah?npsn=20252031
[2026-07-15 15:10:26] INFO - Successfully fetched 1 records from getSekolah
[2026-07-15 15:11:24] ERROR - Invalid JSON from Dapodik: Syntax error - snippet: { 'success' : false, 'message': 'Session telah habis. harap melakukan login kembali' }
[2026-07-15 15:11:24] WARNING - Fallback returned invalid JSON for http://localhost:5774/WebService/getSekolah: Syntax error - snippet: HTTP/1.0 403 Forbidden
Cache-Control: no-cache
Date:          Wed, 15 Jul 2026 15:11:24 GMT

{"success":false,"http_code":403,"status_code":"Forbidden","message":"Parameter NPSN harap diisi"}
[2026-07-15 15:11:25] INFO - Fallback to legacy endpoint succeeded: http://localhost:5774/WebService/getSekolah?npsn=20252031
[2026-07-15 15:11:25] INFO - Successfully fetched 1 records from getSekolah
[2026-07-15 15:11:25] ERROR - Invalid JSON from Dapodik: Syntax error - snippet: { 'success' : false, 'message': 'Session telah habis. harap melakukan login kembali' }
[2026-07-15 15:11:25] WARNING - Fallback returned invalid JSON for http://localhost:5774/WebService/getSekolah: Syntax error - snippet: HTTP/1.0 403 Forbidden
Cache-Control: no-cache
Date:          Wed, 15 Jul 2026 15:11:25 GMT

{"success":false,"http_code":403,"status_code":"Forbidden","message":"Parameter NPSN harap diisi"}
[2026-07-15 15:11:26] INFO - Fallback to legacy endpoint succeeded: http://localhost:5774/WebService/getSekolah?npsn=20252031
[2026-07-15 15:11:26] INFO - Successfully fetched 1 records from getSekolah
[2026-07-15 15:12:24] ERROR - Invalid JSON from Dapodik: Syntax error - snippet: { 'success' : false, 'message': 'Session telah habis. harap melakukan login kembali' }
[2026-07-15 15:12:24] WARNING - Fallback returned invalid JSON for http://localhost:5774/WebService/getSekolah: Syntax error - snippet: HTTP/1.0 403 Forbidden
Cache-Control: no-cache
Date:          Wed, 15 Jul 2026 15:12:24 GMT

{"success":false,"http_code":403,"status_code":"Forbidden","message":"Parameter NPSN harap diisi"}
[2026-07-15 15:12:25] INFO - Fallback to legacy endpoint succeeded: http://localhost:5774/WebService/getSekolah?npsn=20252031
[2026-07-15 15:12:25] INFO - Successfully fetched 1 records from getSekolah
[2026-07-15 15:12:25] ERROR - Invalid JSON from Dapodik: Syntax error - snippet: { 'success' : false, 'message': 'Session telah habis. harap melakukan login kembali' }
[2026-07-15 15:12:25] WARNING - Fallback returned invalid JSON for http://localhost:5774/WebService/getSekolah: Syntax error - snippet: HTTP/1.0 403 Forbidden
Cache-Control: no-cache
Date:          Wed, 15 Jul 2026 15:12:25 GMT

{"success":false,"http_code":403,"status_code":"Forbidden","message":"Parameter NPSN harap diisi"}
[2026-07-15 15:12:26] INFO - Fallback to legacy endpoint succeeded: http://localhost:5774/WebService/getSekolah?npsn=20252031
[2026-07-15 15:12:26] INFO - Successfully fetched 1 records from getSekolah
[2026-07-15 15:13:24] ERROR - Invalid JSON from Dapodik: Syntax error - snippet: { 'success' : false, 'message': 'Session telah habis. harap melakukan login kembali' }
[2026-07-15 15:13:24] WARNING - Fallback returned invalid JSON for http://localhost:5774/WebService/getSekolah: Syntax error - snippet: HTTP/1.0 403 Forbidden
Cache-Control: no-cache
Date:          Wed, 15 Jul 2026 15:13:24 GMT

{"success":false,"http_code":403,"status_code":"Forbidden","message":"Parameter NPSN harap diisi"}
[2026-07-15 15:13:25] INFO - Fallback to legacy endpoint succeeded: http://localhost:5774/WebService/getSekolah?npsn=20252031
[2026-07-15 15:13:25] INFO - Successfully fetched 1 records from getSekolah
[2026-07-15 15:13:25] ERROR - Invalid JSON from Dapodik: Syntax error - snippet: { 'success' : false, 'message': 'Session telah habis. harap melakukan login kembali' }
[2026-07-15 15:13:25] WARNING - Fallback returned invalid JSON for http://localhost:5774/WebService/getSekolah: Syntax error - snippet: HTTP/1.0 403 Forbidden
Cache-Control: no-cache
Date:          Wed, 15 Jul 2026 15:13:25 GMT

{"success":false,"http_code":403,"status_code":"Forbidden","message":"Parameter NPSN harap diisi"}
[2026-07-15 15:13:26] INFO - Fallback to legacy endpoint succeeded: http://localhost:5774/WebService/getSekolah?npsn=20252031
[2026-07-15 15:13:26] INFO - Successfully fetched 1 records from getSekolah
[2026-07-15 15:14:24] ERROR - Invalid JSON from Dapodik: Syntax error - snippet: { 'success' : false, 'message': 'Session telah habis. harap melakukan login kembali' }
[2026-07-15 15:14:24] WARNING - Fallback returned invalid JSON for http://localhost:5774/WebService/getSekolah: Syntax error - snippet: HTTP/1.0 403 Forbidden
Cache-Control: no-cache
Date:          Wed, 15 Jul 2026 15:14:24 GMT

{"success":false,"http_code":403,"status_code":"Forbidden","message":"Parameter NPSN harap diisi"}
[2026-07-15 15:14:25] INFO - Fallback to legacy endpoint succeeded: http://localhost:5774/WebService/getSekolah?npsn=20252031
[2026-07-15 15:14:25] INFO - Successfully fetched 1 records from getSekolah
[2026-07-15 15:14:25] ERROR - Invalid JSON from Dapodik: Syntax error - snippet: { 'success' : false, 'message': 'Session telah habis. harap melakukan login kembali' }
[2026-07-15 15:14:25] WARNING - Fallback returned invalid JSON for http://localhost:5774/WebService/getSekolah: Syntax error - snippet: HTTP/1.0 403 Forbidden
Cache-Control: no-cache
Date:          Wed, 15 Jul 2026 15:14:25 GMT

{"success":false,"http_code":403,"status_code":"Forbidden","message":"Parameter NPSN harap diisi"}
[2026-07-15 15:14:26] INFO - Fallback to legacy endpoint succeeded: http://localhost:5774/WebService/getSekolah?npsn=20252031
[2026-07-15 15:14:26] INFO - Successfully fetched 1 records from getSekolah
[2026-07-15 15:15:24] ERROR - Invalid JSON from Dapodik: Syntax error - snippet: { 'success' : false, 'message': 'Session telah habis. harap melakukan login kembali' }
[2026-07-15 15:15:24] WARNING - Fallback returned invalid JSON for http://localhost:5774/WebService/getSekolah: Syntax error - snippet: HTTP/1.0 403 Forbidden
Cache-Control: no-cache
Date:          Wed, 15 Jul 2026 15:15:24 GMT

{"success":false,"http_code":403,"status_code":"Forbidden","message":"Parameter NPSN harap diisi"}
[2026-07-15 15:15:25] INFO - Fallback to legacy endpoint succeeded: http://localhost:5774/WebService/getSekolah?npsn=20252031
[2026-07-15 15:15:25] INFO - Successfully fetched 1 records from getSekolah
[2026-07-15 15:15:25] ERROR - Invalid JSON from Dapodik: Syntax error - snippet: { 'success' : false, 'message': 'Session telah habis. harap melakukan login kembali' }
[2026-07-15 15:15:25] WARNING - Fallback returned invalid JSON for http://localhost:5774/WebService/getSekolah: Syntax error - snippet: HTTP/1.0 403 Forbidden
Cache-Control: no-cache
Date:          Wed, 15 Jul 2026 15:15:25 GMT

{"success":false,"http_code":403,"status_code":"Forbidden","message":"Parameter NPSN harap diisi"}
[2026-07-15 15:15:26] INFO - Fallback to legacy endpoint succeeded: http://localhost:5774/WebService/getSekolah?npsn=20252031
[2026-07-15 15:15:26] INFO - Successfully fetched 1 records from getSekolah
[2026-07-15 15:16:24] ERROR - Invalid JSON from Dapodik: Syntax error - snippet: { 'success' : false, 'message': 'Session telah habis. harap melakukan login kembali' }
[2026-07-15 15:16:24] WARNING - Fallback returned invalid JSON for http://localhost:5774/WebService/getSekolah: Syntax error - snippet: HTTP/1.0 403 Forbidden
Cache-Control: no-cache
Date:          Wed, 15 Jul 2026 15:16:24 GMT

{"success":false,"http_code":403,"status_code":"Forbidden","message":"Parameter NPSN harap diisi"}
[2026-07-15 15:16:25] INFO - Fallback to legacy endpoint succeeded: http://localhost:5774/WebService/getSekolah?npsn=20252031
[2026-07-15 15:16:25] INFO - Successfully fetched 1 records from getSekolah
[2026-07-15 15:16:25] ERROR - Invalid JSON from Dapodik: Syntax error - snippet: { 'success' : false, 'message': 'Session telah habis. harap melakukan login kembali' }
[2026-07-15 15:16:25] WARNING - Fallback returned invalid JSON for http://localhost:5774/WebService/getSekolah: Syntax error - snippet: HTTP/1.0 403 Forbidden
Cache-Control: no-cache
Date:          Wed, 15 Jul 2026 15:16:25 GMT

{"success":false,"http_code":403,"status_code":"Forbidden","message":"Parameter NPSN harap diisi"}
[2026-07-15 15:16:26] INFO - Fallback to legacy endpoint succeeded: http://localhost:5774/WebService/getSekolah?npsn=20252031
[2026-07-15 15:16:26] INFO - Successfully fetched 1 records from getSekolah
[2026-07-15 15:17:24] ERROR - Invalid JSON from Dapodik: Syntax error - snippet: { 'success' : false, 'message': 'Session telah habis. harap melakukan login kembali' }
[2026-07-15 15:17:24] WARNING - Fallback returned invalid JSON for http://localhost:5774/WebService/getSekolah: Syntax error - snippet: HTTP/1.0 403 Forbidden
Cache-Control: no-cache
Date:          Wed, 15 Jul 2026 15:17:24 GMT

{"success":false,"http_code":403,"status_code":"Forbidden","message":"Parameter NPSN harap diisi"}
[2026-07-15 15:17:25] INFO - Fallback to legacy endpoint succeeded: http://localhost:5774/WebService/getSekolah?npsn=20252031
[2026-07-15 15:17:25] INFO - Successfully fetched 1 records from getSekolah
[2026-07-15 15:17:25] ERROR - Invalid JSON from Dapodik: Syntax error - snippet: { 'success' : false, 'message': 'Session telah habis. harap melakukan login kembali' }
[2026-07-15 15:17:25] WARNING - Fallback returned invalid JSON for http://localhost:5774/WebService/getSekolah: Syntax error - snippet: HTTP/1.0 403 Forbidden
Cache-Control: no-cache
Date:          Wed, 15 Jul 2026 15:17:25 GMT

{"success":false,"http_code":403,"status_code":"Forbidden","message":"Parameter NPSN harap diisi"}
[2026-07-15 15:17:26] INFO - Fallback to legacy endpoint succeeded: http://localhost:5774/WebService/getSekolah?npsn=20252031
[2026-07-15 15:17:26] INFO - Successfully fetched 1 records from getSekolah
[2026-07-15 15:18:24] ERROR - Invalid JSON from Dapodik: Syntax error - snippet: { 'success' : false, 'message': 'Session telah habis. harap melakukan login kembali' }
[2026-07-15 15:18:24] WARNING - Fallback returned invalid JSON for http://localhost:5774/WebService/getSekolah: Syntax error - snippet: HTTP/1.0 403 Forbidden
Cache-Control: no-cache
Date:          Wed, 15 Jul 2026 15:18:24 GMT

{"success":false,"http_code":403,"status_code":"Forbidden","message":"Parameter NPSN harap diisi"}
[2026-07-15 15:18:25] INFO - Fallback to legacy endpoint succeeded: http://localhost:5774/WebService/getSekolah?npsn=20252031
[2026-07-15 15:18:25] INFO - Successfully fetched 1 records from getSekolah
[2026-07-15 15:18:25] ERROR - Invalid JSON from Dapodik: Syntax error - snippet: { 'success' : false, 'message': 'Session telah habis. harap melakukan login kembali' }
[2026-07-15 15:18:25] WARNING - Fallback returned invalid JSON for http://localhost:5774/WebService/getSekolah: Syntax error - snippet: HTTP/1.0 403 Forbidden
Cache-Control: no-cache
Date:          Wed, 15 Jul 2026 15:18:25 GMT

{"success":false,"http_code":403,"status_code":"Forbidden","message":"Parameter NPSN harap diisi"}
[2026-07-15 15:18:26] INFO - Fallback to legacy endpoint succeeded: http://localhost:5774/WebService/getSekolah?npsn=20252031
[2026-07-15 15:18:26] INFO - Successfully fetched 1 records from getSekolah
[2026-07-15 15:19:24] ERROR - Invalid JSON from Dapodik: Syntax error - snippet: { 'success' : false, 'message': 'Session telah habis. harap melakukan login kembali' }
[2026-07-15 15:19:24] WARNING - Fallback returned invalid JSON for http://localhost:5774/WebService/getSekolah: Syntax error - snippet: HTTP/1.0 403 Forbidden
Cache-Control: no-cache
Date:          Wed, 15 Jul 2026 15:19:24 GMT

{"success":false,"http_code":403,"status_code":"Forbidden","message":"Parameter NPSN harap diisi"}
[2026-07-15 15:19:25] INFO - Fallback to legacy endpoint succeeded: http://localhost:5774/WebService/getSekolah?npsn=20252031
[2026-07-15 15:19:25] INFO - Successfully fetched 1 records from getSekolah
[2026-07-15 15:19:25] ERROR - Invalid JSON from Dapodik: Syntax error - snippet: { 'success' : false, 'message': 'Session telah habis. harap melakukan login kembali' }
[2026-07-15 15:19:25] WARNING - Fallback returned invalid JSON for http://localhost:5774/WebService/getSekolah: Syntax error - snippet: HTTP/1.0 403 Forbidden
Cache-Control: no-cache
Date:          Wed, 15 Jul 2026 15:19:25 GMT

{"success":false,"http_code":403,"status_code":"Forbidden","message":"Parameter NPSN harap diisi"}
[2026-07-15 15:19:26] INFO - Fallback to legacy endpoint succeeded: http://localhost:5774/WebService/getSekolah?npsn=20252031
[2026-07-15 15:19:26] INFO - Successfully fetched 1 records from getSekolah
[2026-07-15 15:20:24] ERROR - Invalid JSON from Dapodik: Syntax error - snippet: { 'success' : false, 'message': 'Session telah habis. harap melakukan login kembali' }
[2026-07-15 15:20:25] WARNING - Fallback returned invalid JSON for http://localhost:5774/WebService/getSekolah: Syntax error - snippet: HTTP/1.0 403 Forbidden
Cache-Control: no-cache
Date:          Wed, 15 Jul 2026 15:20:24 GMT

{"success":false,"http_code":403,"status_code":"Forbidden","message":"Parameter NPSN harap diisi"}
[2026-07-15 15:20:25] INFO - Fallback to legacy endpoint succeeded: http://localhost:5774/WebService/getSekolah?npsn=20252031
[2026-07-15 15:20:25] INFO - Successfully fetched 1 records from getSekolah
[2026-07-15 15:20:25] ERROR - Invalid JSON from Dapodik: Syntax error - snippet: { 'success' : false, 'message': 'Session telah habis. harap melakukan login kembali' }
[2026-07-15 15:20:26] WARNING - Fallback returned invalid JSON for http://localhost:5774/WebService/getSekolah: Syntax error - snippet: HTTP/1.0 403 Forbidden
Cache-Control: no-cache
Date:          Wed, 15 Jul 2026 15:20:26 GMT

{"success":false,"http_code":403,"status_code":"Forbidden","message":"Parameter NPSN harap diisi"}
[2026-07-15 15:20:26] INFO - Fallback to legacy endpoint succeeded: http://localhost:5774/WebService/getSekolah?npsn=20252031
[2026-07-15 15:20:26] INFO - Successfully fetched 1 records from getSekolah
[2026-07-15 15:21:24] ERROR - Invalid JSON from Dapodik: Syntax error - snippet: { 'success' : false, 'message': 'Session telah habis. harap melakukan login kembali' }
[2026-07-15 15:21:24] WARNING - Fallback returned invalid JSON for http://localhost:5774/WebService/getSekolah: Syntax error - snippet: HTTP/1.0 403 Forbidden
Cache-Control: no-cache
Date:          Wed, 15 Jul 2026 15:21:24 GMT

{"success":false,"http_code":403,"status_code":"Forbidden","message":"Parameter NPSN harap diisi"}
[2026-07-15 15:21:25] INFO - Fallback to legacy endpoint succeeded: http://localhost:5774/WebService/getSekolah?npsn=20252031
[2026-07-15 15:21:25] INFO - Successfully fetched 1 records from getSekolah
[2026-07-15 15:21:25] ERROR - Invalid JSON from Dapodik: Syntax error - snippet: { 'success' : false, 'message': 'Session telah habis. harap melakukan login kembali' }
[2026-07-15 15:21:25] WARNING - Fallback returned invalid JSON for http://localhost:5774/WebService/getSekolah: Syntax error - snippet: HTTP/1.0 403 Forbidden
Cache-Control: no-cache
Date:          Wed, 15 Jul 2026 15:21:25 GMT

{"success":false,"http_code":403,"status_code":"Forbidden","message":"Parameter NPSN harap diisi"}
[2026-07-15 15:21:26] INFO - Fallback to legacy endpoint succeeded: http://localhost:5774/WebService/getSekolah?npsn=20252031
[2026-07-15 15:21:26] INFO - Successfully fetched 1 records from getSekolah
[2026-07-15 15:22:24] ERROR - Invalid JSON from Dapodik: Syntax error - snippet: { 'success' : false, 'message': 'Session telah habis. harap melakukan login kembali' }
[2026-07-15 15:22:24] WARNING - Fallback returned invalid JSON for http://localhost:5774/WebService/getSekolah: Syntax error - snippet: HTTP/1.0 403 Forbidden
Cache-Control: no-cache
Date:          Wed, 15 Jul 2026 15:22:24 GMT

{"success":false,"http_code":403,"status_code":"Forbidden","message":"Parameter NPSN harap diisi"}
[2026-07-15 15:22:25] INFO - Fallback to legacy endpoint succeeded: http://localhost:5774/WebService/getSekolah?npsn=20252031
[2026-07-15 15:22:25] INFO - Successfully fetched 1 records from getSekolah
[2026-07-15 15:22:25] ERROR - Invalid JSON from Dapodik: Syntax error - snippet: { 'success' : false, 'message': 'Session telah habis. harap melakukan login kembali' }
[2026-07-15 15:22:25] WARNING - Fallback returned invalid JSON for http://localhost:5774/WebService/getSekolah: Syntax error - snippet: HTTP/1.0 403 Forbidden
Cache-Control: no-cache
Date:          Wed, 15 Jul 2026 15:22:25 GMT

{"success":false,"http_code":403,"status_code":"Forbidden","message":"Parameter NPSN harap diisi"}
[2026-07-15 15:22:26] INFO - Fallback to legacy endpoint succeeded: http://localhost:5774/WebService/getSekolah?npsn=20252031
[2026-07-15 15:22:26] INFO - Successfully fetched 1 records from getSekolah
[2026-07-15 15:23:24] ERROR - Invalid JSON from Dapodik: Syntax error - snippet: { 'success' : false, 'message': 'Session telah habis. harap melakukan login kembali' }
[2026-07-15 15:23:24] WARNING - Fallback returned invalid JSON for http://localhost:5774/WebService/getSekolah: Syntax error - snippet: HTTP/1.0 403 Forbidden
Cache-Control: no-cache
Date:          Wed, 15 Jul 2026 15:23:24 GMT

{"success":false,"http_code":403,"status_code":"Forbidden","message":"Parameter NPSN harap diisi"}
[2026-07-15 15:23:25] INFO - Fallback to legacy endpoint succeeded: http://localhost:5774/WebService/getSekolah?npsn=20252031
[2026-07-15 15:23:25] INFO - Successfully fetched 1 records from getSekolah
[2026-07-15 15:23:25] ERROR - Invalid JSON from Dapodik: Syntax error - snippet: { 'success' : false, 'message': 'Session telah habis. harap melakukan login kembali' }
[2026-07-15 15:23:25] WARNING - Fallback returned invalid JSON for http://localhost:5774/WebService/getSekolah: Syntax error - snippet: HTTP/1.0 403 Forbidden
Cache-Control: no-cache
Date:          Wed, 15 Jul 2026 15:23:25 GMT

{"success":false,"http_code":403,"status_code":"Forbidden","message":"Parameter NPSN harap diisi"}
[2026-07-15 15:23:26] INFO - Fallback to legacy endpoint succeeded: http://localhost:5774/WebService/getSekolah?npsn=20252031
[2026-07-15 15:23:26] INFO - Successfully fetched 1 records from getSekolah
[2026-07-15 15:24:24] ERROR - Invalid JSON from Dapodik: Syntax error - snippet: { 'success' : false, 'message': 'Session telah habis. harap melakukan login kembali' }
[2026-07-15 15:24:24] WARNING - Fallback returned invalid JSON for http://localhost:5774/WebService/getSekolah: Syntax error - snippet: HTTP/1.0 403 Forbidden
Cache-Control: no-cache
Date:          Wed, 15 Jul 2026 15:24:24 GMT

{"success":false,"http_code":403,"status_code":"Forbidden","message":"Parameter NPSN harap diisi"}
[2026-07-15 15:24:25] INFO - Fallback to legacy endpoint succeeded: http://localhost:5774/WebService/getSekolah?npsn=20252031
[2026-07-15 15:24:25] INFO - Successfully fetched 1 records from getSekolah
[2026-07-15 15:24:25] ERROR - Invalid JSON from Dapodik: Syntax error - snippet: { 'success' : false, 'message': 'Session telah habis. harap melakukan login kembali' }
[2026-07-15 15:24:25] WARNING - Fallback returned invalid JSON for http://localhost:5774/WebService/getSekolah: Syntax error - snippet: HTTP/1.0 403 Forbidden
Cache-Control: no-cache
Date:          Wed, 15 Jul 2026 15:24:25 GMT

{"success":false,"http_code":403,"status_code":"Forbidden","message":"Parameter NPSN harap diisi"}
[2026-07-15 15:24:26] INFO - Fallback to legacy endpoint succeeded: http://localhost:5774/WebService/getSekolah?npsn=20252031
[2026-07-15 15:24:26] INFO - Successfully fetched 1 records from getSekolah
[2026-07-15 15:25:24] ERROR - Invalid JSON from Dapodik: Syntax error - snippet: { 'success' : false, 'message': 'Session telah habis. harap melakukan login kembali' }
[2026-07-15 15:25:24] WARNING - Fallback returned invalid JSON for http://localhost:5774/WebService/getSekolah: Syntax error - snippet: HTTP/1.0 403 Forbidden
Cache-Control: no-cache
Date:          Wed, 15 Jul 2026 15:25:24 GMT

{"success":false,"http_code":403,"status_code":"Forbidden","message":"Parameter NPSN harap diisi"}
[2026-07-15 15:25:25] INFO - Fallback to legacy endpoint succeeded: http://localhost:5774/WebService/getSekolah?npsn=20252031
[2026-07-15 15:25:25] INFO - Successfully fetched 1 records from getSekolah
[2026-07-15 15:25:25] ERROR - Invalid JSON from Dapodik: Syntax error - snippet: { 'success' : false, 'message': 'Session telah habis. harap melakukan login kembali' }
[2026-07-15 15:25:25] WARNING - Fallback returned invalid JSON for http://localhost:5774/WebService/getSekolah: Syntax error - snippet: HTTP/1.0 403 Forbidden
Cache-Control: no-cache
Date:          Wed, 15 Jul 2026 15:25:25 GMT

{"success":false,"http_code":403,"status_code":"Forbidden","message":"Parameter NPSN harap diisi"}
[2026-07-15 15:25:26] INFO - Fallback to legacy endpoint succeeded: http://localhost:5774/WebService/getSekolah?npsn=20252031
[2026-07-15 15:25:26] INFO - Successfully fetched 1 records from getSekolah
[2026-07-15 15:26:24] ERROR - Invalid JSON from Dapodik: Syntax error - snippet: { 'success' : false, 'message': 'Session telah habis. harap melakukan login kembali' }
[2026-07-15 15:26:24] WARNING - Fallback returned invalid JSON for http://localhost:5774/WebService/getSekolah: Syntax error - snippet: HTTP/1.0 403 Forbidden
Cache-Control: no-cache
Date:          Wed, 15 Jul 2026 15:26:24 GMT

{"success":false,"http_code":403,"status_code":"Forbidden","message":"Parameter NPSN harap diisi"}
[2026-07-15 15:26:25] INFO - Fallback to legacy endpoint succeeded: http://localhost:5774/WebService/getSekolah?npsn=20252031
[2026-07-15 15:26:25] INFO - Successfully fetched 1 records from getSekolah
[2026-07-15 15:26:25] ERROR - Invalid JSON from Dapodik: Syntax error - snippet: { 'success' : false, 'message': 'Session telah habis. harap melakukan login kembali' }
[2026-07-15 15:26:25] WARNING - Fallback returned invalid JSON for http://localhost:5774/WebService/getSekolah: Syntax error - snippet: HTTP/1.0 403 Forbidden
Cache-Control: no-cache
Date:          Wed, 15 Jul 2026 15:26:25 GMT

{"success":false,"http_code":403,"status_code":"Forbidden","message":"Parameter NPSN harap diisi"}
[2026-07-15 15:26:26] INFO - Fallback to legacy endpoint succeeded: http://localhost:5774/WebService/getSekolah?npsn=20252031
[2026-07-15 15:26:26] INFO - Successfully fetched 1 records from getSekolah
[2026-07-15 15:27:24] ERROR - Invalid JSON from Dapodik: Syntax error - snippet: { 'success' : false, 'message': 'Session telah habis. harap melakukan login kembali' }
[2026-07-15 15:27:24] WARNING - Fallback returned invalid JSON for http://localhost:5774/WebService/getSekolah: Syntax error - snippet: HTTP/1.0 403 Forbidden
Cache-Control: no-cache
Date:          Wed, 15 Jul 2026 15:27:24 GMT

{"success":false,"http_code":403,"status_code":"Forbidden","message":"Parameter NPSN harap diisi"}
[2026-07-15 15:27:25] INFO - Fallback to legacy endpoint succeeded: http://localhost:5774/WebService/getSekolah?npsn=20252031
[2026-07-15 15:27:25] INFO - Successfully fetched 1 records from getSekolah
[2026-07-15 15:27:25] ERROR - Invalid JSON from Dapodik: Syntax error - snippet: { 'success' : false, 'message': 'Session telah habis. harap melakukan login kembali' }
[2026-07-15 15:27:25] WARNING - Fallback returned invalid JSON for http://localhost:5774/WebService/getSekolah: Syntax error - snippet: HTTP/1.0 403 Forbidden
Cache-Control: no-cache
Date:          Wed, 15 Jul 2026 15:27:25 GMT

{"success":false,"http_code":403,"status_code":"Forbidden","message":"Parameter NPSN harap diisi"}
[2026-07-15 15:27:26] INFO - Fallback to legacy endpoint succeeded: http://localhost:5774/WebService/getSekolah?npsn=20252031
[2026-07-15 15:27:26] INFO - Successfully fetched 1 records from getSekolah
[2026-07-15 15:28:24] ERROR - Invalid JSON from Dapodik: Syntax error - snippet: { 'success' : false, 'message': 'Session telah habis. harap melakukan login kembali' }
[2026-07-15 15:28:24] WARNING - Fallback returned invalid JSON for http://localhost:5774/WebService/getSekolah: Syntax error - snippet: HTTP/1.0 403 Forbidden
Cache-Control: no-cache
Date:          Wed, 15 Jul 2026 15:28:24 GMT

{"success":false,"http_code":403,"status_code":"Forbidden","message":"Parameter NPSN harap diisi"}
[2026-07-15 15:28:25] INFO - Fallback to legacy endpoint succeeded: http://localhost:5774/WebService/getSekolah?npsn=20252031
[2026-07-15 15:28:25] INFO - Successfully fetched 1 records from getSekolah
[2026-07-15 15:28:25] ERROR - Invalid JSON from Dapodik: Syntax error - snippet: { 'success' : false, 'message': 'Session telah habis. harap melakukan login kembali' }
[2026-07-15 15:28:25] WARNING - Fallback returned invalid JSON for http://localhost:5774/WebService/getSekolah: Syntax error - snippet: HTTP/1.0 403 Forbidden
Cache-Control: no-cache
Date:          Wed, 15 Jul 2026 15:28:25 GMT

{"success":false,"http_code":403,"status_code":"Forbidden","message":"Parameter NPSN harap diisi"}
[2026-07-15 15:28:26] INFO - Fallback to legacy endpoint succeeded: http://localhost:5774/WebService/getSekolah?npsn=20252031
[2026-07-15 15:28:26] INFO - Successfully fetched 1 records from getSekolah
[2026-07-15 15:29:24] ERROR - Invalid JSON from Dapodik: Syntax error - snippet: { 'success' : false, 'message': 'Session telah habis. harap melakukan login kembali' }
[2026-07-15 15:29:24] WARNING - Fallback returned invalid JSON for http://localhost:5774/WebService/getSekolah: Syntax error - snippet: HTTP/1.0 403 Forbidden
Cache-Control: no-cache
Date:          Wed, 15 Jul 2026 15:29:24 GMT

{"success":false,"http_code":403,"status_code":"Forbidden","message":"Parameter NPSN harap diisi"}
[2026-07-15 15:29:25] INFO - Fallback to legacy endpoint succeeded: http://localhost:5774/WebService/getSekolah?npsn=20252031
[2026-07-15 15:29:25] INFO - Successfully fetched 1 records from getSekolah
[2026-07-15 15:29:25] ERROR - Invalid JSON from Dapodik: Syntax error - snippet: { 'success' : false, 'message': 'Session telah habis. harap melakukan login kembali' }
[2026-07-15 15:29:25] WARNING - Fallback returned invalid JSON for http://localhost:5774/WebService/getSekolah: Syntax error - snippet: HTTP/1.0 403 Forbidden
Cache-Control: no-cache
Date:          Wed, 15 Jul 2026 15:29:25 GMT

{"success":false,"http_code":403,"status_code":"Forbidden","message":"Parameter NPSN harap diisi"}
[2026-07-15 15:29:26] INFO - Fallback to legacy endpoint succeeded: http://localhost:5774/WebService/getSekolah?npsn=20252031
[2026-07-15 15:29:26] INFO - Successfully fetched 1 records from getSekolah
[2026-07-15 15:30:24] ERROR - Invalid JSON from Dapodik: Syntax error - snippet: { 'success' : false, 'message': 'Session telah habis. harap melakukan login kembali' }
[2026-07-15 15:30:24] WARNING - Fallback returned invalid JSON for http://localhost:5774/WebService/getSekolah: Syntax error - snippet: HTTP/1.0 403 Forbidden
Cache-Control: no-cache
Date:          Wed, 15 Jul 2026 15:30:24 GMT

{"success":false,"http_code":403,"status_code":"Forbidden","message":"Parameter NPSN harap diisi"}
[2026-07-15 15:30:25] INFO - Fallback to legacy endpoint succeeded: http://localhost:5774/WebService/getSekolah?npsn=20252031
[2026-07-15 15:30:25] INFO - Successfully fetched 1 records from getSekolah
[2026-07-15 15:30:25] ERROR - Invalid JSON from Dapodik: Syntax error - snippet: { 'success' : false, 'message': 'Session telah habis. harap melakukan login kembali' }
[2026-07-15 15:30:25] WARNING - Fallback returned invalid JSON for http://localhost:5774/WebService/getSekolah: Syntax error - snippet: HTTP/1.0 403 Forbidden
Cache-Control: no-cache
Date:          Wed, 15 Jul 2026 15:30:25 GMT

{"success":false,"http_code":403,"status_code":"Forbidden","message":"Parameter NPSN harap diisi"}
[2026-07-15 15:30:26] INFO - Fallback to legacy endpoint succeeded: http://localhost:5774/WebService/getSekolah?npsn=20252031
[2026-07-15 15:30:26] INFO - Successfully fetched 1 records from getSekolah
[2026-07-15 15:31:24] ERROR - Invalid JSON from Dapodik: Syntax error - snippet: { 'success' : false, 'message': 'Session telah habis. harap melakukan login kembali' }
[2026-07-15 15:31:24] WARNING - Fallback returned invalid JSON for http://localhost:5774/WebService/getSekolah: Syntax error - snippet: HTTP/1.0 403 Forbidden
Cache-Control: no-cache
Date:          Wed, 15 Jul 2026 15:31:24 GMT

{"success":false,"http_code":403,"status_code":"Forbidden","message":"Parameter NPSN harap diisi"}
[2026-07-15 15:31:25] INFO - Fallback to legacy endpoint succeeded: http://localhost:5774/WebService/getSekolah?npsn=20252031
[2026-07-15 15:31:25] INFO - Successfully fetched 1 records from getSekolah
[2026-07-15 15:31:25] ERROR - Invalid JSON from Dapodik: Syntax error - snippet: { 'success' : false, 'message': 'Session telah habis. harap melakukan login kembali' }
[2026-07-15 15:31:25] WARNING - Fallback returned invalid JSON for http://localhost:5774/WebService/getSekolah: Syntax error - snippet: HTTP/1.0 403 Forbidden
Cache-Control: no-cache
Date:          Wed, 15 Jul 2026 15:31:25 GMT

{"success":false,"http_code":403,"status_code":"Forbidden","message":"Parameter NPSN harap diisi"}
[2026-07-15 15:31:26] INFO - Fallback to legacy endpoint succeeded: http://localhost:5774/WebService/getSekolah?npsn=20252031
[2026-07-15 15:31:26] INFO - Successfully fetched 1 records from getSekolah
[2026-07-15 15:32:24] ERROR - Invalid JSON from Dapodik: Syntax error - snippet: { 'success' : false, 'message': 'Session telah habis. harap melakukan login kembali' }
[2026-07-15 15:32:24] WARNING - Fallback returned invalid JSON for http://localhost:5774/WebService/getSekolah: Syntax error - snippet: HTTP/1.0 403 Forbidden
Cache-Control: no-cache
Date:          Wed, 15 Jul 2026 15:32:24 GMT

{"success":false,"http_code":403,"status_code":"Forbidden","message":"Parameter NPSN harap diisi"}
[2026-07-15 15:32:25] INFO - Fallback to legacy endpoint succeeded: http://localhost:5774/WebService/getSekolah?npsn=20252031
[2026-07-15 15:32:25] INFO - Successfully fetched 1 records from getSekolah
[2026-07-15 15:32:25] ERROR - Invalid JSON from Dapodik: Syntax error - snippet: { 'success' : false, 'message': 'Session telah habis. harap melakukan login kembali' }
[2026-07-15 15:32:25] WARNING - Fallback returned invalid JSON for http://localhost:5774/WebService/getSekolah: Syntax error - snippet: HTTP/1.0 403 Forbidden
Cache-Control: no-cache
Date:          Wed, 15 Jul 2026 15:32:25 GMT

{"success":false,"http_code":403,"status_code":"Forbidden","message":"Parameter NPSN harap diisi"}
[2026-07-15 15:32:26] INFO - Fallback to legacy endpoint succeeded: http://localhost:5774/WebService/getSekolah?npsn=20252031
[2026-07-15 15:32:26] INFO - Successfully fetched 1 records from getSekolah
[2026-07-15 15:33:24] ERROR - Invalid JSON from Dapodik: Syntax error - snippet: { 'success' : false, 'message': 'Session telah habis. harap melakukan login kembali' }
[2026-07-15 15:33:24] WARNING - Fallback returned invalid JSON for http://localhost:5774/WebService/getSekolah: Syntax error - snippet: HTTP/1.0 403 Forbidden
Cache-Control: no-cache
Date:          Wed, 15 Jul 2026 15:33:24 GMT

{"success":false,"http_code":403,"status_code":"Forbidden","message":"Parameter NPSN harap diisi"}
[2026-07-15 15:33:25] INFO - Fallback to legacy endpoint succeeded: http://localhost:5774/WebService/getSekolah?npsn=20252031
[2026-07-15 15:33:25] INFO - Successfully fetched 1 records from getSekolah
[2026-07-15 15:33:25] ERROR - Invalid JSON from Dapodik: Syntax error - snippet: { 'success' : false, 'message': 'Session telah habis. harap melakukan login kembali' }
[2026-07-15 15:33:25] WARNING - Fallback returned invalid JSON for http://localhost:5774/WebService/getSekolah: Syntax error - snippet: HTTP/1.0 403 Forbidden
Cache-Control: no-cache
Date:          Wed, 15 Jul 2026 15:33:25 GMT

{"success":false,"http_code":403,"status_code":"Forbidden","message":"Parameter NPSN harap diisi"}
[2026-07-15 15:33:26] INFO - Fallback to legacy endpoint succeeded: http://localhost:5774/WebService/getSekolah?npsn=20252031
[2026-07-15 15:33:26] INFO - Successfully fetched 1 records from getSekolah
[2026-07-15 15:34:24] ERROR - Invalid JSON from Dapodik: Syntax error - snippet: { 'success' : false, 'message': 'Session telah habis. harap melakukan login kembali' }
[2026-07-15 15:34:24] WARNING - Fallback returned invalid JSON for http://localhost:5774/WebService/getSekolah: Syntax error - snippet: HTTP/1.0 403 Forbidden
Cache-Control: no-cache
Date:          Wed, 15 Jul 2026 15:34:24 GMT

{"success":false,"http_code":403,"status_code":"Forbidden","message":"Parameter NPSN harap diisi"}
[2026-07-15 15:34:25] INFO - Fallback to legacy endpoint succeeded: http://localhost:5774/WebService/getSekolah?npsn=20252031
[2026-07-15 15:34:25] INFO - Successfully fetched 1 records from getSekolah
[2026-07-15 15:34:25] ERROR - Invalid JSON from Dapodik: Syntax error - snippet: { 'success' : false, 'message': 'Session telah habis. harap melakukan login kembali' }
[2026-07-15 15:34:25] WARNING - Fallback returned invalid JSON for http://localhost:5774/WebService/getSekolah: Syntax error - snippet: HTTP/1.0 403 Forbidden
Cache-Control: no-cache
Date:          Wed, 15 Jul 2026 15:34:25 GMT

{"success":false,"http_code":403,"status_code":"Forbidden","message":"Parameter NPSN harap diisi"}
[2026-07-15 15:34:26] INFO - Fallback to legacy endpoint succeeded: http://localhost:5774/WebService/getSekolah?npsn=20252031
[2026-07-15 15:34:26] INFO - Successfully fetched 1 records from getSekolah
[2026-07-15 15:35:24] ERROR - Invalid JSON from Dapodik: Syntax error - snippet: { 'success' : false, 'message': 'Session telah habis. harap melakukan login kembali' }
[2026-07-15 15:35:24] WARNING - Fallback returned invalid JSON for http://localhost:5774/WebService/getSekolah: Syntax error - snippet: HTTP/1.0 403 Forbidden
Cache-Control: no-cache
Date:          Wed, 15 Jul 2026 15:35:24 GMT

{"success":false,"http_code":403,"status_code":"Forbidden","message":"Parameter NPSN harap diisi"}
[2026-07-15 15:35:25] INFO - Fallback to legacy endpoint succeeded: http://localhost:5774/WebService/getSekolah?npsn=20252031
[2026-07-15 15:35:25] INFO - Successfully fetched 1 records from getSekolah
[2026-07-15 15:35:25] ERROR - Invalid JSON from Dapodik: Syntax error - snippet: { 'success' : false, 'message': 'Session telah habis. harap melakukan login kembali' }
[2026-07-15 15:35:25] WARNING - Fallback returned invalid JSON for http://localhost:5774/WebService/getSekolah: Syntax error - snippet: HTTP/1.0 403 Forbidden
Cache-Control: no-cache
Date:          Wed, 15 Jul 2026 15:35:25 GMT

{"success":false,"http_code":403,"status_code":"Forbidden","message":"Parameter NPSN harap diisi"}
[2026-07-15 15:35:26] INFO - Fallback to legacy endpoint succeeded: http://localhost:5774/WebService/getSekolah?npsn=20252031
[2026-07-15 15:35:26] INFO - Successfully fetched 1 records from getSekolah
[2026-07-15 15:36:24] ERROR - Invalid JSON from Dapodik: Syntax error - snippet: { 'success' : false, 'message': 'Session telah habis. harap melakukan login kembali' }
[2026-07-15 15:36:24] WARNING - Fallback returned invalid JSON for http://localhost:5774/WebService/getSekolah: Syntax error - snippet: HTTP/1.0 403 Forbidden
Cache-Control: no-cache
Date:          Wed, 15 Jul 2026 15:36:24 GMT

{"success":false,"http_code":403,"status_code":"Forbidden","message":"Parameter NPSN harap diisi"}
[2026-07-15 15:36:25] INFO - Fallback to legacy endpoint succeeded: http://localhost:5774/WebService/getSekolah?npsn=20252031
[2026-07-15 15:36:25] INFO - Successfully fetched 1 records from getSekolah
[2026-07-15 15:36:25] ERROR - Invalid JSON from Dapodik: Syntax error - snippet: { 'success' : false, 'message': 'Session telah habis. harap melakukan login kembali' }
[2026-07-15 15:36:25] WARNING - Fallback returned invalid JSON for http://localhost:5774/WebService/getSekolah: Syntax error - snippet: HTTP/1.0 403 Forbidden
Cache-Control: no-cache
Date:          Wed, 15 Jul 2026 15:36:25 GMT

{"success":false,"http_code":403,"status_code":"Forbidden","message":"Parameter NPSN harap diisi"}
[2026-07-15 15:36:26] INFO - Fallback to legacy endpoint succeeded: http://localhost:5774/WebService/getSekolah?npsn=20252031
[2026-07-15 15:36:26] INFO - Successfully fetched 1 records from getSekolah
[2026-07-15 15:37:24] ERROR - Invalid JSON from Dapodik: Syntax error - snippet: { 'success' : false, 'message': 'Session telah habis. harap melakukan login kembali' }
[2026-07-15 15:37:24] WARNING - Fallback returned invalid JSON for http://localhost:5774/WebService/getSekolah: Syntax error - snippet: HTTP/1.0 403 Forbidden
Cache-Control: no-cache
Date:          Wed, 15 Jul 2026 15:37:24 GMT

{"success":false,"http_code":403,"status_code":"Forbidden","message":"Parameter NPSN harap diisi"}
[2026-07-15 15:37:25] INFO - Fallback to legacy endpoint succeeded: http://localhost:5774/WebService/getSekolah?npsn=20252031
[2026-07-15 15:37:25] INFO - Successfully fetched 1 records from getSekolah
[2026-07-15 15:37:25] ERROR - Invalid JSON from Dapodik: Syntax error - snippet: { 'success' : false, 'message': 'Session telah habis. harap melakukan login kembali' }
[2026-07-15 15:37:25] WARNING - Fallback returned invalid JSON for http://localhost:5774/WebService/getSekolah: Syntax error - snippet: HTTP/1.0 403 Forbidden
Cache-Control: no-cache
Date:          Wed, 15 Jul 2026 15:37:25 GMT

{"success":false,"http_code":403,"status_code":"Forbidden","message":"Parameter NPSN harap diisi"}
[2026-07-15 15:37:26] INFO - Fallback to legacy endpoint succeeded: http://localhost:5774/WebService/getSekolah?npsn=20252031
[2026-07-15 15:37:26] INFO - Successfully fetched 1 records from getSekolah
[2026-07-15 15:38:24] ERROR - Invalid JSON from Dapodik: Syntax error - snippet: { 'success' : false, 'message': 'Session telah habis. harap melakukan login kembali' }
[2026-07-15 15:38:24] WARNING - Fallback returned invalid JSON for http://localhost:5774/WebService/getSekolah: Syntax error - snippet: HTTP/1.0 403 Forbidden
Cache-Control: no-cache
Date:          Wed, 15 Jul 2026 15:38:24 GMT

{"success":false,"http_code":403,"status_code":"Forbidden","message":"Parameter NPSN harap diisi"}
[2026-07-15 15:38:25] INFO - Fallback to legacy endpoint succeeded: http://localhost:5774/WebService/getSekolah?npsn=20252031
[2026-07-15 15:38:25] INFO - Successfully fetched 1 records from getSekolah
[2026-07-15 15:38:25] ERROR - Invalid JSON from Dapodik: Syntax error - snippet: { 'success' : false, 'message': 'Session telah habis. harap melakukan login kembali' }
[2026-07-15 15:38:25] WARNING - Fallback returned invalid JSON for http://localhost:5774/WebService/getSekolah: Syntax error - snippet: HTTP/1.0 403 Forbidden
Cache-Control: no-cache
Date:          Wed, 15 Jul 2026 15:38:25 GMT

{"success":false,"http_code":403,"status_code":"Forbidden","message":"Parameter NPSN harap diisi"}
[2026-07-15 15:38:26] INFO - Fallback to legacy endpoint succeeded: http://localhost:5774/WebService/getSekolah?npsn=20252031
[2026-07-15 15:38:26] INFO - Successfully fetched 1 records from getSekolah
[2026-07-15 15:39:24] ERROR - Invalid JSON from Dapodik: Syntax error - snippet: { 'success' : false, 'message': 'Session telah habis. harap melakukan login kembali' }
[2026-07-15 15:39:24] WARNING - Fallback returned invalid JSON for http://localhost:5774/WebService/getSekolah: Syntax error - snippet: HTTP/1.0 403 Forbidden
Cache-Control: no-cache
Date:          Wed, 15 Jul 2026 15:39:24 GMT

{"success":false,"http_code":403,"status_code":"Forbidden","message":"Parameter NPSN harap diisi"}
[2026-07-15 15:39:25] INFO - Fallback to legacy endpoint succeeded: http://localhost:5774/WebService/getSekolah?npsn=20252031
[2026-07-15 15:39:25] INFO - Successfully fetched 1 records from getSekolah
[2026-07-15 15:39:25] ERROR - Invalid JSON from Dapodik: Syntax error - snippet: { 'success' : false, 'message': 'Session telah habis. harap melakukan login kembali' }
[2026-07-15 15:39:25] WARNING - Fallback returned invalid JSON for http://localhost:5774/WebService/getSekolah: Syntax error - snippet: HTTP/1.0 403 Forbidden
Cache-Control: no-cache
Date:          Wed, 15 Jul 2026 15:39:25 GMT

{"success":false,"http_code":403,"status_code":"Forbidden","message":"Parameter NPSN harap diisi"}
[2026-07-15 15:39:26] INFO - Fallback to legacy endpoint succeeded: http://localhost:5774/WebService/getSekolah?npsn=20252031
[2026-07-15 15:39:26] INFO - Successfully fetched 1 records from getSekolah
[2026-07-15 15:40:24] ERROR - Invalid JSON from Dapodik: Syntax error - snippet: { 'success' : false, 'message': 'Session telah habis. harap melakukan login kembali' }
[2026-07-15 15:40:24] WARNING - Fallback returned invalid JSON for http://localhost:5774/WebService/getSekolah: Syntax error - snippet: HTTP/1.0 403 Forbidden
Cache-Control: no-cache
Date:          Wed, 15 Jul 2026 15:40:24 GMT

{"success":false,"http_code":403,"status_code":"Forbidden","message":"Parameter NPSN harap diisi"}
[2026-07-15 15:40:25] INFO - Fallback to legacy endpoint succeeded: http://localhost:5774/WebService/getSekolah?npsn=20252031
[2026-07-15 15:40:25] INFO - Successfully fetched 1 records from getSekolah
[2026-07-15 15:40:25] ERROR - Invalid JSON from Dapodik: Syntax error - snippet: { 'success' : false, 'message': 'Session telah habis. harap melakukan login kembali' }
[2026-07-15 15:40:25] WARNING - Fallback returned invalid JSON for http://localhost:5774/WebService/getSekolah: Syntax error - snippet: HTTP/1.0 403 Forbidden
Cache-Control: no-cache
Date:          Wed, 15 Jul 2026 15:40:25 GMT

{"success":false,"http_code":403,"status_code":"Forbidden","message":"Parameter NPSN harap diisi"}
[2026-07-15 15:40:26] INFO - Fallback to legacy endpoint succeeded: http://localhost:5774/WebService/getSekolah?npsn=20252031
[2026-07-15 15:40:26] INFO - Successfully fetched 1 records from getSekolah
[2026-07-15 15:41:24] ERROR - Invalid JSON from Dapodik: Syntax error - snippet: { 'success' : false, 'message': 'Session telah habis. harap melakukan login kembali' }
[2026-07-15 15:41:24] WARNING - Fallback returned invalid JSON for http://localhost:5774/WebService/getSekolah: Syntax error - snippet: HTTP/1.0 403 Forbidden
Cache-Control: no-cache
Date:          Wed, 15 Jul 2026 15:41:24 GMT

{"success":false,"http_code":403,"status_code":"Forbidden","message":"Parameter NPSN harap diisi"}
[2026-07-15 15:41:25] INFO - Fallback to legacy endpoint succeeded: http://localhost:5774/WebService/getSekolah?npsn=20252031
[2026-07-15 15:41:25] INFO - Successfully fetched 1 records from getSekolah
[2026-07-15 15:41:25] ERROR - Invalid JSON from Dapodik: Syntax error - snippet: { 'success' : false, 'message': 'Session telah habis. harap melakukan login kembali' }
[2026-07-15 15:41:25] WARNING - Fallback returned invalid JSON for http://localhost:5774/WebService/getSekolah: Syntax error - snippet: HTTP/1.0 403 Forbidden
Cache-Control: no-cache
Date:          Wed, 15 Jul 2026 15:41:25 GMT

{"success":false,"http_code":403,"status_code":"Forbidden","message":"Parameter NPSN harap diisi"}
[2026-07-15 15:41:26] INFO - Fallback to legacy endpoint succeeded: http://localhost:5774/WebService/getSekolah?npsn=20252031
[2026-07-15 15:41:26] INFO - Successfully fetched 1 records from getSekolah
[2026-07-15 15:42:24] ERROR - Invalid JSON from Dapodik: Syntax error - snippet: { 'success' : false, 'message': 'Session telah habis. harap melakukan login kembali' }
[2026-07-15 15:42:24] WARNING - Fallback returned invalid JSON for http://localhost:5774/WebService/getSekolah: Syntax error - snippet: HTTP/1.0 403 Forbidden
Cache-Control: no-cache
Date:          Wed, 15 Jul 2026 15:42:24 GMT

{"success":false,"http_code":403,"status_code":"Forbidden","message":"Parameter NPSN harap diisi"}
[2026-07-15 15:42:25] INFO - Fallback to legacy endpoint succeeded: http://localhost:5774/WebService/getSekolah?npsn=20252031
[2026-07-15 15:42:25] INFO - Successfully fetched 1 records from getSekolah
[2026-07-15 15:42:25] ERROR - Invalid JSON from Dapodik: Syntax error - snippet: { 'success' : false, 'message': 'Session telah habis. harap melakukan login kembali' }
[2026-07-15 15:42:25] WARNING - Fallback returned invalid JSON for http://localhost:5774/WebService/getSekolah: Syntax error - snippet: HTTP/1.0 403 Forbidden
Cache-Control: no-cache
Date:          Wed, 15 Jul 2026 15:42:25 GMT

{"success":false,"http_code":403,"status_code":"Forbidden","message":"Parameter NPSN harap diisi"}
[2026-07-15 15:42:26] INFO - Fallback to legacy endpoint succeeded: http://localhost:5774/WebService/getSekolah?npsn=20252031
[2026-07-15 15:42:26] INFO - Successfully fetched 1 records from getSekolah
[2026-07-15 15:43:24] ERROR - Invalid JSON from Dapodik: Syntax error - snippet: { 'success' : false, 'message': 'Session telah habis. harap melakukan login kembali' }
[2026-07-15 15:43:24] WARNING - Fallback returned invalid JSON for http://localhost:5774/WebService/getSekolah: Syntax error - snippet: HTTP/1.0 403 Forbidden
Cache-Control: no-cache
Date:          Wed, 15 Jul 2026 15:43:24 GMT

{"success":false,"http_code":403,"status_code":"Forbidden","message":"Parameter NPSN harap diisi"}
[2026-07-15 15:43:25] INFO - Fallback to legacy endpoint succeeded: http://localhost:5774/WebService/getSekolah?npsn=20252031
[2026-07-15 15:43:25] INFO - Successfully fetched 1 records from getSekolah
[2026-07-15 15:43:25] ERROR - Invalid JSON from Dapodik: Syntax error - snippet: { 'success' : false, 'message': 'Session telah habis. harap melakukan login kembali' }
[2026-07-15 15:43:25] WARNING - Fallback returned invalid JSON for http://localhost:5774/WebService/getSekolah: Syntax error - snippet: HTTP/1.0 403 Forbidden
Cache-Control: no-cache
Date:          Wed, 15 Jul 2026 15:43:25 GMT

{"success":false,"http_code":403,"status_code":"Forbidden","message":"Parameter NPSN harap diisi"}
[2026-07-15 15:43:26] INFO - Fallback to legacy endpoint succeeded: http://localhost:5774/WebService/getSekolah?npsn=20252031
[2026-07-15 15:43:26] INFO - Successfully fetched 1 records from getSekolah
[2026-07-15 15:44:24] ERROR - Invalid JSON from Dapodik: Syntax error - snippet: { 'success' : false, 'message': 'Session telah habis. harap melakukan login kembali' }
[2026-07-15 15:44:24] WARNING - Fallback returned invalid JSON for http://localhost:5774/WebService/getSekolah: Syntax error - snippet: HTTP/1.0 403 Forbidden
Cache-Control: no-cache
Date:          Wed, 15 Jul 2026 15:44:24 GMT

{"success":false,"http_code":403,"status_code":"Forbidden","message":"Parameter NPSN harap diisi"}
[2026-07-15 15:44:25] INFO - Fallback to legacy endpoint succeeded: http://localhost:5774/WebService/getSekolah?npsn=20252031
[2026-07-15 15:44:25] INFO - Successfully fetched 1 records from getSekolah
[2026-07-15 15:44:25] ERROR - Invalid JSON from Dapodik: Syntax error - snippet: { 'success' : false, 'message': 'Session telah habis. harap melakukan login kembali' }
[2026-07-15 15:44:25] WARNING - Fallback returned invalid JSON for http://localhost:5774/WebService/getSekolah: Syntax error - snippet: HTTP/1.0 403 Forbidden
Cache-Control: no-cache
Date:          Wed, 15 Jul 2026 15:44:25 GMT

{"success":false,"http_code":403,"status_code":"Forbidden","message":"Parameter NPSN harap diisi"}
[2026-07-15 15:44:26] INFO - Fallback to legacy endpoint succeeded: http://localhost:5774/WebService/getSekolah?npsn=20252031
[2026-07-15 15:44:26] INFO - Successfully fetched 1 records from getSekolah
[2026-07-15 15:45:24] ERROR - Invalid JSON from Dapodik: Syntax error - snippet: { 'success' : false, 'message': 'Session telah habis. harap melakukan login kembali' }
[2026-07-15 15:45:24] WARNING - Fallback returned invalid JSON for http://localhost:5774/WebService/getSekolah: Syntax error - snippet: HTTP/1.0 403 Forbidden
Cache-Control: no-cache
Date:          Wed, 15 Jul 2026 15:45:24 GMT

{"success":false,"http_code":403,"status_code":"Forbidden","message":"Parameter NPSN harap diisi"}
[2026-07-15 15:45:25] INFO - Fallback to legacy endpoint succeeded: http://localhost:5774/WebService/getSekolah?npsn=20252031
[2026-07-15 15:45:25] INFO - Successfully fetched 1 records from getSekolah
[2026-07-15 15:45:25] ERROR - Invalid JSON from Dapodik: Syntax error - snippet: { 'success' : false, 'message': 'Session telah habis. harap melakukan login kembali' }
[2026-07-15 15:45:25] WARNING - Fallback returned invalid JSON for http://localhost:5774/WebService/getSekolah: Syntax error - snippet: HTTP/1.0 403 Forbidden
Cache-Control: no-cache
Date:          Wed, 15 Jul 2026 15:45:25 GMT

{"success":false,"http_code":403,"status_code":"Forbidden","message":"Parameter NPSN harap diisi"}
[2026-07-15 15:45:26] INFO - Fallback to legacy endpoint succeeded: http://localhost:5774/WebService/getSekolah?npsn=20252031
[2026-07-15 15:45:26] INFO - Successfully fetched 1 records from getSekolah
[2026-07-15 15:46:24] ERROR - Invalid JSON from Dapodik: Syntax error - snippet: { 'success' : false, 'message': 'Session telah habis. harap melakukan login kembali' }
[2026-07-15 15:46:24] WARNING - Fallback returned invalid JSON for http://localhost:5774/WebService/getSekolah: Syntax error - snippet: HTTP/1.0 403 Forbidden
Cache-Control: no-cache
Date:          Wed, 15 Jul 2026 15:46:24 GMT

{"success":false,"http_code":403,"status_code":"Forbidden","message":"Parameter NPSN harap diisi"}
[2026-07-15 15:46:25] INFO - Fallback to legacy endpoint succeeded: http://localhost:5774/WebService/getSekolah?npsn=20252031
[2026-07-15 15:46:25] INFO - Successfully fetched 1 records from getSekolah
[2026-07-15 15:46:25] ERROR - Invalid JSON from Dapodik: Syntax error - snippet: { 'success' : false, 'message': 'Session telah habis. harap melakukan login kembali' }
[2026-07-15 15:46:25] WARNING - Fallback returned invalid JSON for http://localhost:5774/WebService/getSekolah: Syntax error - snippet: HTTP/1.0 403 Forbidden
Cache-Control: no-cache
Date:          Wed, 15 Jul 2026 15:46:25 GMT

{"success":false,"http_code":403,"status_code":"Forbidden","message":"Parameter NPSN harap diisi"}
[2026-07-15 15:46:26] INFO - Fallback to legacy endpoint succeeded: http://localhost:5774/WebService/getSekolah?npsn=20252031
[2026-07-15 15:46:26] INFO - Successfully fetched 1 records from getSekolah
[2026-07-15 15:47:24] ERROR - Invalid JSON from Dapodik: Syntax error - snippet: { 'success' : false, 'message': 'Session telah habis. harap melakukan login kembali' }
[2026-07-15 15:47:24] WARNING - Fallback returned invalid JSON for http://localhost:5774/WebService/getSekolah: Syntax error - snippet: HTTP/1.0 403 Forbidden
Cache-Control: no-cache
Date:          Wed, 15 Jul 2026 15:47:24 GMT

{"success":false,"http_code":403,"status_code":"Forbidden","message":"Parameter NPSN harap diisi"}
[2026-07-15 15:47:25] INFO - Fallback to legacy endpoint succeeded: http://localhost:5774/WebService/getSekolah?npsn=20252031
[2026-07-15 15:47:25] INFO - Successfully fetched 1 records from getSekolah
[2026-07-15 15:47:25] ERROR - Invalid JSON from Dapodik: Syntax error - snippet: { 'success' : false, 'message': 'Session telah habis. harap melakukan login kembali' }
[2026-07-15 15:47:25] WARNING - Fallback returned invalid JSON for http://localhost:5774/WebService/getSekolah: Syntax error - snippet: HTTP/1.0 403 Forbidden
Cache-Control: no-cache
Date:          Wed, 15 Jul 2026 15:47:25 GMT

{"success":false,"http_code":403,"status_code":"Forbidden","message":"Parameter NPSN harap diisi"}
[2026-07-15 15:47:26] INFO - Fallback to legacy endpoint succeeded: http://localhost:5774/WebService/getSekolah?npsn=20252031
[2026-07-15 15:47:26] INFO - Successfully fetched 1 records from getSekolah
[2026-07-15 15:48:24] ERROR - Invalid JSON from Dapodik: Syntax error - snippet: { 'success' : false, 'message': 'Session telah habis. harap melakukan login kembali' }
[2026-07-15 15:48:24] WARNING - Fallback returned invalid JSON for http://localhost:5774/WebService/getSekolah: Syntax error - snippet: HTTP/1.0 403 Forbidden
Cache-Control: no-cache
Date:          Wed, 15 Jul 2026 15:48:24 GMT

{"success":false,"http_code":403,"status_code":"Forbidden","message":"Parameter NPSN harap diisi"}
[2026-07-15 15:48:25] INFO - Fallback to legacy endpoint succeeded: http://localhost:5774/WebService/getSekolah?npsn=20252031
[2026-07-15 15:48:25] INFO - Successfully fetched 1 records from getSekolah
[2026-07-15 15:48:25] ERROR - Invalid JSON from Dapodik: Syntax error - snippet: { 'success' : false, 'message': 'Session telah habis. harap melakukan login kembali' }
[2026-07-15 15:48:25] WARNING - Fallback returned invalid JSON for http://localhost:5774/WebService/getSekolah: Syntax error - snippet: HTTP/1.0 403 Forbidden
Cache-Control: no-cache
Date:          Wed, 15 Jul 2026 15:48:25 GMT

{"success":false,"http_code":403,"status_code":"Forbidden","message":"Parameter NPSN harap diisi"}
[2026-07-15 15:48:26] INFO - Fallback to legacy endpoint succeeded: http://localhost:5774/WebService/getSekolah?npsn=20252031
[2026-07-15 15:48:26] INFO - Successfully fetched 1 records from getSekolah
[2026-07-15 15:49:24] ERROR - Invalid JSON from Dapodik: Syntax error - snippet: { 'success' : false, 'message': 'Session telah habis. harap melakukan login kembali' }
[2026-07-15 15:49:24] WARNING - Fallback returned invalid JSON for http://localhost:5774/WebService/getSekolah: Syntax error - snippet: HTTP/1.0 403 Forbidden
Cache-Control: no-cache
Date:          Wed, 15 Jul 2026 15:49:24 GMT

{"success":false,"http_code":403,"status_code":"Forbidden","message":"Parameter NPSN harap diisi"}
[2026-07-15 15:49:25] INFO - Fallback to legacy endpoint succeeded: http://localhost:5774/WebService/getSekolah?npsn=20252031
[2026-07-15 15:49:25] INFO - Successfully fetched 1 records from getSekolah
[2026-07-15 15:49:25] ERROR - Invalid JSON from Dapodik: Syntax error - snippet: { 'success' : false, 'message': 'Session telah habis. harap melakukan login kembali' }
[2026-07-15 15:49:25] WARNING - Fallback returned invalid JSON for http://localhost:5774/WebService/getSekolah: Syntax error - snippet: HTTP/1.0 403 Forbidden
Cache-Control: no-cache
Date:          Wed, 15 Jul 2026 15:49:25 GMT

{"success":false,"http_code":403,"status_code":"Forbidden","message":"Parameter NPSN harap diisi"}
[2026-07-15 15:49:26] INFO - Fallback to legacy endpoint succeeded: http://localhost:5774/WebService/getSekolah?npsn=20252031
[2026-07-15 15:49:26] INFO - Successfully fetched 1 records from getSekolah
[2026-07-15 15:50:24] ERROR - Invalid JSON from Dapodik: Syntax error - snippet: { 'success' : false, 'message': 'Session telah habis. harap melakukan login kembali' }
[2026-07-15 15:50:24] WARNING - Fallback returned invalid JSON for http://localhost:5774/WebService/getSekolah: Syntax error - snippet: HTTP/1.0 403 Forbidden
Cache-Control: no-cache
Date:          Wed, 15 Jul 2026 15:50:24 GMT

{"success":false,"http_code":403,"status_code":"Forbidden","message":"Parameter NPSN harap diisi"}
[2026-07-15 15:50:25] INFO - Fallback to legacy endpoint succeeded: http://localhost:5774/WebService/getSekolah?npsn=20252031
[2026-07-15 15:50:25] INFO - Successfully fetched 1 records from getSekolah
[2026-07-15 15:50:25] ERROR - Invalid JSON from Dapodik: Syntax error - snippet: { 'success' : false, 'message': 'Session telah habis. harap melakukan login kembali' }
[2026-07-15 15:50:25] WARNING - Fallback returned invalid JSON for http://localhost:5774/WebService/getSekolah: Syntax error - snippet: HTTP/1.0 403 Forbidden
Cache-Control: no-cache
Date:          Wed, 15 Jul 2026 15:50:25 GMT

{"success":false,"http_code":403,"status_code":"Forbidden","message":"Parameter NPSN harap diisi"}
[2026-07-15 15:50:26] INFO - Fallback to legacy endpoint succeeded: http://localhost:5774/WebService/getSekolah?npsn=20252031
[2026-07-15 15:50:26] INFO - Successfully fetched 1 records from getSekolah
[2026-07-15 15:51:24] ERROR - Invalid JSON from Dapodik: Syntax error - snippet: { 'success' : false, 'message': 'Session telah habis. harap melakukan login kembali' }
[2026-07-15 15:51:24] WARNING - Fallback returned invalid JSON for http://localhost:5774/WebService/getSekolah: Syntax error - snippet: HTTP/1.0 403 Forbidden
Cache-Control: no-cache
Date:          Wed, 15 Jul 2026 15:51:24 GMT

{"success":false,"http_code":403,"status_code":"Forbidden","message":"Parameter NPSN harap diisi"}
[2026-07-15 15:51:25] INFO - Fallback to legacy endpoint succeeded: http://localhost:5774/WebService/getSekolah?npsn=20252031
[2026-07-15 15:51:25] INFO - Successfully fetched 1 records from getSekolah
[2026-07-15 15:51:25] ERROR - Invalid JSON from Dapodik: Syntax error - snippet: { 'success' : false, 'message': 'Session telah habis. harap melakukan login kembali' }
[2026-07-15 15:51:25] WARNING - Fallback returned invalid JSON for http://localhost:5774/WebService/getSekolah: Syntax error - snippet: HTTP/1.0 403 Forbidden
Cache-Control: no-cache
Date:          Wed, 15 Jul 2026 15:51:25 GMT

{"success":false,"http_code":403,"status_code":"Forbidden","message":"Parameter NPSN harap diisi"}
[2026-07-15 15:51:26] INFO - Fallback to legacy endpoint succeeded: http://localhost:5774/WebService/getSekolah?npsn=20252031
[2026-07-15 15:51:26] INFO - Successfully fetched 1 records from getSekolah
[2026-07-15 15:52:24] ERROR - Invalid JSON from Dapodik: Syntax error - snippet: { 'success' : false, 'message': 'Session telah habis. harap melakukan login kembali' }
[2026-07-15 15:52:24] WARNING - Fallback returned invalid JSON for http://localhost:5774/WebService/getSekolah: Syntax error - snippet: HTTP/1.0 403 Forbidden
Cache-Control: no-cache
Date:          Wed, 15 Jul 2026 15:52:24 GMT

{"success":false,"http_code":403,"status_code":"Forbidden","message":"Parameter NPSN harap diisi"}
[2026-07-15 15:52:25] INFO - Fallback to legacy endpoint succeeded: http://localhost:5774/WebService/getSekolah?npsn=20252031
[2026-07-15 15:52:25] INFO - Successfully fetched 1 records from getSekolah
[2026-07-15 15:52:25] ERROR - Invalid JSON from Dapodik: Syntax error - snippet: { 'success' : false, 'message': 'Session telah habis. harap melakukan login kembali' }
[2026-07-15 15:52:25] WARNING - Fallback returned invalid JSON for http://localhost:5774/WebService/getSekolah: Syntax error - snippet: HTTP/1.0 403 Forbidden
Cache-Control: no-cache
Date:          Wed, 15 Jul 2026 15:52:25 GMT

{"success":false,"http_code":403,"status_code":"Forbidden","message":"Parameter NPSN harap diisi"}
[2026-07-15 15:52:26] INFO - Fallback to legacy endpoint succeeded: http://localhost:5774/WebService/getSekolah?npsn=20252031
[2026-07-15 15:52:26] INFO - Successfully fetched 1 records from getSekolah
[2026-07-15 15:53:24] ERROR - Invalid JSON from Dapodik: Syntax error - snippet: { 'success' : false, 'message': 'Session telah habis. harap melakukan login kembali' }
[2026-07-15 15:53:24] WARNING - Fallback returned invalid JSON for http://localhost:5774/WebService/getSekolah: Syntax error - snippet: HTTP/1.0 403 Forbidden
Cache-Control: no-cache
Date:          Wed, 15 Jul 2026 15:53:24 GMT

{"success":false,"http_code":403,"status_code":"Forbidden","message":"Parameter NPSN harap diisi"}
[2026-07-15 15:53:25] INFO - Fallback to legacy endpoint succeeded: http://localhost:5774/WebService/getSekolah?npsn=20252031
[2026-07-15 15:53:25] INFO - Successfully fetched 1 records from getSekolah
[2026-07-15 15:53:25] ERROR - Invalid JSON from Dapodik: Syntax error - snippet: { 'success' : false, 'message': 'Session telah habis. harap melakukan login kembali' }
[2026-07-15 15:53:25] WARNING - Fallback returned invalid JSON for http://localhost:5774/WebService/getSekolah: Syntax error - snippet: HTTP/1.0 403 Forbidden
Cache-Control: no-cache
Date:          Wed, 15 Jul 2026 15:53:25 GMT

{"success":false,"http_code":403,"status_code":"Forbidden","message":"Parameter NPSN harap diisi"}
[2026-07-15 15:53:26] INFO - Fallback to legacy endpoint succeeded: http://localhost:5774/WebService/getSekolah?npsn=20252031
[2026-07-15 15:53:26] INFO - Successfully fetched 1 records from getSekolah
[2026-07-15 15:54:24] ERROR - Invalid JSON from Dapodik: Syntax error - snippet: { 'success' : false, 'message': 'Session telah habis. harap melakukan login kembali' }
[2026-07-15 15:54:24] WARNING - Fallback returned invalid JSON for http://localhost:5774/WebService/getSekolah: Syntax error - snippet: HTTP/1.0 403 Forbidden
Cache-Control: no-cache
Date:          Wed, 15 Jul 2026 15:54:24 GMT

{"success":false,"http_code":403,"status_code":"Forbidden","message":"Parameter NPSN harap diisi"}
[2026-07-15 15:54:25] INFO - Fallback to legacy endpoint succeeded: http://localhost:5774/WebService/getSekolah?npsn=20252031
[2026-07-15 15:54:25] INFO - Successfully fetched 1 records from getSekolah
[2026-07-15 15:54:25] ERROR - Invalid JSON from Dapodik: Syntax error - snippet: { 'success' : false, 'message': 'Session telah habis. harap melakukan login kembali' }
[2026-07-15 15:54:25] WARNING - Fallback returned invalid JSON for http://localhost:5774/WebService/getSekolah: Syntax error - snippet: HTTP/1.0 403 Forbidden
Cache-Control: no-cache
Date:          Wed, 15 Jul 2026 15:54:25 GMT

{"success":false,"http_code":403,"status_code":"Forbidden","message":"Parameter NPSN harap diisi"}
[2026-07-15 15:54:26] INFO - Fallback to legacy endpoint succeeded: http://localhost:5774/WebService/getSekolah?npsn=20252031
[2026-07-15 15:54:26] INFO - Successfully fetched 1 records from getSekolah
[2026-07-15 15:55:24] ERROR - Invalid JSON from Dapodik: Syntax error - snippet: { 'success' : false, 'message': 'Session telah habis. harap melakukan login kembali' }
[2026-07-15 15:55:24] WARNING - Fallback returned invalid JSON for http://localhost:5774/WebService/getSekolah: Syntax error - snippet: HTTP/1.0 403 Forbidden
Cache-Control: no-cache
Date:          Wed, 15 Jul 2026 15:55:24 GMT

{"success":false,"http_code":403,"status_code":"Forbidden","message":"Parameter NPSN harap diisi"}
[2026-07-15 15:55:25] INFO - Fallback to legacy endpoint succeeded: http://localhost:5774/WebService/getSekolah?npsn=20252031
[2026-07-15 15:55:25] INFO - Successfully fetched 1 records from getSekolah
[2026-07-15 15:55:25] ERROR - Invalid JSON from Dapodik: Syntax error - snippet: { 'success' : false, 'message': 'Session telah habis. harap melakukan login kembali' }
[2026-07-15 15:55:25] WARNING - Fallback returned invalid JSON for http://localhost:5774/WebService/getSekolah: Syntax error - snippet: HTTP/1.0 403 Forbidden
Cache-Control: no-cache
Date:          Wed, 15 Jul 2026 15:55:25 GMT

{"success":false,"http_code":403,"status_code":"Forbidden","message":"Parameter NPSN harap diisi"}
[2026-07-15 15:55:26] INFO - Fallback to legacy endpoint succeeded: http://localhost:5774/WebService/getSekolah?npsn=20252031
[2026-07-15 15:55:26] INFO - Successfully fetched 1 records from getSekolah
[2026-07-15 15:56:24] ERROR - Invalid JSON from Dapodik: Syntax error - snippet: { 'success' : false, 'message': 'Session telah habis. harap melakukan login kembali' }
[2026-07-15 15:56:24] WARNING - Fallback returned invalid JSON for http://localhost:5774/WebService/getSekolah: Syntax error - snippet: HTTP/1.0 403 Forbidden
Cache-Control: no-cache
Date:          Wed, 15 Jul 2026 15:56:24 GMT

{"success":false,"http_code":403,"status_code":"Forbidden","message":"Parameter NPSN harap diisi"}
[2026-07-15 15:56:25] INFO - Fallback to legacy endpoint succeeded: http://localhost:5774/WebService/getSekolah?npsn=20252031
[2026-07-15 15:56:25] INFO - Successfully fetched 1 records from getSekolah
[2026-07-15 15:56:25] ERROR - Invalid JSON from Dapodik: Syntax error - snippet: { 'success' : false, 'message': 'Session telah habis. harap melakukan login kembali' }
[2026-07-15 15:56:25] WARNING - Fallback returned invalid JSON for http://localhost:5774/WebService/getSekolah: Syntax error - snippet: HTTP/1.0 403 Forbidden
Cache-Control: no-cache
Date:          Wed, 15 Jul 2026 15:56:25 GMT

{"success":false,"http_code":403,"status_code":"Forbidden","message":"Parameter NPSN harap diisi"}
[2026-07-15 15:56:26] INFO - Fallback to legacy endpoint succeeded: http://localhost:5774/WebService/getSekolah?npsn=20252031
[2026-07-15 15:56:26] INFO - Successfully fetched 1 records from getSekolah
[2026-07-15 15:57:24] ERROR - Invalid JSON from Dapodik: Syntax error - snippet: { 'success' : false, 'message': 'Session telah habis. harap melakukan login kembali' }
[2026-07-15 15:57:24] WARNING - Fallback returned invalid JSON for http://localhost:5774/WebService/getSekolah: Syntax error - snippet: HTTP/1.0 403 Forbidden
Cache-Control: no-cache
Date:          Wed, 15 Jul 2026 15:57:24 GMT

{"success":false,"http_code":403,"status_code":"Forbidden","message":"Parameter NPSN harap diisi"}
[2026-07-15 15:57:25] INFO - Fallback to legacy endpoint succeeded: http://localhost:5774/WebService/getSekolah?npsn=20252031
[2026-07-15 15:57:25] INFO - Successfully fetched 1 records from getSekolah
[2026-07-15 15:57:25] ERROR - Invalid JSON from Dapodik: Syntax error - snippet: { 'success' : false, 'message': 'Session telah habis. harap melakukan login kembali' }
[2026-07-15 15:57:25] WARNING - Fallback returned invalid JSON for http://localhost:5774/WebService/getSekolah: Syntax error - snippet: HTTP/1.0 403 Forbidden
Cache-Control: no-cache
Date:          Wed, 15 Jul 2026 15:57:25 GMT

{"success":false,"http_code":403,"status_code":"Forbidden","message":"Parameter NPSN harap diisi"}
[2026-07-15 15:57:26] INFO - Fallback to legacy endpoint succeeded: http://localhost:5774/WebService/getSekolah?npsn=20252031
[2026-07-15 15:57:26] INFO - Successfully fetched 1 records from getSekolah
[2026-07-15 15:58:24] ERROR - Invalid JSON from Dapodik: Syntax error - snippet: { 'success' : false, 'message': 'Session telah habis. harap melakukan login kembali' }
[2026-07-15 15:58:24] WARNING - Fallback returned invalid JSON for http://localhost:5774/WebService/getSekolah: Syntax error - snippet: HTTP/1.0 403 Forbidden
Cache-Control: no-cache
Date:          Wed, 15 Jul 2026 15:58:24 GMT

{"success":false,"http_code":403,"status_code":"Forbidden","message":"Parameter NPSN harap diisi"}
[2026-07-15 15:58:25] INFO - Fallback to legacy endpoint succeeded: http://localhost:5774/WebService/getSekolah?npsn=20252031
[2026-07-15 15:58:25] INFO - Successfully fetched 1 records from getSekolah
[2026-07-15 15:58:25] ERROR - Invalid JSON from Dapodik: Syntax error - snippet: { 'success' : false, 'message': 'Session telah habis. harap melakukan login kembali' }
[2026-07-15 15:58:25] WARNING - Fallback returned invalid JSON for http://localhost:5774/WebService/getSekolah: Syntax error - snippet: HTTP/1.0 403 Forbidden
Cache-Control: no-cache
Date:          Wed, 15 Jul 2026 15:58:25 GMT

{"success":false,"http_code":403,"status_code":"Forbidden","message":"Parameter NPSN harap diisi"}
[2026-07-15 15:58:26] INFO - Fallback to legacy endpoint succeeded: http://localhost:5774/WebService/getSekolah?npsn=20252031
[2026-07-15 15:58:26] INFO - Successfully fetched 1 records from getSekolah
[2026-07-15 15:59:24] ERROR - Invalid JSON from Dapodik: Syntax error - snippet: { 'success' : false, 'message': 'Session telah habis. harap melakukan login kembali' }
[2026-07-15 15:59:24] WARNING - Fallback returned invalid JSON for http://localhost:5774/WebService/getSekolah: Syntax error - snippet: HTTP/1.0 403 Forbidden
Cache-Control: no-cache
Date:          Wed, 15 Jul 2026 15:59:24 GMT

{"success":false,"http_code":403,"status_code":"Forbidden","message":"Parameter NPSN harap diisi"}
[2026-07-15 15:59:25] INFO - Fallback to legacy endpoint succeeded: http://localhost:5774/WebService/getSekolah?npsn=20252031
[2026-07-15 15:59:25] INFO - Successfully fetched 1 records from getSekolah
[2026-07-15 15:59:25] ERROR - Invalid JSON from Dapodik: Syntax error - snippet: { 'success' : false, 'message': 'Session telah habis. harap melakukan login kembali' }
[2026-07-15 15:59:25] WARNING - Fallback returned invalid JSON for http://localhost:5774/WebService/getSekolah: Syntax error - snippet: HTTP/1.0 403 Forbidden
Cache-Control: no-cache
Date:          Wed, 15 Jul 2026 15:59:25 GMT

{"success":false,"http_code":403,"status_code":"Forbidden","message":"Parameter NPSN harap diisi"}
[2026-07-15 15:59:26] INFO - Fallback to legacy endpoint succeeded: http://localhost:5774/WebService/getSekolah?npsn=20252031
[2026-07-15 15:59:26] INFO - Successfully fetched 1 records from getSekolah
[2026-07-15 16:00:24] ERROR - Invalid JSON from Dapodik: Syntax error - snippet: { 'success' : false, 'message': 'Session telah habis. harap melakukan login kembali' }
[2026-07-15 16:00:24] WARNING - Fallback returned invalid JSON for http://localhost:5774/WebService/getSekolah: Syntax error - snippet: HTTP/1.0 403 Forbidden
Cache-Control: no-cache
Date:          Wed, 15 Jul 2026 16:00:24 GMT

{"success":false,"http_code":403,"status_code":"Forbidden","message":"Parameter NPSN harap diisi"}
[2026-07-15 16:00:25] INFO - Fallback to legacy endpoint succeeded: http://localhost:5774/WebService/getSekolah?npsn=20252031
[2026-07-15 16:00:25] INFO - Successfully fetched 1 records from getSekolah
[2026-07-15 16:00:25] ERROR - Invalid JSON from Dapodik: Syntax error - snippet: { 'success' : false, 'message': 'Session telah habis. harap melakukan login kembali' }
[2026-07-15 16:00:25] WARNING - Fallback returned invalid JSON for http://localhost:5774/WebService/getSekolah: Syntax error - snippet: HTTP/1.0 403 Forbidden
Cache-Control: no-cache
Date:          Wed, 15 Jul 2026 16:00:25 GMT

{"success":false,"http_code":403,"status_code":"Forbidden","message":"Parameter NPSN harap diisi"}
[2026-07-15 16:00:26] INFO - Fallback to legacy endpoint succeeded: http://localhost:5774/WebService/getSekolah?npsn=20252031
[2026-07-15 16:00:26] INFO - Successfully fetched 1 records from getSekolah
[2026-07-15 16:01:24] ERROR - Invalid JSON from Dapodik: Syntax error - snippet: { 'success' : false, 'message': 'Session telah habis. harap melakukan login kembali' }
[2026-07-15 16:01:24] WARNING - Fallback returned invalid JSON for http://localhost:5774/WebService/getSekolah: Syntax error - snippet: HTTP/1.0 403 Forbidden
Cache-Control: no-cache
Date:          Wed, 15 Jul 2026 16:01:24 GMT

{"success":false,"http_code":403,"status_code":"Forbidden","message":"Parameter NPSN harap diisi"}
[2026-07-15 16:01:25] INFO - Fallback to legacy endpoint succeeded: http://localhost:5774/WebService/getSekolah?npsn=20252031
[2026-07-15 16:01:25] INFO - Successfully fetched 1 records from getSekolah
[2026-07-15 16:01:25] ERROR - Invalid JSON from Dapodik: Syntax error - snippet: { 'success' : false, 'message': 'Session telah habis. harap melakukan login kembali' }
[2026-07-15 16:01:25] WARNING - Fallback returned invalid JSON for http://localhost:5774/WebService/getSekolah: Syntax error - snippet: HTTP/1.0 403 Forbidden
Cache-Control: no-cache
Date:          Wed, 15 Jul 2026 16:01:25 GMT

{"success":false,"http_code":403,"status_code":"Forbidden","message":"Parameter NPSN harap diisi"}
[2026-07-15 16:01:26] INFO - Fallback to legacy endpoint succeeded: http://localhost:5774/WebService/getSekolah?npsn=20252031
[2026-07-15 16:01:26] INFO - Successfully fetched 1 records from getSekolah
[2026-07-15 16:02:24] ERROR - Invalid JSON from Dapodik: Syntax error - snippet: { 'success' : false, 'message': 'Session telah habis. harap melakukan login kembali' }
[2026-07-15 16:02:24] WARNING - Fallback returned invalid JSON for http://localhost:5774/WebService/getSekolah: Syntax error - snippet: HTTP/1.0 403 Forbidden
Cache-Control: no-cache
Date:          Wed, 15 Jul 2026 16:02:24 GMT

{"success":false,"http_code":403,"status_code":"Forbidden","message":"Parameter NPSN harap diisi"}
[2026-07-15 16:02:25] INFO - Fallback to legacy endpoint succeeded: http://localhost:5774/WebService/getSekolah?npsn=20252031
[2026-07-15 16:02:25] INFO - Successfully fetched 1 records from getSekolah
[2026-07-15 16:02:25] ERROR - Invalid JSON from Dapodik: Syntax error - snippet: { 'success' : false, 'message': 'Session telah habis. harap melakukan login kembali' }
[2026-07-15 16:02:25] WARNING - Fallback returned invalid JSON for http://localhost:5774/WebService/getSekolah: Syntax error - snippet: HTTP/1.0 403 Forbidden
Cache-Control: no-cache
Date:          Wed, 15 Jul 2026 16:02:25 GMT

{"success":false,"http_code":403,"status_code":"Forbidden","message":"Parameter NPSN harap diisi"}
[2026-07-15 16:02:26] INFO - Fallback to legacy endpoint succeeded: http://localhost:5774/WebService/getSekolah?npsn=20252031
[2026-07-15 16:02:26] INFO - Successfully fetched 1 records from getSekolah
[2026-07-15 16:03:24] ERROR - Invalid JSON from Dapodik: Syntax error - snippet: { 'success' : false, 'message': 'Session telah habis. harap melakukan login kembali' }
[2026-07-15 16:03:24] WARNING - Fallback returned invalid JSON for http://localhost:5774/WebService/getSekolah: Syntax error - snippet: HTTP/1.0 403 Forbidden
Cache-Control: no-cache
Date:          Wed, 15 Jul 2026 16:03:24 GMT

{"success":false,"http_code":403,"status_code":"Forbidden","message":"Parameter NPSN harap diisi"}
[2026-07-15 16:03:25] INFO - Fallback to legacy endpoint succeeded: http://localhost:5774/WebService/getSekolah?npsn=20252031
[2026-07-15 16:03:25] INFO - Successfully fetched 1 records from getSekolah
[2026-07-15 16:03:25] ERROR - Invalid JSON from Dapodik: Syntax error - snippet: { 'success' : false, 'message': 'Session telah habis. harap melakukan login kembali' }
[2026-07-15 16:03:25] WARNING - Fallback returned invalid JSON for http://localhost:5774/WebService/getSekolah: Syntax error - snippet: HTTP/1.0 403 Forbidden
Cache-Control: no-cache
Date:          Wed, 15 Jul 2026 16:03:25 GMT

{"success":false,"http_code":403,"status_code":"Forbidden","message":"Parameter NPSN harap diisi"}
[2026-07-15 16:03:26] INFO - Fallback to legacy endpoint succeeded: http://localhost:5774/WebService/getSekolah?npsn=20252031
[2026-07-15 16:03:26] INFO - Successfully fetched 1 records from getSekolah
[2026-07-15 16:04:24] ERROR - Invalid JSON from Dapodik: Syntax error - snippet: { 'success' : false, 'message': 'Session telah habis. harap melakukan login kembali' }
[2026-07-15 16:04:24] WARNING - Fallback returned invalid JSON for http://localhost:5774/WebService/getSekolah: Syntax error - snippet: HTTP/1.0 403 Forbidden
Cache-Control: no-cache
Date:          Wed, 15 Jul 2026 16:04:24 GMT

{"success":false,"http_code":403,"status_code":"Forbidden","message":"Parameter NPSN harap diisi"}
[2026-07-15 16:04:25] INFO - Fallback to legacy endpoint succeeded: http://localhost:5774/WebService/getSekolah?npsn=20252031
[2026-07-15 16:04:25] INFO - Successfully fetched 1 records from getSekolah
[2026-07-15 16:04:25] ERROR - Invalid JSON from Dapodik: Syntax error - snippet: { 'success' : false, 'message': 'Session telah habis. harap melakukan login kembali' }
[2026-07-15 16:04:25] WARNING - Fallback returned invalid JSON for http://localhost:5774/WebService/getSekolah: Syntax error - snippet: HTTP/1.0 403 Forbidden
Cache-Control: no-cache
Date:          Wed, 15 Jul 2026 16:04:25 GMT

{"success":false,"http_code":403,"status_code":"Forbidden","message":"Parameter NPSN harap diisi"}
[2026-07-15 16:04:26] INFO - Fallback to legacy endpoint succeeded: http://localhost:5774/WebService/getSekolah?npsn=20252031
[2026-07-15 16:04:26] INFO - Successfully fetched 1 records from getSekolah
[2026-07-15 16:05:24] ERROR - Invalid JSON from Dapodik: Syntax error - snippet: { 'success' : false, 'message': 'Session telah habis. harap melakukan login kembali' }
[2026-07-15 16:05:24] WARNING - Fallback returned invalid JSON for http://localhost:5774/WebService/getSekolah: Syntax error - snippet: HTTP/1.0 403 Forbidden
Cache-Control: no-cache
Date:          Wed, 15 Jul 2026 16:05:24 GMT

{"success":false,"http_code":403,"status_code":"Forbidden","message":"Parameter NPSN harap diisi"}
[2026-07-15 16:05:25] INFO - Fallback to legacy endpoint succeeded: http://localhost:5774/WebService/getSekolah?npsn=20252031
[2026-07-15 16:05:25] INFO - Successfully fetched 1 records from getSekolah
[2026-07-15 16:05:25] ERROR - Invalid JSON from Dapodik: Syntax error - snippet: { 'success' : false, 'message': 'Session telah habis. harap melakukan login kembali' }
[2026-07-15 16:05:25] WARNING - Fallback returned invalid JSON for http://localhost:5774/WebService/getSekolah: Syntax error - snippet: HTTP/1.0 403 Forbidden
Cache-Control: no-cache
Date:          Wed, 15 Jul 2026 16:05:25 GMT

{"success":false,"http_code":403,"status_code":"Forbidden","message":"Parameter NPSN harap diisi"}
[2026-07-15 16:05:26] INFO - Fallback to legacy endpoint succeeded: http://localhost:5774/WebService/getSekolah?npsn=20252031
[2026-07-15 16:05:26] INFO - Successfully fetched 1 records from getSekolah
[2026-07-15 16:06:24] ERROR - Invalid JSON from Dapodik: Syntax error - snippet: { 'success' : false, 'message': 'Session telah habis. harap melakukan login kembali' }
[2026-07-15 16:06:24] WARNING - Fallback returned invalid JSON for http://localhost:5774/WebService/getSekolah: Syntax error - snippet: HTTP/1.0 403 Forbidden
Cache-Control: no-cache
Date:          Wed, 15 Jul 2026 16:06:24 GMT

{"success":false,"http_code":403,"status_code":"Forbidden","message":"Parameter NPSN harap diisi"}
[2026-07-15 16:06:25] INFO - Fallback to legacy endpoint succeeded: http://localhost:5774/WebService/getSekolah?npsn=20252031
[2026-07-15 16:06:25] INFO - Successfully fetched 1 records from getSekolah
[2026-07-15 16:06:26] ERROR - Invalid JSON from Dapodik: Syntax error - snippet: { 'success' : false, 'message': 'Session telah habis. harap melakukan login kembali' }
[2026-07-15 16:06:26] WARNING - Fallback returned invalid JSON for http://localhost:5774/WebService/getSekolah: Syntax error - snippet: HTTP/1.0 403 Forbidden
Cache-Control: no-cache
Date:          Wed, 15 Jul 2026 16:06:26 GMT

{"success":false,"http_code":403,"status_code":"Forbidden","message":"Parameter NPSN harap diisi"}
[2026-07-15 16:06:27] INFO - Fallback to legacy endpoint succeeded: http://localhost:5774/WebService/getSekolah?npsn=20252031
[2026-07-15 16:06:27] INFO - Successfully fetched 1 records from getSekolah
[2026-07-15 16:07:24] ERROR - Invalid JSON from Dapodik: Syntax error - snippet: { 'success' : false, 'message': 'Session telah habis. harap melakukan login kembali' }
[2026-07-15 16:07:24] WARNING - Fallback returned invalid JSON for http://localhost:5774/WebService/getSekolah: Syntax error - snippet: HTTP/1.0 403 Forbidden
Cache-Control: no-cache
Date:          Wed, 15 Jul 2026 16:07:24 GMT

{"success":false,"http_code":403,"status_code":"Forbidden","message":"Parameter NPSN harap diisi"}
[2026-07-15 16:07:25] INFO - Fallback to legacy endpoint succeeded: http://localhost:5774/WebService/getSekolah?npsn=20252031
[2026-07-15 16:07:25] INFO - Successfully fetched 1 records from getSekolah
[2026-07-15 16:07:25] ERROR - Invalid JSON from Dapodik: Syntax error - snippet: { 'success' : false, 'message': 'Session telah habis. harap melakukan login kembali' }
[2026-07-15 16:07:26] WARNING - Fallback returned invalid JSON for http://localhost:5774/WebService/getSekolah: Syntax error - snippet: HTTP/1.0 403 Forbidden
Cache-Control: no-cache
Date:          Wed, 15 Jul 2026 16:07:26 GMT

{"success":false,"http_code":403,"status_code":"Forbidden","message":"Parameter NPSN harap diisi"}
[2026-07-15 16:07:26] INFO - Fallback to legacy endpoint succeeded: http://localhost:5774/WebService/getSekolah?npsn=20252031
[2026-07-15 16:07:26] INFO - Successfully fetched 1 records from getSekolah
[2026-07-15 16:08:24] ERROR - Invalid JSON from Dapodik: Syntax error - snippet: { 'success' : false, 'message': 'Session telah habis. harap melakukan login kembali' }
[2026-07-15 16:08:24] WARNING - Fallback returned invalid JSON for http://localhost:5774/WebService/getSekolah: Syntax error - snippet: HTTP/1.0 403 Forbidden
Cache-Control: no-cache
Date:          Wed, 15 Jul 2026 16:08:24 GMT

{"success":false,"http_code":403,"status_code":"Forbidden","message":"Parameter NPSN harap diisi"}
[2026-07-15 16:08:25] INFO - Fallback to legacy endpoint succeeded: http://localhost:5774/WebService/getSekolah?npsn=20252031
[2026-07-15 16:08:25] INFO - Successfully fetched 1 records from getSekolah
[2026-07-15 16:08:25] ERROR - Invalid JSON from Dapodik: Syntax error - snippet: { 'success' : false, 'message': 'Session telah habis. harap melakukan login kembali' }
[2026-07-15 16:08:25] WARNING - Fallback returned invalid JSON for http://localhost:5774/WebService/getSekolah: Syntax error - snippet: HTTP/1.0 403 Forbidden
Cache-Control: no-cache
Date:          Wed, 15 Jul 2026 16:08:25 GMT

{"success":false,"http_code":403,"status_code":"Forbidden","message":"Parameter NPSN harap diisi"}
[2026-07-15 16:08:26] INFO - Fallback to legacy endpoint succeeded: http://localhost:5774/WebService/getSekolah?npsn=20252031
[2026-07-15 16:08:26] INFO - Successfully fetched 1 records from getSekolah
[2026-07-15 16:09:24] ERROR - Invalid JSON from Dapodik: Syntax error - snippet: { 'success' : false, 'message': 'Session telah habis. harap melakukan login kembali' }
[2026-07-15 16:09:24] WARNING - Fallback returned invalid JSON for http://localhost:5774/WebService/getSekolah: Syntax error - snippet: HTTP/1.0 403 Forbidden
Cache-Control: no-cache
Date:          Wed, 15 Jul 2026 16:09:24 GMT

{"success":false,"http_code":403,"status_code":"Forbidden","message":"Parameter NPSN harap diisi"}
[2026-07-15 16:09:25] INFO - Fallback to legacy endpoint succeeded: http://localhost:5774/WebService/getSekolah?npsn=20252031
[2026-07-15 16:09:25] INFO - Successfully fetched 1 records from getSekolah
[2026-07-15 16:09:25] ERROR - Invalid JSON from Dapodik: Syntax error - snippet: { 'success' : false, 'message': 'Session telah habis. harap melakukan login kembali' }
[2026-07-15 16:09:25] WARNING - Fallback returned invalid JSON for http://localhost:5774/WebService/getSekolah: Syntax error - snippet: HTTP/1.0 403 Forbidden
Cache-Control: no-cache
Date:          Wed, 15 Jul 2026 16:09:25 GMT

{"success":false,"http_code":403,"status_code":"Forbidden","message":"Parameter NPSN harap diisi"}
[2026-07-15 16:09:26] INFO - Fallback to legacy endpoint succeeded: http://localhost:5774/WebService/getSekolah?npsn=20252031
[2026-07-15 16:09:26] INFO - Successfully fetched 1 records from getSekolah
[2026-07-15 16:10:24] ERROR - Invalid JSON from Dapodik: Syntax error - snippet: { 'success' : false, 'message': 'Session telah habis. harap melakukan login kembali' }
[2026-07-15 16:10:24] WARNING - Fallback returned invalid JSON for http://localhost:5774/WebService/getSekolah: Syntax error - snippet: HTTP/1.0 403 Forbidden
Cache-Control: no-cache
Date:          Wed, 15 Jul 2026 16:10:24 GMT

{"success":false,"http_code":403,"status_code":"Forbidden","message":"Parameter NPSN harap diisi"}
[2026-07-15 16:10:25] INFO - Fallback to legacy endpoint succeeded: http://localhost:5774/WebService/getSekolah?npsn=20252031
[2026-07-15 16:10:25] INFO - Successfully fetched 1 records from getSekolah
[2026-07-15 16:10:25] ERROR - Invalid JSON from Dapodik: Syntax error - snippet: { 'success' : false, 'message': 'Session telah habis. harap melakukan login kembali' }
[2026-07-15 16:10:25] WARNING - Fallback returned invalid JSON for http://localhost:5774/WebService/getSekolah: Syntax error - snippet: HTTP/1.0 403 Forbidden
Cache-Control: no-cache
Date:          Wed, 15 Jul 2026 16:10:25 GMT

{"success":false,"http_code":403,"status_code":"Forbidden","message":"Parameter NPSN harap diisi"}
[2026-07-15 16:10:26] INFO - Fallback to legacy endpoint succeeded: http://localhost:5774/WebService/getSekolah?npsn=20252031
[2026-07-15 16:10:26] INFO - Successfully fetched 1 records from getSekolah
[2026-07-15 16:11:24] ERROR - Invalid JSON from Dapodik: Syntax error - snippet: { 'success' : false, 'message': 'Session telah habis. harap melakukan login kembali' }
[2026-07-15 16:11:24] WARNING - Fallback returned invalid JSON for http://localhost:5774/WebService/getSekolah: Syntax error - snippet: HTTP/1.0 403 Forbidden
Cache-Control: no-cache
Date:          Wed, 15 Jul 2026 16:11:24 GMT

{"success":false,"http_code":403,"status_code":"Forbidden","message":"Parameter NPSN harap diisi"}
[2026-07-15 16:11:25] INFO - Fallback to legacy endpoint succeeded: http://localhost:5774/WebService/getSekolah?npsn=20252031
[2026-07-15 16:11:25] INFO - Successfully fetched 1 records from getSekolah
[2026-07-15 16:11:25] ERROR - Invalid JSON from Dapodik: Syntax error - snippet: { 'success' : false, 'message': 'Session telah habis. harap melakukan login kembali' }
[2026-07-15 16:11:25] WARNING - Fallback returned invalid JSON for http://localhost:5774/WebService/getSekolah: Syntax error - snippet: HTTP/1.0 403 Forbidden
Cache-Control: no-cache
Date:          Wed, 15 Jul 2026 16:11:25 GMT

{"success":false,"http_code":403,"status_code":"Forbidden","message":"Parameter NPSN harap diisi"}
[2026-07-15 16:11:26] INFO - Fallback to legacy endpoint succeeded: http://localhost:5774/WebService/getSekolah?npsn=20252031
[2026-07-15 16:11:26] INFO - Successfully fetched 1 records from getSekolah
[2026-07-15 16:12:24] ERROR - Invalid JSON from Dapodik: Syntax error - snippet: { 'success' : false, 'message': 'Session telah habis. harap melakukan login kembali' }
[2026-07-15 16:12:24] WARNING - Fallback returned invalid JSON for http://localhost:5774/WebService/getSekolah: Syntax error - snippet: HTTP/1.0 403 Forbidden
Cache-Control: no-cache
Date:          Wed, 15 Jul 2026 16:12:24 GMT

{"success":false,"http_code":403,"status_code":"Forbidden","message":"Parameter NPSN harap diisi"}
[2026-07-15 16:12:25] INFO - Fallback to legacy endpoint succeeded: http://localhost:5774/WebService/getSekolah?npsn=20252031
[2026-07-15 16:12:25] INFO - Successfully fetched 1 records from getSekolah
[2026-07-15 16:12:25] ERROR - Invalid JSON from Dapodik: Syntax error - snippet: { 'success' : false, 'message': 'Session telah habis. harap melakukan login kembali' }
[2026-07-15 16:12:25] WARNING - Fallback returned invalid JSON for http://localhost:5774/WebService/getSekolah: Syntax error - snippet: HTTP/1.0 403 Forbidden
Cache-Control: no-cache
Date:          Wed, 15 Jul 2026 16:12:25 GMT

{"success":false,"http_code":403,"status_code":"Forbidden","message":"Parameter NPSN harap diisi"}
[2026-07-15 16:12:26] INFO - Fallback to legacy endpoint succeeded: http://localhost:5774/WebService/getSekolah?npsn=20252031
[2026-07-15 16:12:26] INFO - Successfully fetched 1 records from getSekolah
[2026-07-15 16:13:24] ERROR - Invalid JSON from Dapodik: Syntax error - snippet: { 'success' : false, 'message': 'Session telah habis. harap melakukan login kembali' }
[2026-07-15 16:13:24] WARNING - Fallback returned invalid JSON for http://localhost:5774/WebService/getSekolah: Syntax error - snippet: HTTP/1.0 403 Forbidden
Cache-Control: no-cache
Date:          Wed, 15 Jul 2026 16:13:24 GMT

{"success":false,"http_code":403,"status_code":"Forbidden","message":"Parameter NPSN harap diisi"}
[2026-07-15 16:13:25] INFO - Fallback to legacy endpoint succeeded: http://localhost:5774/WebService/getSekolah?npsn=20252031
[2026-07-15 16:13:25] INFO - Successfully fetched 1 records from getSekolah
[2026-07-15 16:13:25] ERROR - Invalid JSON from Dapodik: Syntax error - snippet: { 'success' : false, 'message': 'Session telah habis. harap melakukan login kembali' }
[2026-07-15 16:13:26] WARNING - Fallback returned invalid JSON for http://localhost:5774/WebService/getSekolah: Syntax error - snippet: HTTP/1.0 403 Forbidden
Cache-Control: no-cache
Date:          Wed, 15 Jul 2026 16:13:26 GMT

{"success":false,"http_code":403,"status_code":"Forbidden","message":"Parameter NPSN harap diisi"}
[2026-07-15 16:13:26] INFO - Fallback to legacy endpoint succeeded: http://localhost:5774/WebService/getSekolah?npsn=20252031
[2026-07-15 16:13:26] INFO - Successfully fetched 1 records from getSekolah
[2026-07-15 16:14:24] ERROR - Invalid JSON from Dapodik: Syntax error - snippet: { 'success' : false, 'message': 'Session telah habis. harap melakukan login kembali' }
[2026-07-15 16:14:24] WARNING - Fallback returned invalid JSON for http://localhost:5774/WebService/getSekolah: Syntax error - snippet: HTTP/1.0 403 Forbidden
Cache-Control: no-cache
Date:          Wed, 15 Jul 2026 16:14:24 GMT

{"success":false,"http_code":403,"status_code":"Forbidden","message":"Parameter NPSN harap diisi"}
[2026-07-15 16:14:25] INFO - Fallback to legacy endpoint succeeded: http://localhost:5774/WebService/getSekolah?npsn=20252031
[2026-07-15 16:14:25] INFO - Successfully fetched 1 records from getSekolah
[2026-07-15 16:14:25] ERROR - Invalid JSON from Dapodik: Syntax error - snippet: { 'success' : false, 'message': 'Session telah habis. harap melakukan login kembali' }
[2026-07-15 16:14:25] WARNING - Fallback returned invalid JSON for http://localhost:5774/WebService/getSekolah: Syntax error - snippet: HTTP/1.0 403 Forbidden
Cache-Control: no-cache
Date:          Wed, 15 Jul 2026 16:14:25 GMT

{"success":false,"http_code":403,"status_code":"Forbidden","message":"Parameter NPSN harap diisi"}
[2026-07-15 16:14:26] INFO - Fallback to legacy endpoint succeeded: http://localhost:5774/WebService/getSekolah?npsn=20252031
[2026-07-15 16:14:26] INFO - Successfully fetched 1 records from getSekolah
[2026-07-15 16:15:24] ERROR - Invalid JSON from Dapodik: Syntax error - snippet: { 'success' : false, 'message': 'Session telah habis. harap melakukan login kembali' }
[2026-07-15 16:15:24] WARNING - Fallback returned invalid JSON for http://localhost:5774/WebService/getSekolah: Syntax error - snippet: HTTP/1.0 403 Forbidden
Cache-Control: no-cache
Date:          Wed, 15 Jul 2026 16:15:24 GMT

{"success":false,"http_code":403,"status_code":"Forbidden","message":"Parameter NPSN harap diisi"}
[2026-07-15 16:15:25] INFO - Fallback to legacy endpoint succeeded: http://localhost:5774/WebService/getSekolah?npsn=20252031
[2026-07-15 16:15:25] INFO - Successfully fetched 1 records from getSekolah
[2026-07-15 16:15:25] ERROR - Invalid JSON from Dapodik: Syntax error - snippet: { 'success' : false, 'message': 'Session telah habis. harap melakukan login kembali' }
[2026-07-15 16:15:25] WARNING - Fallback returned invalid JSON for http://localhost:5774/WebService/getSekolah: Syntax error - snippet: HTTP/1.0 403 Forbidden
Cache-Control: no-cache
Date:          Wed, 15 Jul 2026 16:15:25 GMT

{"success":false,"http_code":403,"status_code":"Forbidden","message":"Parameter NPSN harap diisi"}
[2026-07-15 16:15:26] INFO - Fallback to legacy endpoint succeeded: http://localhost:5774/WebService/getSekolah?npsn=20252031
[2026-07-15 16:15:26] INFO - Successfully fetched 1 records from getSekolah
[2026-07-15 16:16:24] ERROR - Invalid JSON from Dapodik: Syntax error - snippet: { 'success' : false, 'message': 'Session telah habis. harap melakukan login kembali' }
[2026-07-15 16:16:24] WARNING - Fallback returned invalid JSON for http://localhost:5774/WebService/getSekolah: Syntax error - snippet: HTTP/1.0 403 Forbidden
Cache-Control: no-cache
Date:          Wed, 15 Jul 2026 16:16:24 GMT

{"success":false,"http_code":403,"status_code":"Forbidden","message":"Parameter NPSN harap diisi"}
[2026-07-15 16:16:25] INFO - Fallback to legacy endpoint succeeded: http://localhost:5774/WebService/getSekolah?npsn=20252031
[2026-07-15 16:16:25] INFO - Successfully fetched 1 records from getSekolah
[2026-07-15 16:16:25] ERROR - Invalid JSON from Dapodik: Syntax error - snippet: { 'success' : false, 'message': 'Session telah habis. harap melakukan login kembali' }
[2026-07-15 16:16:25] WARNING - Fallback returned invalid JSON for http://localhost:5774/WebService/getSekolah: Syntax error - snippet: HTTP/1.0 403 Forbidden
Cache-Control: no-cache
Date:          Wed, 15 Jul 2026 16:16:25 GMT

{"success":false,"http_code":403,"status_code":"Forbidden","message":"Parameter NPSN harap diisi"}
[2026-07-15 16:16:26] INFO - Fallback to legacy endpoint succeeded: http://localhost:5774/WebService/getSekolah?npsn=20252031
[2026-07-15 16:16:26] INFO - Successfully fetched 1 records from getSekolah
[2026-07-15 16:17:24] ERROR - Invalid JSON from Dapodik: Syntax error - snippet: { 'success' : false, 'message': 'Session telah habis. harap melakukan login kembali' }
[2026-07-15 16:17:24] WARNING - Fallback returned invalid JSON for http://localhost:5774/WebService/getSekolah: Syntax error - snippet: HTTP/1.0 403 Forbidden
Cache-Control: no-cache
Date:          Wed, 15 Jul 2026 16:17:24 GMT

{"success":false,"http_code":403,"status_code":"Forbidden","message":"Parameter NPSN harap diisi"}
[2026-07-15 16:17:25] INFO - Fallback to legacy endpoint succeeded: http://localhost:5774/WebService/getSekolah?npsn=20252031
[2026-07-15 16:17:25] INFO - Successfully fetched 1 records from getSekolah
[2026-07-15 16:17:25] ERROR - Invalid JSON from Dapodik: Syntax error - snippet: { 'success' : false, 'message': 'Session telah habis. harap melakukan login kembali' }
[2026-07-15 16:17:25] WARNING - Fallback returned invalid JSON for http://localhost:5774/WebService/getSekolah: Syntax error - snippet: HTTP/1.0 403 Forbidden
Cache-Control: no-cache
Date:          Wed, 15 Jul 2026 16:17:25 GMT

{"success":false,"http_code":403,"status_code":"Forbidden","message":"Parameter NPSN harap diisi"}
[2026-07-15 16:17:26] INFO - Fallback to legacy endpoint succeeded: http://localhost:5774/WebService/getSekolah?npsn=20252031
[2026-07-15 16:17:26] INFO - Successfully fetched 1 records from getSekolah
[2026-07-15 16:18:31] ERROR - Invalid JSON from Dapodik: Syntax error - snippet: { 'success' : false, 'message': 'Session telah habis. harap melakukan login kembali' }
[2026-07-15 16:18:32] WARNING - Fallback returned invalid JSON for http://localhost:5774/WebService/getSekolah: Syntax error - snippet: HTTP/1.0 403 Forbidden
Cache-Control: no-cache
Date:          Wed, 15 Jul 2026 16:18:32 GMT

{"success":false,"http_code":403,"status_code":"Forbidden","message":"Parameter NPSN harap diisi"}
[2026-07-15 16:18:34] INFO - Fallback to legacy endpoint succeeded: http://localhost:5774/WebService/getSekolah?npsn=20252031
[2026-07-15 16:18:34] INFO - Successfully fetched 1 records from getSekolah
[2026-07-15 16:18:35] ERROR - Invalid JSON from Dapodik: Syntax error - snippet: { 'success' : false, 'message': 'Session telah habis. harap melakukan login kembali' }
[2026-07-15 16:18:35] WARNING - Fallback returned invalid JSON for http://localhost:5774/WebService/getSekolah: Syntax error - snippet: HTTP/1.0 403 Forbidden
Cache-Control: no-cache
Date:          Wed, 15 Jul 2026 16:18:35 GMT

{"success":false,"http_code":403,"status_code":"Forbidden","message":"Parameter NPSN harap diisi"}
[2026-07-15 16:18:36] INFO - Fallback to legacy endpoint succeeded: http://localhost:5774/WebService/getSekolah?npsn=20252031
[2026-07-15 16:18:36] INFO - Successfully fetched 1 records from getSekolah
[2026-07-15 16:19:24] ERROR - Invalid JSON from Dapodik: Syntax error - snippet: { 'success' : false, 'message': 'Session telah habis. harap melakukan login kembali' }
[2026-07-15 16:19:24] WARNING - Fallback returned invalid JSON for http://localhost:5774/WebService/getSekolah: Syntax error - snippet: HTTP/1.0 403 Forbidden
Cache-Control: no-cache
Date:          Wed, 15 Jul 2026 16:19:24 GMT

{"success":false,"http_code":403,"status_code":"Forbidden","message":"Parameter NPSN harap diisi"}
[2026-07-15 16:19:25] INFO - Fallback to legacy endpoint succeeded: http://localhost:5774/WebService/getSekolah?npsn=20252031
[2026-07-15 16:19:25] INFO - Successfully fetched 1 records from getSekolah
[2026-07-15 16:19:25] ERROR - Invalid JSON from Dapodik: Syntax error - snippet: { 'success' : false, 'message': 'Session telah habis. harap melakukan login kembali' }
[2026-07-15 16:19:25] WARNING - Fallback returned invalid JSON for http://localhost:5774/WebService/getSekolah: Syntax error - snippet: HTTP/1.0 403 Forbidden
Cache-Control: no-cache
Date:          Wed, 15 Jul 2026 16:19:25 GMT

{"success":false,"http_code":403,"status_code":"Forbidden","message":"Parameter NPSN harap diisi"}
[2026-07-15 16:19:26] INFO - Fallback to legacy endpoint succeeded: http://localhost:5774/WebService/getSekolah?npsn=20252031
[2026-07-15 16:19:26] INFO - Successfully fetched 1 records from getSekolah
[2026-07-15 16:20:24] ERROR - Invalid JSON from Dapodik: Syntax error - snippet: { 'success' : false, 'message': 'Session telah habis. harap melakukan login kembali' }
[2026-07-15 16:20:24] WARNING - Fallback returned invalid JSON for http://localhost:5774/WebService/getSekolah: Syntax error - snippet: HTTP/1.0 403 Forbidden
Cache-Control: no-cache
Date:          Wed, 15 Jul 2026 16:20:24 GMT

{"success":false,"http_code":403,"status_code":"Forbidden","message":"Parameter NPSN harap diisi"}
[2026-07-15 16:20:25] INFO - Fallback to legacy endpoint succeeded: http://localhost:5774/WebService/getSekolah?npsn=20252031
[2026-07-15 16:20:25] INFO - Successfully fetched 1 records from getSekolah
[2026-07-15 16:20:25] ERROR - Invalid JSON from Dapodik: Syntax error - snippet: { 'success' : false, 'message': 'Session telah habis. harap melakukan login kembali' }
[2026-07-15 16:20:25] WARNING - Fallback returned invalid JSON for http://localhost:5774/WebService/getSekolah: Syntax error - snippet: HTTP/1.0 403 Forbidden
Cache-Control: no-cache
Date:          Wed, 15 Jul 2026 16:20:25 GMT

{"success":false,"http_code":403,"status_code":"Forbidden","message":"Parameter NPSN harap diisi"}
[2026-07-15 16:20:26] INFO - Fallback to legacy endpoint succeeded: http://localhost:5774/WebService/getSekolah?npsn=20252031
[2026-07-15 16:20:26] INFO - Successfully fetched 1 records from getSekolah
[2026-07-15 16:21:24] ERROR - Invalid JSON from Dapodik: Syntax error - snippet: { 'success' : false, 'message': 'Session telah habis. harap melakukan login kembali' }
[2026-07-15 16:21:24] WARNING - Fallback returned invalid JSON for http://localhost:5774/WebService/getSekolah: Syntax error - snippet: HTTP/1.0 403 Forbidden
Cache-Control: no-cache
Date:          Wed, 15 Jul 2026 16:21:24 GMT

{"success":false,"http_code":403,"status_code":"Forbidden","message":"Parameter NPSN harap diisi"}
[2026-07-15 16:21:25] INFO - Fallback to legacy endpoint succeeded: http://localhost:5774/WebService/getSekolah?npsn=20252031
[2026-07-15 16:21:25] INFO - Successfully fetched 1 records from getSekolah
[2026-07-15 16:21:25] ERROR - Invalid JSON from Dapodik: Syntax error - snippet: { 'success' : false, 'message': 'Session telah habis. harap melakukan login kembali' }
[2026-07-15 16:21:25] WARNING - Fallback returned invalid JSON for http://localhost:5774/WebService/getSekolah: Syntax error - snippet: HTTP/1.0 403 Forbidden
Cache-Control: no-cache
Date:          Wed, 15 Jul 2026 16:21:25 GMT

{"success":false,"http_code":403,"status_code":"Forbidden","message":"Parameter NPSN harap diisi"}
[2026-07-15 16:21:26] INFO - Fallback to legacy endpoint succeeded: http://localhost:5774/WebService/getSekolah?npsn=20252031
[2026-07-15 16:21:26] INFO - Successfully fetched 1 records from getSekolah
[2026-07-15 16:22:24] ERROR - Invalid JSON from Dapodik: Syntax error - snippet: { 'success' : false, 'message': 'Session telah habis. harap melakukan login kembali' }
[2026-07-15 16:22:24] WARNING - Fallback returned invalid JSON for http://localhost:5774/WebService/getSekolah: Syntax error - snippet: HTTP/1.0 403 Forbidden
Cache-Control: no-cache
Date:          Wed, 15 Jul 2026 16:22:24 GMT

{"success":false,"http_code":403,"status_code":"Forbidden","message":"Parameter NPSN harap diisi"}
[2026-07-15 16:22:25] INFO - Fallback to legacy endpoint succeeded: http://localhost:5774/WebService/getSekolah?npsn=20252031
[2026-07-15 16:22:25] INFO - Successfully fetched 1 records from getSekolah
[2026-07-15 16:22:25] ERROR - Invalid JSON from Dapodik: Syntax error - snippet: { 'success' : false, 'message': 'Session telah habis. harap melakukan login kembali' }
[2026-07-15 16:22:25] WARNING - Fallback returned invalid JSON for http://localhost:5774/WebService/getSekolah: Syntax error - snippet: HTTP/1.0 403 Forbidden
Cache-Control: no-cache
Date:          Wed, 15 Jul 2026 16:22:25 GMT

{"success":false,"http_code":403,"status_code":"Forbidden","message":"Parameter NPSN harap diisi"}
[2026-07-15 16:22:26] INFO - Fallback to legacy endpoint succeeded: http://localhost:5774/WebService/getSekolah?npsn=20252031
[2026-07-15 16:22:26] INFO - Successfully fetched 1 records from getSekolah
[2026-07-15 16:23:24] ERROR - Invalid JSON from Dapodik: Syntax error - snippet: { 'success' : false, 'message': 'Session telah habis. harap melakukan login kembali' }
[2026-07-15 16:23:24] WARNING - Fallback returned invalid JSON for http://localhost:5774/WebService/getSekolah: Syntax error - snippet: HTTP/1.0 403 Forbidden
Cache-Control: no-cache
Date:          Wed, 15 Jul 2026 16:23:24 GMT

{"success":false,"http_code":403,"status_code":"Forbidden","message":"Parameter NPSN harap diisi"}
[2026-07-15 16:23:25] INFO - Fallback to legacy endpoint succeeded: http://localhost:5774/WebService/getSekolah?npsn=20252031
[2026-07-15 16:23:25] INFO - Successfully fetched 1 records from getSekolah
[2026-07-15 16:23:25] ERROR - Invalid JSON from Dapodik: Syntax error - snippet: { 'success' : false, 'message': 'Session telah habis. harap melakukan login kembali' }
[2026-07-15 16:23:25] WARNING - Fallback returned invalid JSON for http://localhost:5774/WebService/getSekolah: Syntax error - snippet: HTTP/1.0 403 Forbidden
Cache-Control: no-cache
Date:          Wed, 15 Jul 2026 16:23:25 GMT

{"success":false,"http_code":403,"status_code":"Forbidden","message":"Parameter NPSN harap diisi"}
[2026-07-15 16:23:26] INFO - Fallback to legacy endpoint succeeded: http://localhost:5774/WebService/getSekolah?npsn=20252031
[2026-07-15 16:23:26] INFO - Successfully fetched 1 records from getSekolah
[2026-07-15 16:24:24] ERROR - Invalid JSON from Dapodik: Syntax error - snippet: { 'success' : false, 'message': 'Session telah habis. harap melakukan login kembali' }
[2026-07-15 16:24:24] WARNING - Fallback returned invalid JSON for http://localhost:5774/WebService/getSekolah: Syntax error - snippet: HTTP/1.0 403 Forbidden
Cache-Control: no-cache
Date:          Wed, 15 Jul 2026 16:24:24 GMT

{"success":false,"http_code":403,"status_code":"Forbidden","message":"Parameter NPSN harap diisi"}
[2026-07-15 16:24:25] INFO - Fallback to legacy endpoint succeeded: http://localhost:5774/WebService/getSekolah?npsn=20252031
[2026-07-15 16:24:25] INFO - Successfully fetched 1 records from getSekolah
[2026-07-15 16:24:25] ERROR - Invalid JSON from Dapodik: Syntax error - snippet: { 'success' : false, 'message': 'Session telah habis. harap melakukan login kembali' }
[2026-07-15 16:24:25] WARNING - Fallback returned invalid JSON for http://localhost:5774/WebService/getSekolah: Syntax error - snippet: HTTP/1.0 403 Forbidden
Cache-Control: no-cache
Date:          Wed, 15 Jul 2026 16:24:25 GMT

{"success":false,"http_code":403,"status_code":"Forbidden","message":"Parameter NPSN harap diisi"}
[2026-07-15 16:24:26] INFO - Fallback to legacy endpoint succeeded: http://localhost:5774/WebService/getSekolah?npsn=20252031
[2026-07-15 16:24:26] INFO - Successfully fetched 1 records from getSekolah
[2026-07-15 16:25:24] ERROR - Invalid JSON from Dapodik: Syntax error - snippet: { 'success' : false, 'message': 'Session telah habis. harap melakukan login kembali' }
[2026-07-15 16:25:24] WARNING - Fallback returned invalid JSON for http://localhost:5774/WebService/getSekolah: Syntax error - snippet: HTTP/1.0 403 Forbidden
Cache-Control: no-cache
Date:          Wed, 15 Jul 2026 16:25:24 GMT

{"success":false,"http_code":403,"status_code":"Forbidden","message":"Parameter NPSN harap diisi"}
[2026-07-15 16:25:25] INFO - Fallback to legacy endpoint succeeded: http://localhost:5774/WebService/getSekolah?npsn=20252031
[2026-07-15 16:25:25] INFO - Successfully fetched 1 records from getSekolah
[2026-07-15 16:25:25] ERROR - Invalid JSON from Dapodik: Syntax error - snippet: { 'success' : false, 'message': 'Session telah habis. harap melakukan login kembali' }
[2026-07-15 16:25:25] WARNING - Fallback returned invalid JSON for http://localhost:5774/WebService/getSekolah: Syntax error - snippet: HTTP/1.0 403 Forbidden
Cache-Control: no-cache
Date:          Wed, 15 Jul 2026 16:25:25 GMT

{"success":false,"http_code":403,"status_code":"Forbidden","message":"Parameter NPSN harap diisi"}
[2026-07-15 16:25:26] INFO - Fallback to legacy endpoint succeeded: http://localhost:5774/WebService/getSekolah?npsn=20252031
[2026-07-15 16:25:26] INFO - Successfully fetched 1 records from getSekolah
[2026-07-15 16:26:24] ERROR - Invalid JSON from Dapodik: Syntax error - snippet: { 'success' : false, 'message': 'Session telah habis. harap melakukan login kembali' }
[2026-07-15 16:26:24] WARNING - Fallback returned invalid JSON for http://localhost:5774/WebService/getSekolah: Syntax error - snippet: HTTP/1.0 403 Forbidden
Cache-Control: no-cache
Date:          Wed, 15 Jul 2026 16:26:24 GMT

{"success":false,"http_code":403,"status_code":"Forbidden","message":"Parameter NPSN harap diisi"}
[2026-07-15 16:26:25] INFO - Fallback to legacy endpoint succeeded: http://localhost:5774/WebService/getSekolah?npsn=20252031
[2026-07-15 16:26:25] INFO - Successfully fetched 1 records from getSekolah
[2026-07-15 16:26:25] ERROR - Invalid JSON from Dapodik: Syntax error - snippet: { 'success' : false, 'message': 'Session telah habis. harap melakukan login kembali' }
[2026-07-15 16:26:25] WARNING - Fallback returned invalid JSON for http://localhost:5774/WebService/getSekolah: Syntax error - snippet: HTTP/1.0 403 Forbidden
Cache-Control: no-cache
Date:          Wed, 15 Jul 2026 16:26:25 GMT

{"success":false,"http_code":403,"status_code":"Forbidden","message":"Parameter NPSN harap diisi"}
[2026-07-15 16:26:26] INFO - Fallback to legacy endpoint succeeded: http://localhost:5774/WebService/getSekolah?npsn=20252031
[2026-07-15 16:26:26] INFO - Successfully fetched 1 records from getSekolah
[2026-07-15 16:27:24] ERROR - Invalid JSON from Dapodik: Syntax error - snippet: { 'success' : false, 'message': 'Session telah habis. harap melakukan login kembali' }
[2026-07-15 16:27:24] WARNING - Fallback returned invalid JSON for http://localhost:5774/WebService/getSekolah: Syntax error - snippet: HTTP/1.0 403 Forbidden
Cache-Control: no-cache
Date:          Wed, 15 Jul 2026 16:27:24 GMT

{"success":false,"http_code":403,"status_code":"Forbidden","message":"Parameter NPSN harap diisi"}
[2026-07-15 16:27:25] INFO - Fallback to legacy endpoint succeeded: http://localhost:5774/WebService/getSekolah?npsn=20252031
[2026-07-15 16:27:25] INFO - Successfully fetched 1 records from getSekolah
[2026-07-15 16:27:25] ERROR - Invalid JSON from Dapodik: Syntax error - snippet: { 'success' : false, 'message': 'Session telah habis. harap melakukan login kembali' }
[2026-07-15 16:27:25] WARNING - Fallback returned invalid JSON for http://localhost:5774/WebService/getSekolah: Syntax error - snippet: HTTP/1.0 403 Forbidden
Cache-Control: no-cache
Date:          Wed, 15 Jul 2026 16:27:25 GMT

{"success":false,"http_code":403,"status_code":"Forbidden","message":"Parameter NPSN harap diisi"}
[2026-07-15 16:27:26] INFO - Fallback to legacy endpoint succeeded: http://localhost:5774/WebService/getSekolah?npsn=20252031
[2026-07-15 16:27:26] INFO - Successfully fetched 1 records from getSekolah
[2026-07-15 16:28:24] ERROR - Invalid JSON from Dapodik: Syntax error - snippet: { 'success' : false, 'message': 'Session telah habis. harap melakukan login kembali' }
[2026-07-15 16:28:24] WARNING - Fallback returned invalid JSON for http://localhost:5774/WebService/getSekolah: Syntax error - snippet: HTTP/1.0 403 Forbidden
Cache-Control: no-cache
Date:          Wed, 15 Jul 2026 16:28:24 GMT

{"success":false,"http_code":403,"status_code":"Forbidden","message":"Parameter NPSN harap diisi"}
[2026-07-15 16:28:25] INFO - Fallback to legacy endpoint succeeded: http://localhost:5774/WebService/getSekolah?npsn=20252031
[2026-07-15 16:28:25] INFO - Successfully fetched 1 records from getSekolah
[2026-07-15 16:28:25] ERROR - Invalid JSON from Dapodik: Syntax error - snippet: { 'success' : false, 'message': 'Session telah habis. harap melakukan login kembali' }
[2026-07-15 16:28:25] WARNING - Fallback returned invalid JSON for http://localhost:5774/WebService/getSekolah: Syntax error - snippet: HTTP/1.0 403 Forbidden
Cache-Control: no-cache
Date:          Wed, 15 Jul 2026 16:28:25 GMT

{"success":false,"http_code":403,"status_code":"Forbidden","message":"Parameter NPSN harap diisi"}
[2026-07-15 16:28:26] INFO - Fallback to legacy endpoint succeeded: http://localhost:5774/WebService/getSekolah?npsn=20252031
[2026-07-15 16:28:26] INFO - Successfully fetched 1 records from getSekolah
[2026-07-15 16:29:24] ERROR - Invalid JSON from Dapodik: Syntax error - snippet: { 'success' : false, 'message': 'Session telah habis. harap melakukan login kembali' }
[2026-07-15 16:29:24] WARNING - Fallback returned invalid JSON for http://localhost:5774/WebService/getSekolah: Syntax error - snippet: HTTP/1.0 403 Forbidden
Cache-Control: no-cache
Date:          Wed, 15 Jul 2026 16:29:24 GMT

{"success":false,"http_code":403,"status_code":"Forbidden","message":"Parameter NPSN harap diisi"}
[2026-07-15 16:29:25] INFO - Fallback to legacy endpoint succeeded: http://localhost:5774/WebService/getSekolah?npsn=20252031
[2026-07-15 16:29:25] INFO - Successfully fetched 1 records from getSekolah
[2026-07-15 16:29:25] ERROR - Invalid JSON from Dapodik: Syntax error - snippet: { 'success' : false, 'message': 'Session telah habis. harap melakukan login kembali' }
[2026-07-15 16:29:25] WARNING - Fallback returned invalid JSON for http://localhost:5774/WebService/getSekolah: Syntax error - snippet: HTTP/1.0 403 Forbidden
Cache-Control: no-cache
Date:          Wed, 15 Jul 2026 16:29:25 GMT

{"success":false,"http_code":403,"status_code":"Forbidden","message":"Parameter NPSN harap diisi"}
[2026-07-15 16:29:26] INFO - Fallback to legacy endpoint succeeded: http://localhost:5774/WebService/getSekolah?npsn=20252031
[2026-07-15 16:29:26] INFO - Successfully fetched 1 records from getSekolah
[2026-07-15 16:30:24] ERROR - Invalid JSON from Dapodik: Syntax error - snippet: { 'success' : false, 'message': 'Session telah habis. harap melakukan login kembali' }
[2026-07-15 16:30:24] WARNING - Fallback returned invalid JSON for http://localhost:5774/WebService/getSekolah: Syntax error - snippet: HTTP/1.0 403 Forbidden
Cache-Control: no-cache
Date:          Wed, 15 Jul 2026 16:30:24 GMT

{"success":false,"http_code":403,"status_code":"Forbidden","message":"Parameter NPSN harap diisi"}
[2026-07-15 16:30:25] INFO - Fallback to legacy endpoint succeeded: http://localhost:5774/WebService/getSekolah?npsn=20252031
[2026-07-15 16:30:25] INFO - Successfully fetched 1 records from getSekolah
[2026-07-15 16:30:25] ERROR - Invalid JSON from Dapodik: Syntax error - snippet: { 'success' : false, 'message': 'Session telah habis. harap melakukan login kembali' }
[2026-07-15 16:30:25] WARNING - Fallback returned invalid JSON for http://localhost:5774/WebService/getSekolah: Syntax error - snippet: HTTP/1.0 403 Forbidden
Cache-Control: no-cache
Date:          Wed, 15 Jul 2026 16:30:25 GMT

{"success":false,"http_code":403,"status_code":"Forbidden","message":"Parameter NPSN harap diisi"}
[2026-07-15 16:30:26] INFO - Fallback to legacy endpoint succeeded: http://localhost:5774/WebService/getSekolah?npsn=20252031
[2026-07-15 16:30:26] INFO - Successfully fetched 1 records from getSekolah
[2026-07-15 16:31:24] ERROR - Invalid JSON from Dapodik: Syntax error - snippet: { 'success' : false, 'message': 'Session telah habis. harap melakukan login kembali' }
[2026-07-15 16:31:24] WARNING - Fallback returned invalid JSON for http://localhost:5774/WebService/getSekolah: Syntax error - snippet: HTTP/1.0 403 Forbidden
Cache-Control: no-cache
Date:          Wed, 15 Jul 2026 16:31:24 GMT

{"success":false,"http_code":403,"status_code":"Forbidden","message":"Parameter NPSN harap diisi"}
[2026-07-15 16:31:25] INFO - Fallback to legacy endpoint succeeded: http://localhost:5774/WebService/getSekolah?npsn=20252031
[2026-07-15 16:31:25] INFO - Successfully fetched 1 records from getSekolah
[2026-07-15 16:31:25] ERROR - Invalid JSON from Dapodik: Syntax error - snippet: { 'success' : false, 'message': 'Session telah habis. harap melakukan login kembali' }
[2026-07-15 16:31:25] WARNING - Fallback returned invalid JSON for http://localhost:5774/WebService/getSekolah: Syntax error - snippet: HTTP/1.0 403 Forbidden
Cache-Control: no-cache
Date:          Wed, 15 Jul 2026 16:31:25 GMT

{"success":false,"http_code":403,"status_code":"Forbidden","message":"Parameter NPSN harap diisi"}
[2026-07-15 16:31:26] INFO - Fallback to legacy endpoint succeeded: http://localhost:5774/WebService/getSekolah?npsn=20252031
[2026-07-15 16:31:26] INFO - Successfully fetched 1 records from getSekolah
[2026-07-15 16:32:24] ERROR - Invalid JSON from Dapodik: Syntax error - snippet: { 'success' : false, 'message': 'Session telah habis. harap melakukan login kembali' }
[2026-07-15 16:32:24] WARNING - Fallback returned invalid JSON for http://localhost:5774/WebService/getSekolah: Syntax error - snippet: HTTP/1.0 403 Forbidden
Cache-Control: no-cache
Date:          Wed, 15 Jul 2026 16:32:24 GMT

{"success":false,"http_code":403,"status_code":"Forbidden","message":"Parameter NPSN harap diisi"}
[2026-07-15 16:32:25] INFO - Fallback to legacy endpoint succeeded: http://localhost:5774/WebService/getSekolah?npsn=20252031
[2026-07-15 16:32:25] INFO - Successfully fetched 1 records from getSekolah
[2026-07-15 16:32:25] ERROR - Invalid JSON from Dapodik: Syntax error - snippet: { 'success' : false, 'message': 'Session telah habis. harap melakukan login kembali' }
[2026-07-15 16:32:26] WARNING - Fallback returned invalid JSON for http://localhost:5774/WebService/getSekolah: Syntax error - snippet: HTTP/1.0 403 Forbidden
Cache-Control: no-cache
Date:          Wed, 15 Jul 2026 16:32:26 GMT

{"success":false,"http_code":403,"status_code":"Forbidden","message":"Parameter NPSN harap diisi"}
[2026-07-15 16:32:26] INFO - Fallback to legacy endpoint succeeded: http://localhost:5774/WebService/getSekolah?npsn=20252031
[2026-07-15 16:32:26] INFO - Successfully fetched 1 records from getSekolah
[2026-07-15 16:33:24] ERROR - Invalid JSON from Dapodik: Syntax error - snippet: { 'success' : false, 'message': 'Session telah habis. harap melakukan login kembali' }
[2026-07-15 16:33:24] WARNING - Fallback returned invalid JSON for http://localhost:5774/WebService/getSekolah: Syntax error - snippet: HTTP/1.0 403 Forbidden
Cache-Control: no-cache
Date:          Wed, 15 Jul 2026 16:33:24 GMT

{"success":false,"http_code":403,"status_code":"Forbidden","message":"Parameter NPSN harap diisi"}
[2026-07-15 16:33:25] INFO - Fallback to legacy endpoint succeeded: http://localhost:5774/WebService/getSekolah?npsn=20252031
[2026-07-15 16:33:25] INFO - Successfully fetched 1 records from getSekolah
[2026-07-15 16:33:25] ERROR - Invalid JSON from Dapodik: Syntax error - snippet: { 'success' : false, 'message': 'Session telah habis. harap melakukan login kembali' }
[2026-07-15 16:33:26] WARNING - Fallback returned invalid JSON for http://localhost:5774/WebService/getSekolah: Syntax error - snippet: HTTP/1.0 403 Forbidden
Cache-Control: no-cache
Date:          Wed, 15 Jul 2026 16:33:26 GMT

{"success":false,"http_code":403,"status_code":"Forbidden","message":"Parameter NPSN harap diisi"}
[2026-07-15 16:33:26] INFO - Fallback to legacy endpoint succeeded: http://localhost:5774/WebService/getSekolah?npsn=20252031
[2026-07-15 16:33:26] INFO - Successfully fetched 1 records from getSekolah
[2026-07-15 16:34:24] ERROR - Invalid JSON from Dapodik: Syntax error - snippet: { 'success' : false, 'message': 'Session telah habis. harap melakukan login kembali' }
[2026-07-15 16:34:24] WARNING - Fallback returned invalid JSON for http://localhost:5774/WebService/getSekolah: Syntax error - snippet: HTTP/1.0 403 Forbidden
Cache-Control: no-cache
Date:          Wed, 15 Jul 2026 16:34:24 GMT

{"success":false,"http_code":403,"status_code":"Forbidden","message":"Parameter NPSN harap diisi"}
[2026-07-15 16:34:25] INFO - Fallback to legacy endpoint succeeded: http://localhost:5774/WebService/getSekolah?npsn=20252031
[2026-07-15 16:34:25] INFO - Successfully fetched 1 records from getSekolah
[2026-07-15 16:34:25] ERROR - Invalid JSON from Dapodik: Syntax error - snippet: { 'success' : false, 'message': 'Session telah habis. harap melakukan login kembali' }
[2026-07-15 16:34:25] WARNING - Fallback returned invalid JSON for http://localhost:5774/WebService/getSekolah: Syntax error - snippet: HTTP/1.0 403 Forbidden
Cache-Control: no-cache
Date:          Wed, 15 Jul 2026 16:34:25 GMT

{"success":false,"http_code":403,"status_code":"Forbidden","message":"Parameter NPSN harap diisi"}
[2026-07-15 16:34:26] INFO - Fallback to legacy endpoint succeeded: http://localhost:5774/WebService/getSekolah?npsn=20252031
[2026-07-15 16:34:26] INFO - Successfully fetched 1 records from getSekolah
[2026-07-15 16:35:24] ERROR - Invalid JSON from Dapodik: Syntax error - snippet: { 'success' : false, 'message': 'Session telah habis. harap melakukan login kembali' }
[2026-07-15 16:35:24] WARNING - Fallback returned invalid JSON for http://localhost:5774/WebService/getSekolah: Syntax error - snippet: HTTP/1.0 403 Forbidden
Cache-Control: no-cache
Date:          Wed, 15 Jul 2026 16:35:24 GMT

{"success":false,"http_code":403,"status_code":"Forbidden","message":"Parameter NPSN harap diisi"}
[2026-07-15 16:35:25] INFO - Fallback to legacy endpoint succeeded: http://localhost:5774/WebService/getSekolah?npsn=20252031
[2026-07-15 16:35:25] INFO - Successfully fetched 1 records from getSekolah
[2026-07-15 16:35:25] ERROR - Invalid JSON from Dapodik: Syntax error - snippet: { 'success' : false, 'message': 'Session telah habis. harap melakukan login kembali' }
[2026-07-15 16:35:25] WARNING - Fallback returned invalid JSON for http://localhost:5774/WebService/getSekolah: Syntax error - snippet: HTTP/1.0 403 Forbidden
Cache-Control: no-cache
Date:          Wed, 15 Jul 2026 16:35:25 GMT

{"success":false,"http_code":403,"status_code":"Forbidden","message":"Parameter NPSN harap diisi"}
[2026-07-15 16:35:26] INFO - Fallback to legacy endpoint succeeded: http://localhost:5774/WebService/getSekolah?npsn=20252031
[2026-07-15 16:35:26] INFO - Successfully fetched 1 records from getSekolah
[2026-07-15 16:36:24] ERROR - Invalid JSON from Dapodik: Syntax error - snippet: { 'success' : false, 'message': 'Session telah habis. harap melakukan login kembali' }
[2026-07-15 16:36:24] WARNING - Fallback returned invalid JSON for http://localhost:5774/WebService/getSekolah: Syntax error - snippet: HTTP/1.0 403 Forbidden
Cache-Control: no-cache
Date:          Wed, 15 Jul 2026 16:36:24 GMT

{"success":false,"http_code":403,"status_code":"Forbidden","message":"Parameter NPSN harap diisi"}
[2026-07-15 16:36:25] INFO - Fallback to legacy endpoint succeeded: http://localhost:5774/WebService/getSekolah?npsn=20252031
[2026-07-15 16:36:25] INFO - Successfully fetched 1 records from getSekolah
[2026-07-15 16:36:25] ERROR - Invalid JSON from Dapodik: Syntax error - snippet: { 'success' : false, 'message': 'Session telah habis. harap melakukan login kembali' }
[2026-07-15 16:36:25] WARNING - Fallback returned invalid JSON for http://localhost:5774/WebService/getSekolah: Syntax error - snippet: HTTP/1.0 403 Forbidden
Cache-Control: no-cache
Date:          Wed, 15 Jul 2026 16:36:25 GMT

{"success":false,"http_code":403,"status_code":"Forbidden","message":"Parameter NPSN harap diisi"}
[2026-07-15 16:36:26] INFO - Fallback to legacy endpoint succeeded: http://localhost:5774/WebService/getSekolah?npsn=20252031
[2026-07-15 16:36:26] INFO - Successfully fetched 1 records from getSekolah
[2026-07-15 16:37:24] ERROR - Invalid JSON from Dapodik: Syntax error - snippet: { 'success' : false, 'message': 'Session telah habis. harap melakukan login kembali' }
[2026-07-15 16:37:24] WARNING - Fallback returned invalid JSON for http://localhost:5774/WebService/getSekolah: Syntax error - snippet: HTTP/1.0 403 Forbidden
Cache-Control: no-cache
Date:          Wed, 15 Jul 2026 16:37:24 GMT

{"success":false,"http_code":403,"status_code":"Forbidden","message":"Parameter NPSN harap diisi"}
[2026-07-15 16:37:25] INFO - Fallback to legacy endpoint succeeded: http://localhost:5774/WebService/getSekolah?npsn=20252031
[2026-07-15 16:37:25] INFO - Successfully fetched 1 records from getSekolah
[2026-07-15 16:37:25] ERROR - Invalid JSON from Dapodik: Syntax error - snippet: { 'success' : false, 'message': 'Session telah habis. harap melakukan login kembali' }
[2026-07-15 16:37:25] WARNING - Fallback returned invalid JSON for http://localhost:5774/WebService/getSekolah: Syntax error - snippet: HTTP/1.0 403 Forbidden
Cache-Control: no-cache
Date:          Wed, 15 Jul 2026 16:37:25 GMT

{"success":false,"http_code":403,"status_code":"Forbidden","message":"Parameter NPSN harap diisi"}
[2026-07-15 16:37:26] INFO - Fallback to legacy endpoint succeeded: http://localhost:5774/WebService/getSekolah?npsn=20252031
[2026-07-15 16:37:26] INFO - Successfully fetched 1 records from getSekolah
[2026-07-15 16:38:24] ERROR - Invalid JSON from Dapodik: Syntax error - snippet: { 'success' : false, 'message': 'Session telah habis. harap melakukan login kembali' }
[2026-07-15 16:38:24] WARNING - Fallback returned invalid JSON for http://localhost:5774/WebService/getSekolah: Syntax error - snippet: HTTP/1.0 403 Forbidden
Cache-Control: no-cache
Date:          Wed, 15 Jul 2026 16:38:24 GMT

{"success":false,"http_code":403,"status_code":"Forbidden","message":"Parameter NPSN harap diisi"}
[2026-07-15 16:38:25] INFO - Fallback to legacy endpoint succeeded: http://localhost:5774/WebService/getSekolah?npsn=20252031
[2026-07-15 16:38:25] INFO - Successfully fetched 1 records from getSekolah
[2026-07-15 16:38:25] ERROR - Invalid JSON from Dapodik: Syntax error - snippet: { 'success' : false, 'message': 'Session telah habis. harap melakukan login kembali' }
[2026-07-15 16:38:25] WARNING - Fallback returned invalid JSON for http://localhost:5774/WebService/getSekolah: Syntax error - snippet: HTTP/1.0 403 Forbidden
Cache-Control: no-cache
Date:          Wed, 15 Jul 2026 16:38:25 GMT

{"success":false,"http_code":403,"status_code":"Forbidden","message":"Parameter NPSN harap diisi"}
[2026-07-15 16:38:26] INFO - Fallback to legacy endpoint succeeded: http://localhost:5774/WebService/getSekolah?npsn=20252031
[2026-07-15 16:38:26] INFO - Successfully fetched 1 records from getSekolah
[2026-07-15 16:39:24] ERROR - Invalid JSON from Dapodik: Syntax error - snippet: { 'success' : false, 'message': 'Session telah habis. harap melakukan login kembali' }
[2026-07-15 16:39:24] WARNING - Fallback returned invalid JSON for http://localhost:5774/WebService/getSekolah: Syntax error - snippet: HTTP/1.0 403 Forbidden
Cache-Control: no-cache
Date:          Wed, 15 Jul 2026 16:39:24 GMT

{"success":false,"http_code":403,"status_code":"Forbidden","message":"Parameter NPSN harap diisi"}
[2026-07-15 16:39:25] INFO - Fallback to legacy endpoint succeeded: http://localhost:5774/WebService/getSekolah?npsn=20252031
[2026-07-15 16:39:25] INFO - Successfully fetched 1 records from getSekolah
[2026-07-15 16:39:25] ERROR - Invalid JSON from Dapodik: Syntax error - snippet: { 'success' : false, 'message': 'Session telah habis. harap melakukan login kembali' }
[2026-07-15 16:39:25] WARNING - Fallback returned invalid JSON for http://localhost:5774/WebService/getSekolah: Syntax error - snippet: HTTP/1.0 403 Forbidden
Cache-Control: no-cache
Date:          Wed, 15 Jul 2026 16:39:25 GMT

{"success":false,"http_code":403,"status_code":"Forbidden","message":"Parameter NPSN harap diisi"}
[2026-07-15 16:39:26] INFO - Fallback to legacy endpoint succeeded: http://localhost:5774/WebService/getSekolah?npsn=20252031
[2026-07-15 16:39:26] INFO - Successfully fetched 1 records from getSekolah
[2026-07-15 16:40:24] ERROR - Invalid JSON from Dapodik: Syntax error - snippet: { 'success' : false, 'message': 'Session telah habis. harap melakukan login kembali' }
[2026-07-15 16:40:24] WARNING - Fallback returned invalid JSON for http://localhost:5774/WebService/getSekolah: Syntax error - snippet: HTTP/1.0 403 Forbidden
Cache-Control: no-cache
Date:          Wed, 15 Jul 2026 16:40:24 GMT

{"success":false,"http_code":403,"status_code":"Forbidden","message":"Parameter NPSN harap diisi"}
[2026-07-15 16:40:25] INFO - Fallback to legacy endpoint succeeded: http://localhost:5774/WebService/getSekolah?npsn=20252031
[2026-07-15 16:40:25] INFO - Successfully fetched 1 records from getSekolah
[2026-07-15 16:40:25] ERROR - Invalid JSON from Dapodik: Syntax error - snippet: { 'success' : false, 'message': 'Session telah habis. harap melakukan login kembali' }
[2026-07-15 16:40:25] WARNING - Fallback returned invalid JSON for http://localhost:5774/WebService/getSekolah: Syntax error - snippet: HTTP/1.0 403 Forbidden
Cache-Control: no-cache
Date:          Wed, 15 Jul 2026 16:40:25 GMT

{"success":false,"http_code":403,"status_code":"Forbidden","message":"Parameter NPSN harap diisi"}
[2026-07-15 16:40:26] INFO - Fallback to legacy endpoint succeeded: http://localhost:5774/WebService/getSekolah?npsn=20252031
[2026-07-15 16:40:26] INFO - Successfully fetched 1 records from getSekolah
[2026-07-15 16:41:24] ERROR - Invalid JSON from Dapodik: Syntax error - snippet: { 'success' : false, 'message': 'Session telah habis. harap melakukan login kembali' }
[2026-07-15 16:41:24] WARNING - Fallback returned invalid JSON for http://localhost:5774/WebService/getSekolah: Syntax error - snippet: HTTP/1.0 403 Forbidden
Cache-Control: no-cache
Date:          Wed, 15 Jul 2026 16:41:24 GMT

{"success":false,"http_code":403,"status_code":"Forbidden","message":"Parameter NPSN harap diisi"}
[2026-07-15 16:41:25] INFO - Fallback to legacy endpoint succeeded: http://localhost:5774/WebService/getSekolah?npsn=20252031
[2026-07-15 16:41:25] INFO - Successfully fetched 1 records from getSekolah
[2026-07-15 16:41:25] ERROR - Invalid JSON from Dapodik: Syntax error - snippet: { 'success' : false, 'message': 'Session telah habis. harap melakukan login kembali' }
[2026-07-15 16:41:25] WARNING - Fallback returned invalid JSON for http://localhost:5774/WebService/getSekolah: Syntax error - snippet: HTTP/1.0 403 Forbidden
Cache-Control: no-cache
Date:          Wed, 15 Jul 2026 16:41:25 GMT

{"success":false,"http_code":403,"status_code":"Forbidden","message":"Parameter NPSN harap diisi"}
[2026-07-15 16:41:26] INFO - Fallback to legacy endpoint succeeded: http://localhost:5774/WebService/getSekolah?npsn=20252031
[2026-07-15 16:41:26] INFO - Successfully fetched 1 records from getSekolah
[2026-07-15 16:42:24] ERROR - Invalid JSON from Dapodik: Syntax error - snippet: { 'success' : false, 'message': 'Session telah habis. harap melakukan login kembali' }
[2026-07-15 16:42:24] WARNING - Fallback returned invalid JSON for http://localhost:5774/WebService/getSekolah: Syntax error - snippet: HTTP/1.0 403 Forbidden
Cache-Control: no-cache
Date:          Wed, 15 Jul 2026 16:42:24 GMT

{"success":false,"http_code":403,"status_code":"Forbidden","message":"Parameter NPSN harap diisi"}
[2026-07-15 16:42:25] INFO - Fallback to legacy endpoint succeeded: http://localhost:5774/WebService/getSekolah?npsn=20252031
[2026-07-15 16:42:25] INFO - Successfully fetched 1 records from getSekolah
[2026-07-15 16:42:25] ERROR - Invalid JSON from Dapodik: Syntax error - snippet: { 'success' : false, 'message': 'Session telah habis. harap melakukan login kembali' }
[2026-07-15 16:42:25] WARNING - Fallback returned invalid JSON for http://localhost:5774/WebService/getSekolah: Syntax error - snippet: HTTP/1.0 403 Forbidden
Cache-Control: no-cache
Date:          Wed, 15 Jul 2026 16:42:25 GMT

{"success":false,"http_code":403,"status_code":"Forbidden","message":"Parameter NPSN harap diisi"}
[2026-07-15 16:42:26] INFO - Fallback to legacy endpoint succeeded: http://localhost:5774/WebService/getSekolah?npsn=20252031
[2026-07-15 16:42:26] INFO - Successfully fetched 1 records from getSekolah
[2026-07-15 16:43:24] ERROR - Invalid JSON from Dapodik: Syntax error - snippet: { 'success' : false, 'message': 'Session telah habis. harap melakukan login kembali' }
[2026-07-15 16:43:24] WARNING - Fallback returned invalid JSON for http://localhost:5774/WebService/getSekolah: Syntax error - snippet: HTTP/1.0 403 Forbidden
Cache-Control: no-cache
Date:          Wed, 15 Jul 2026 16:43:24 GMT

{"success":false,"http_code":403,"status_code":"Forbidden","message":"Parameter NPSN harap diisi"}
[2026-07-15 16:43:25] INFO - Fallback to legacy endpoint succeeded: http://localhost:5774/WebService/getSekolah?npsn=20252031
[2026-07-15 16:43:25] INFO - Successfully fetched 1 records from getSekolah
[2026-07-15 16:43:25] ERROR - Invalid JSON from Dapodik: Syntax error - snippet: { 'success' : false, 'message': 'Session telah habis. harap melakukan login kembali' }
[2026-07-15 16:43:25] WARNING - Fallback returned invalid JSON for http://localhost:5774/WebService/getSekolah: Syntax error - snippet: HTTP/1.0 403 Forbidden
Cache-Control: no-cache
Date:          Wed, 15 Jul 2026 16:43:25 GMT

{"success":false,"http_code":403,"status_code":"Forbidden","message":"Parameter NPSN harap diisi"}
[2026-07-15 16:43:26] INFO - Fallback to legacy endpoint succeeded: http://localhost:5774/WebService/getSekolah?npsn=20252031
[2026-07-15 16:43:26] INFO - Successfully fetched 1 records from getSekolah
[2026-07-15 16:44:24] ERROR - Invalid JSON from Dapodik: Syntax error - snippet: { 'success' : false, 'message': 'Session telah habis. harap melakukan login kembali' }
[2026-07-15 16:44:24] WARNING - Fallback returned invalid JSON for http://localhost:5774/WebService/getSekolah: Syntax error - snippet: HTTP/1.0 403 Forbidden
Cache-Control: no-cache
Date:          Wed, 15 Jul 2026 16:44:24 GMT

{"success":false,"http_code":403,"status_code":"Forbidden","message":"Parameter NPSN harap diisi"}
[2026-07-15 16:44:25] INFO - Fallback to legacy endpoint succeeded: http://localhost:5774/WebService/getSekolah?npsn=20252031
[2026-07-15 16:44:25] INFO - Successfully fetched 1 records from getSekolah
[2026-07-15 16:44:25] ERROR - Invalid JSON from Dapodik: Syntax error - snippet: { 'success' : false, 'message': 'Session telah habis. harap melakukan login kembali' }
[2026-07-15 16:44:25] WARNING - Fallback returned invalid JSON for http://localhost:5774/WebService/getSekolah: Syntax error - snippet: HTTP/1.0 403 Forbidden
Cache-Control: no-cache
Date:          Wed, 15 Jul 2026 16:44:25 GMT

{"success":false,"http_code":403,"status_code":"Forbidden","message":"Parameter NPSN harap diisi"}
[2026-07-15 16:44:26] INFO - Fallback to legacy endpoint succeeded: http://localhost:5774/WebService/getSekolah?npsn=20252031
[2026-07-15 16:44:26] INFO - Successfully fetched 1 records from getSekolah
[2026-07-15 16:45:23] ERROR - Invalid JSON from Dapodik: Syntax error - snippet: { 'success' : false, 'message': 'Session telah habis. harap melakukan login kembali' }
[2026-07-15 16:45:23] WARNING - Fallback returned invalid JSON for http://localhost:5774/WebService/getSekolah: Syntax error - snippet: HTTP/1.0 403 Forbidden
Cache-Control: no-cache
Date:          Wed, 15 Jul 2026 16:45:23 GMT

{"success":false,"http_code":403,"status_code":"Forbidden","message":"Parameter NPSN harap diisi"}
[2026-07-15 16:45:24] INFO - Fallback to legacy endpoint succeeded: http://localhost:5774/WebService/getSekolah?npsn=20252031
[2026-07-15 16:45:24] INFO - Successfully fetched 1 records from getSekolah
[2026-07-15 16:45:24] ERROR - Invalid JSON from Dapodik: Syntax error - snippet: { 'success' : false, 'message': 'Session telah habis. harap melakukan login kembali' }
[2026-07-15 16:45:24] WARNING - Fallback returned invalid JSON for http://localhost:5774/WebService/getSekolah: Syntax error - snippet: HTTP/1.0 403 Forbidden
Cache-Control: no-cache
Date:          Wed, 15 Jul 2026 16:45:24 GMT

{"success":false,"http_code":403,"status_code":"Forbidden","message":"Parameter NPSN harap diisi"}
[2026-07-15 16:45:25] INFO - Fallback to legacy endpoint succeeded: http://localhost:5774/WebService/getSekolah?npsn=20252031
[2026-07-15 16:45:25] INFO - Successfully fetched 1 records from getSekolah
[2026-07-15 16:46:23] ERROR - Invalid JSON from Dapodik: Syntax error - snippet: { 'success' : false, 'message': 'Session telah habis. harap melakukan login kembali' }
[2026-07-15 16:46:23] WARNING - Fallback returned invalid JSON for http://localhost:5774/WebService/getSekolah: Syntax error - snippet: HTTP/1.0 403 Forbidden
Cache-Control: no-cache
Date:          Wed, 15 Jul 2026 16:46:23 GMT

{"success":false,"http_code":403,"status_code":"Forbidden","message":"Parameter NPSN harap diisi"}
[2026-07-15 16:46:24] INFO - Fallback to legacy endpoint succeeded: http://localhost:5774/WebService/getSekolah?npsn=20252031
[2026-07-15 16:46:24] INFO - Successfully fetched 1 records from getSekolah
[2026-07-15 16:46:24] ERROR - Invalid JSON from Dapodik: Syntax error - snippet: { 'success' : false, 'message': 'Session telah habis. harap melakukan login kembali' }
[2026-07-15 16:46:24] WARNING - Fallback returned invalid JSON for http://localhost:5774/WebService/getSekolah: Syntax error - snippet: HTTP/1.0 403 Forbidden
Cache-Control: no-cache
Date:          Wed, 15 Jul 2026 16:46:24 GMT

{"success":false,"http_code":403,"status_code":"Forbidden","message":"Parameter NPSN harap diisi"}
[2026-07-15 16:46:25] INFO - Fallback to legacy endpoint succeeded: http://localhost:5774/WebService/getSekolah?npsn=20252031
[2026-07-15 16:46:25] INFO - Successfully fetched 1 records from getSekolah
[2026-07-15 16:47:23] ERROR - Invalid JSON from Dapodik: Syntax error - snippet: { 'success' : false, 'message': 'Session telah habis. harap melakukan login kembali' }
[2026-07-15 16:47:23] WARNING - Fallback returned invalid JSON for http://localhost:5774/WebService/getSekolah: Syntax error - snippet: HTTP/1.0 403 Forbidden
Cache-Control: no-cache
Date:          Wed, 15 Jul 2026 16:47:23 GMT

{"success":false,"http_code":403,"status_code":"Forbidden","message":"Parameter NPSN harap diisi"}
[2026-07-15 16:47:24] INFO - Fallback to legacy endpoint succeeded: http://localhost:5774/WebService/getSekolah?npsn=20252031
[2026-07-15 16:47:24] INFO - Successfully fetched 1 records from getSekolah
[2026-07-15 16:47:24] ERROR - Invalid JSON from Dapodik: Syntax error - snippet: { 'success' : false, 'message': 'Session telah habis. harap melakukan login kembali' }
[2026-07-15 16:47:24] WARNING - Fallback returned invalid JSON for http://localhost:5774/WebService/getSekolah: Syntax error - snippet: HTTP/1.0 403 Forbidden
Cache-Control: no-cache
Date:          Wed, 15 Jul 2026 16:47:24 GMT

{"success":false,"http_code":403,"status_code":"Forbidden","message":"Parameter NPSN harap diisi"}
[2026-07-15 16:47:25] INFO - Fallback to legacy endpoint succeeded: http://localhost:5774/WebService/getSekolah?npsn=20252031
[2026-07-15 16:47:25] INFO - Successfully fetched 1 records from getSekolah
[2026-07-15 16:48:23] ERROR - Invalid JSON from Dapodik: Syntax error - snippet: { 'success' : false, 'message': 'Session telah habis. harap melakukan login kembali' }
[2026-07-15 16:48:23] WARNING - Fallback returned invalid JSON for http://localhost:5774/WebService/getSekolah: Syntax error - snippet: HTTP/1.0 403 Forbidden
Cache-Control: no-cache
Date:          Wed, 15 Jul 2026 16:48:23 GMT

{"success":false,"http_code":403,"status_code":"Forbidden","message":"Parameter NPSN harap diisi"}
[2026-07-15 16:48:24] INFO - Fallback to legacy endpoint succeeded: http://localhost:5774/WebService/getSekolah?npsn=20252031
[2026-07-15 16:48:24] INFO - Successfully fetched 1 records from getSekolah
[2026-07-15 16:48:24] ERROR - Invalid JSON from Dapodik: Syntax error - snippet: { 'success' : false, 'message': 'Session telah habis. harap melakukan login kembali' }
[2026-07-15 16:48:24] WARNING - Fallback returned invalid JSON for http://localhost:5774/WebService/getSekolah: Syntax error - snippet: HTTP/1.0 403 Forbidden
Cache-Control: no-cache
Date:          Wed, 15 Jul 2026 16:48:24 GMT

{"success":false,"http_code":403,"status_code":"Forbidden","message":"Parameter NPSN harap diisi"}
[2026-07-15 16:48:25] INFO - Fallback to legacy endpoint succeeded: http://localhost:5774/WebService/getSekolah?npsn=20252031
[2026-07-15 16:48:25] INFO - Successfully fetched 1 records from getSekolah
[2026-07-15 16:49:23] ERROR - Invalid JSON from Dapodik: Syntax error - snippet: { 'success' : false, 'message': 'Session telah habis. harap melakukan login kembali' }
[2026-07-15 16:49:23] WARNING - Fallback returned invalid JSON for http://localhost:5774/WebService/getSekolah: Syntax error - snippet: HTTP/1.0 403 Forbidden
Cache-Control: no-cache
Date:          Wed, 15 Jul 2026 16:49:23 GMT

{"success":false,"http_code":403,"status_code":"Forbidden","message":"Parameter NPSN harap diisi"}
[2026-07-15 16:49:24] INFO - Fallback to legacy endpoint succeeded: http://localhost:5774/WebService/getSekolah?npsn=20252031
[2026-07-15 16:49:24] INFO - Successfully fetched 1 records from getSekolah
[2026-07-15 16:49:24] ERROR - Invalid JSON from Dapodik: Syntax error - snippet: { 'success' : false, 'message': 'Session telah habis. harap melakukan login kembali' }
[2026-07-15 16:49:24] WARNING - Fallback returned invalid JSON for http://localhost:5774/WebService/getSekolah: Syntax error - snippet: HTTP/1.0 403 Forbidden
Cache-Control: no-cache
Date:          Wed, 15 Jul 2026 16:49:24 GMT

{"success":false,"http_code":403,"status_code":"Forbidden","message":"Parameter NPSN harap diisi"}
[2026-07-15 16:49:25] INFO - Fallback to legacy endpoint succeeded: http://localhost:5774/WebService/getSekolah?npsn=20252031
[2026-07-15 16:49:25] INFO - Successfully fetched 1 records from getSekolah
[2026-07-15 16:50:23] ERROR - Invalid JSON from Dapodik: Syntax error - snippet: { 'success' : false, 'message': 'Session telah habis. harap melakukan login kembali' }
[2026-07-15 16:50:23] WARNING - Fallback returned invalid JSON for http://localhost:5774/WebService/getSekolah: Syntax error - snippet: HTTP/1.0 403 Forbidden
Cache-Control: no-cache
Date:          Wed, 15 Jul 2026 16:50:23 GMT

{"success":false,"http_code":403,"status_code":"Forbidden","message":"Parameter NPSN harap diisi"}
[2026-07-15 16:50:24] INFO - Fallback to legacy endpoint succeeded: http://localhost:5774/WebService/getSekolah?npsn=20252031
[2026-07-15 16:50:24] INFO - Successfully fetched 1 records from getSekolah
[2026-07-15 16:50:24] ERROR - Invalid JSON from Dapodik: Syntax error - snippet: { 'success' : false, 'message': 'Session telah habis. harap melakukan login kembali' }
[2026-07-15 16:50:24] WARNING - Fallback returned invalid JSON for http://localhost:5774/WebService/getSekolah: Syntax error - snippet: HTTP/1.0 403 Forbidden
Cache-Control: no-cache
Date:          Wed, 15 Jul 2026 16:50:24 GMT

{"success":false,"http_code":403,"status_code":"Forbidden","message":"Parameter NPSN harap diisi"}
[2026-07-15 16:50:25] INFO - Fallback to legacy endpoint succeeded: http://localhost:5774/WebService/getSekolah?npsn=20252031
[2026-07-15 16:50:25] INFO - Successfully fetched 1 records from getSekolah
[2026-07-15 16:51:23] ERROR - Invalid JSON from Dapodik: Syntax error - snippet: { 'success' : false, 'message': 'Session telah habis. harap melakukan login kembali' }
[2026-07-15 16:51:23] WARNING - Fallback returned invalid JSON for http://localhost:5774/WebService/getSekolah: Syntax error - snippet: HTTP/1.0 403 Forbidden
Cache-Control: no-cache
Date:          Wed, 15 Jul 2026 16:51:23 GMT

{"success":false,"http_code":403,"status_code":"Forbidden","message":"Parameter NPSN harap diisi"}
[2026-07-15 16:51:24] INFO - Fallback to legacy endpoint succeeded: http://localhost:5774/WebService/getSekolah?npsn=20252031
[2026-07-15 16:51:24] INFO - Successfully fetched 1 records from getSekolah
[2026-07-15 16:51:24] ERROR - Invalid JSON from Dapodik: Syntax error - snippet: { 'success' : false, 'message': 'Session telah habis. harap melakukan login kembali' }
[2026-07-15 16:51:24] WARNING - Fallback returned invalid JSON for http://localhost:5774/WebService/getSekolah: Syntax error - snippet: HTTP/1.0 403 Forbidden
Cache-Control: no-cache
Date:          Wed, 15 Jul 2026 16:51:24 GMT

{"success":false,"http_code":403,"status_code":"Forbidden","message":"Parameter NPSN harap diisi"}
[2026-07-15 16:51:25] INFO - Fallback to legacy endpoint succeeded: http://localhost:5774/WebService/getSekolah?npsn=20252031
[2026-07-15 16:51:25] INFO - Successfully fetched 1 records from getSekolah
[2026-07-15 16:52:23] ERROR - Invalid JSON from Dapodik: Syntax error - snippet: { 'success' : false, 'message': 'Session telah habis. harap melakukan login kembali' }
[2026-07-15 16:52:23] WARNING - Fallback returned invalid JSON for http://localhost:5774/WebService/getSekolah: Syntax error - snippet: HTTP/1.0 403 Forbidden
Cache-Control: no-cache
Date:          Wed, 15 Jul 2026 16:52:23 GMT

{"success":false,"http_code":403,"status_code":"Forbidden","message":"Parameter NPSN harap diisi"}
[2026-07-15 16:52:24] INFO - Fallback to legacy endpoint succeeded: http://localhost:5774/WebService/getSekolah?npsn=20252031
[2026-07-15 16:52:24] INFO - Successfully fetched 1 records from getSekolah
[2026-07-15 16:52:24] ERROR - Invalid JSON from Dapodik: Syntax error - snippet: { 'success' : false, 'message': 'Session telah habis. harap melakukan login kembali' }
[2026-07-15 16:52:24] WARNING - Fallback returned invalid JSON for http://localhost:5774/WebService/getSekolah: Syntax error - snippet: HTTP/1.0 403 Forbidden
Cache-Control: no-cache
Date:          Wed, 15 Jul 2026 16:52:24 GMT

{"success":false,"http_code":403,"status_code":"Forbidden","message":"Parameter NPSN harap diisi"}
[2026-07-15 16:52:25] INFO - Fallback to legacy endpoint succeeded: http://localhost:5774/WebService/getSekolah?npsn=20252031
[2026-07-15 16:52:25] INFO - Successfully fetched 1 records from getSekolah
[2026-07-15 16:53:23] ERROR - Invalid JSON from Dapodik: Syntax error - snippet: { 'success' : false, 'message': 'Session telah habis. harap melakukan login kembali' }
[2026-07-15 16:53:23] WARNING - Fallback returned invalid JSON for http://localhost:5774/WebService/getSekolah: Syntax error - snippet: HTTP/1.0 403 Forbidden
Cache-Control: no-cache
Date:          Wed, 15 Jul 2026 16:53:23 GMT

{"success":false,"http_code":403,"status_code":"Forbidden","message":"Parameter NPSN harap diisi"}
[2026-07-15 16:53:24] INFO - Fallback to legacy endpoint succeeded: http://localhost:5774/WebService/getSekolah?npsn=20252031
[2026-07-15 16:53:24] INFO - Successfully fetched 1 records from getSekolah
[2026-07-15 16:53:24] ERROR - Invalid JSON from Dapodik: Syntax error - snippet: { 'success' : false, 'message': 'Session telah habis. harap melakukan login kembali' }
[2026-07-15 16:53:24] WARNING - Fallback returned invalid JSON for http://localhost:5774/WebService/getSekolah: Syntax error - snippet: HTTP/1.0 403 Forbidden
Cache-Control: no-cache
Date:          Wed, 15 Jul 2026 16:53:24 GMT

{"success":false,"http_code":403,"status_code":"Forbidden","message":"Parameter NPSN harap diisi"}
[2026-07-15 16:53:25] INFO - Fallback to legacy endpoint succeeded: http://localhost:5774/WebService/getSekolah?npsn=20252031
[2026-07-15 16:53:25] INFO - Successfully fetched 1 records from getSekolah
[2026-07-15 16:54:23] ERROR - Invalid JSON from Dapodik: Syntax error - snippet: { 'success' : false, 'message': 'Session telah habis. harap melakukan login kembali' }
[2026-07-15 16:54:23] WARNING - Fallback returned invalid JSON for http://localhost:5774/WebService/getSekolah: Syntax error - snippet: HTTP/1.0 403 Forbidden
Cache-Control: no-cache
Date:          Wed, 15 Jul 2026 16:54:23 GMT

{"success":false,"http_code":403,"status_code":"Forbidden","message":"Parameter NPSN harap diisi"}
[2026-07-15 16:54:24] INFO - Fallback to legacy endpoint succeeded: http://localhost:5774/WebService/getSekolah?npsn=20252031
[2026-07-15 16:54:24] INFO - Successfully fetched 1 records from getSekolah
[2026-07-15 16:54:24] ERROR - Invalid JSON from Dapodik: Syntax error - snippet: { 'success' : false, 'message': 'Session telah habis. harap melakukan login kembali' }
[2026-07-15 16:54:24] WARNING - Fallback returned invalid JSON for http://localhost:5774/WebService/getSekolah: Syntax error - snippet: HTTP/1.0 403 Forbidden
Cache-Control: no-cache
Date:          Wed, 15 Jul 2026 16:54:24 GMT

{"success":false,"http_code":403,"status_code":"Forbidden","message":"Parameter NPSN harap diisi"}
[2026-07-15 16:54:25] INFO - Fallback to legacy endpoint succeeded: http://localhost:5774/WebService/getSekolah?npsn=20252031
[2026-07-15 16:54:25] INFO - Successfully fetched 1 records from getSekolah
[2026-07-15 16:55:23] ERROR - Invalid JSON from Dapodik: Syntax error - snippet: { 'success' : false, 'message': 'Session telah habis. harap melakukan login kembali' }
[2026-07-15 16:55:23] WARNING - Fallback returned invalid JSON for http://localhost:5774/WebService/getSekolah: Syntax error - snippet: HTTP/1.0 403 Forbidden
Cache-Control: no-cache
Date:          Wed, 15 Jul 2026 16:55:23 GMT

{"success":false,"http_code":403,"status_code":"Forbidden","message":"Parameter NPSN harap diisi"}
[2026-07-15 16:55:24] INFO - Fallback to legacy endpoint succeeded: http://localhost:5774/WebService/getSekolah?npsn=20252031
[2026-07-15 16:55:24] INFO - Successfully fetched 1 records from getSekolah
[2026-07-15 16:55:24] ERROR - Invalid JSON from Dapodik: Syntax error - snippet: { 'success' : false, 'message': 'Session telah habis. harap melakukan login kembali' }
[2026-07-15 16:55:24] WARNING - Fallback returned invalid JSON for http://localhost:5774/WebService/getSekolah: Syntax error - snippet: HTTP/1.0 403 Forbidden
Cache-Control: no-cache
Date:          Wed, 15 Jul 2026 16:55:24 GMT

{"success":false,"http_code":403,"status_code":"Forbidden","message":"Parameter NPSN harap diisi"}
[2026-07-15 16:55:25] INFO - Fallback to legacy endpoint succeeded: http://localhost:5774/WebService/getSekolah?npsn=20252031
[2026-07-15 16:55:25] INFO - Successfully fetched 1 records from getSekolah
[2026-07-15 16:56:23] ERROR - Invalid JSON from Dapodik: Syntax error - snippet: { 'success' : false, 'message': 'Session telah habis. harap melakukan login kembali' }
[2026-07-15 16:56:23] WARNING - Fallback returned invalid JSON for http://localhost:5774/WebService/getSekolah: Syntax error - snippet: HTTP/1.0 403 Forbidden
Cache-Control: no-cache
Date:          Wed, 15 Jul 2026 16:56:23 GMT

{"success":false,"http_code":403,"status_code":"Forbidden","message":"Parameter NPSN harap diisi"}
[2026-07-15 16:56:24] INFO - Fallback to legacy endpoint succeeded: http://localhost:5774/WebService/getSekolah?npsn=20252031
[2026-07-15 16:56:24] INFO - Successfully fetched 1 records from getSekolah
[2026-07-15 16:56:24] ERROR - Invalid JSON from Dapodik: Syntax error - snippet: { 'success' : false, 'message': 'Session telah habis. harap melakukan login kembali' }
[2026-07-15 16:56:24] WARNING - Fallback returned invalid JSON for http://localhost:5774/WebService/getSekolah: Syntax error - snippet: HTTP/1.0 403 Forbidden
Cache-Control: no-cache
Date:          Wed, 15 Jul 2026 16:56:24 GMT

{"success":false,"http_code":403,"status_code":"Forbidden","message":"Parameter NPSN harap diisi"}
[2026-07-15 16:56:25] INFO - Fallback to legacy endpoint succeeded: http://localhost:5774/WebService/getSekolah?npsn=20252031
[2026-07-15 16:56:25] INFO - Successfully fetched 1 records from getSekolah
[2026-07-15 16:57:23] ERROR - Invalid JSON from Dapodik: Syntax error - snippet: { 'success' : false, 'message': 'Session telah habis. harap melakukan login kembali' }
[2026-07-15 16:57:23] WARNING - Fallback returned invalid JSON for http://localhost:5774/WebService/getSekolah: Syntax error - snippet: HTTP/1.0 403 Forbidden
Cache-Control: no-cache
Date:          Wed, 15 Jul 2026 16:57:23 GMT

{"success":false,"http_code":403,"status_code":"Forbidden","message":"Parameter NPSN harap diisi"}
[2026-07-15 16:57:24] INFO - Fallback to legacy endpoint succeeded: http://localhost:5774/WebService/getSekolah?npsn=20252031
[2026-07-15 16:57:24] INFO - Successfully fetched 1 records from getSekolah
[2026-07-15 16:57:24] ERROR - Invalid JSON from Dapodik: Syntax error - snippet: { 'success' : false, 'message': 'Session telah habis. harap melakukan login kembali' }
[2026-07-15 16:57:24] WARNING - Fallback returned invalid JSON for http://localhost:5774/WebService/getSekolah: Syntax error - snippet: HTTP/1.0 403 Forbidden
Cache-Control: no-cache
Date:          Wed, 15 Jul 2026 16:57:24 GMT

{"success":false,"http_code":403,"status_code":"Forbidden","message":"Parameter NPSN harap diisi"}
[2026-07-15 16:57:25] INFO - Fallback to legacy endpoint succeeded: http://localhost:5774/WebService/getSekolah?npsn=20252031
[2026-07-15 16:57:25] INFO - Successfully fetched 1 records from getSekolah
[2026-07-15 16:58:23] ERROR - Invalid JSON from Dapodik: Syntax error - snippet: { 'success' : false, 'message': 'Session telah habis. harap melakukan login kembali' }
[2026-07-15 16:58:23] WARNING - Fallback returned invalid JSON for http://localhost:5774/WebService/getSekolah: Syntax error - snippet: HTTP/1.0 403 Forbidden
Cache-Control: no-cache
Date:          Wed, 15 Jul 2026 16:58:23 GMT

{"success":false,"http_code":403,"status_code":"Forbidden","message":"Parameter NPSN harap diisi"}
[2026-07-15 16:58:24] INFO - Fallback to legacy endpoint succeeded: http://localhost:5774/WebService/getSekolah?npsn=20252031
[2026-07-15 16:58:24] INFO - Successfully fetched 1 records from getSekolah
[2026-07-15 16:58:24] ERROR - Invalid JSON from Dapodik: Syntax error - snippet: { 'success' : false, 'message': 'Session telah habis. harap melakukan login kembali' }
[2026-07-15 16:58:24] WARNING - Fallback returned invalid JSON for http://localhost:5774/WebService/getSekolah: Syntax error - snippet: HTTP/1.0 403 Forbidden
Cache-Control: no-cache
Date:          Wed, 15 Jul 2026 16:58:24 GMT

{"success":false,"http_code":403,"status_code":"Forbidden","message":"Parameter NPSN harap diisi"}
[2026-07-15 16:58:25] INFO - Fallback to legacy endpoint succeeded: http://localhost:5774/WebService/getSekolah?npsn=20252031
[2026-07-15 16:58:25] INFO - Successfully fetched 1 records from getSekolah
[2026-07-15 16:59:23] ERROR - Invalid JSON from Dapodik: Syntax error - snippet: { 'success' : false, 'message': 'Session telah habis. harap melakukan login kembali' }
[2026-07-15 16:59:23] WARNING - Fallback returned invalid JSON for http://localhost:5774/WebService/getSekolah: Syntax error - snippet: HTTP/1.0 403 Forbidden
Cache-Control: no-cache
Date:          Wed, 15 Jul 2026 16:59:23 GMT

{"success":false,"http_code":403,"status_code":"Forbidden","message":"Parameter NPSN harap diisi"}
[2026-07-15 16:59:24] INFO - Fallback to legacy endpoint succeeded: http://localhost:5774/WebService/getSekolah?npsn=20252031
[2026-07-15 16:59:24] INFO - Successfully fetched 1 records from getSekolah
[2026-07-15 16:59:24] ERROR - Invalid JSON from Dapodik: Syntax error - snippet: { 'success' : false, 'message': 'Session telah habis. harap melakukan login kembali' }
[2026-07-15 16:59:24] WARNING - Fallback returned invalid JSON for http://localhost:5774/WebService/getSekolah: Syntax error - snippet: HTTP/1.0 403 Forbidden
Cache-Control: no-cache
Date:          Wed, 15 Jul 2026 16:59:24 GMT

{"success":false,"http_code":403,"status_code":"Forbidden","message":"Parameter NPSN harap diisi"}
[2026-07-15 16:59:25] INFO - Fallback to legacy endpoint succeeded: http://localhost:5774/WebService/getSekolah?npsn=20252031
[2026-07-15 16:59:25] INFO - Successfully fetched 1 records from getSekolah
[2026-07-15 17:00:23] ERROR - Invalid JSON from Dapodik: Syntax error - snippet: { 'success' : false, 'message': 'Session telah habis. harap melakukan login kembali' }
[2026-07-15 17:00:23] WARNING - Fallback returned invalid JSON for http://localhost:5774/WebService/getSekolah: Syntax error - snippet: HTTP/1.0 403 Forbidden
Cache-Control: no-cache
Date:          Wed, 15 Jul 2026 17:00:23 GMT

{"success":false,"http_code":403,"status_code":"Forbidden","message":"Parameter NPSN harap diisi"}
[2026-07-15 17:00:24] INFO - Fallback to legacy endpoint succeeded: http://localhost:5774/WebService/getSekolah?npsn=20252031
[2026-07-15 17:00:24] INFO - Successfully fetched 1 records from getSekolah
[2026-07-15 17:00:24] ERROR - Invalid JSON from Dapodik: Syntax error - snippet: { 'success' : false, 'message': 'Session telah habis. harap melakukan login kembali' }
[2026-07-15 17:00:24] WARNING - Fallback returned invalid JSON for http://localhost:5774/WebService/getSekolah: Syntax error - snippet: HTTP/1.0 403 Forbidden
Cache-Control: no-cache
Date:          Wed, 15 Jul 2026 17:00:24 GMT

{"success":false,"http_code":403,"status_code":"Forbidden","message":"Parameter NPSN harap diisi"}
[2026-07-15 17:00:25] INFO - Fallback to legacy endpoint succeeded: http://localhost:5774/WebService/getSekolah?npsn=20252031
[2026-07-15 17:00:25] INFO - Successfully fetched 1 records from getSekolah
[2026-07-15 17:01:23] ERROR - Invalid JSON from Dapodik: Syntax error - snippet: { 'success' : false, 'message': 'Session telah habis. harap melakukan login kembali' }
[2026-07-15 17:01:23] WARNING - Fallback returned invalid JSON for http://localhost:5774/WebService/getSekolah: Syntax error - snippet: HTTP/1.0 403 Forbidden
Cache-Control: no-cache
Date:          Wed, 15 Jul 2026 17:01:23 GMT

{"success":false,"http_code":403,"status_code":"Forbidden","message":"Parameter NPSN harap diisi"}
[2026-07-15 17:01:24] INFO - Fallback to legacy endpoint succeeded: http://localhost:5774/WebService/getSekolah?npsn=20252031
[2026-07-15 17:01:24] INFO - Successfully fetched 1 records from getSekolah
[2026-07-15 17:01:24] ERROR - Invalid JSON from Dapodik: Syntax error - snippet: { 'success' : false, 'message': 'Session telah habis. harap melakukan login kembali' }
[2026-07-15 17:01:24] WARNING - Fallback returned invalid JSON for http://localhost:5774/WebService/getSekolah: Syntax error - snippet: HTTP/1.0 403 Forbidden
Cache-Control: no-cache
Date:          Wed, 15 Jul 2026 17:01:24 GMT

{"success":false,"http_code":403,"status_code":"Forbidden","message":"Parameter NPSN harap diisi"}
[2026-07-15 17:01:25] INFO - Fallback to legacy endpoint succeeded: http://localhost:5774/WebService/getSekolah?npsn=20252031
[2026-07-15 17:01:25] INFO - Successfully fetched 1 records from getSekolah
[2026-07-15 17:02:23] ERROR - Invalid JSON from Dapodik: Syntax error - snippet: { 'success' : false, 'message': 'Session telah habis. harap melakukan login kembali' }
[2026-07-15 17:02:23] WARNING - Fallback returned invalid JSON for http://localhost:5774/WebService/getSekolah: Syntax error - snippet: HTTP/1.0 403 Forbidden
Cache-Control: no-cache
Date:          Wed, 15 Jul 2026 17:02:23 GMT

{"success":false,"http_code":403,"status_code":"Forbidden","message":"Parameter NPSN harap diisi"}
[2026-07-15 17:02:24] INFO - Fallback to legacy endpoint succeeded: http://localhost:5774/WebService/getSekolah?npsn=20252031
[2026-07-15 17:02:24] INFO - Successfully fetched 1 records from getSekolah
[2026-07-15 17:02:24] ERROR - Invalid JSON from Dapodik: Syntax error - snippet: { 'success' : false, 'message': 'Session telah habis. harap melakukan login kembali' }
[2026-07-15 17:02:24] WARNING - Fallback returned invalid JSON for http://localhost:5774/WebService/getSekolah: Syntax error - snippet: HTTP/1.0 403 Forbidden
Cache-Control: no-cache
Date:          Wed, 15 Jul 2026 17:02:24 GMT

{"success":false,"http_code":403,"status_code":"Forbidden","message":"Parameter NPSN harap diisi"}
[2026-07-15 17:02:25] INFO - Fallback to legacy endpoint succeeded: http://localhost:5774/WebService/getSekolah?npsn=20252031
[2026-07-15 17:02:25] INFO - Successfully fetched 1 records from getSekolah
[2026-07-15 17:03:23] ERROR - Invalid JSON from Dapodik: Syntax error - snippet: { 'success' : false, 'message': 'Session telah habis. harap melakukan login kembali' }
[2026-07-15 17:03:23] WARNING - Fallback returned invalid JSON for http://localhost:5774/WebService/getSekolah: Syntax error - snippet: HTTP/1.0 403 Forbidden
Cache-Control: no-cache
Date:          Wed, 15 Jul 2026 17:03:23 GMT

{"success":false,"http_code":403,"status_code":"Forbidden","message":"Parameter NPSN harap diisi"}
[2026-07-15 17:03:24] INFO - Fallback to legacy endpoint succeeded: http://localhost:5774/WebService/getSekolah?npsn=20252031
[2026-07-15 17:03:24] INFO - Successfully fetched 1 records from getSekolah
[2026-07-15 17:03:24] ERROR - Invalid JSON from Dapodik: Syntax error - snippet: { 'success' : false, 'message': 'Session telah habis. harap melakukan login kembali' }
[2026-07-15 17:03:24] WARNING - Fallback returned invalid JSON for http://localhost:5774/WebService/getSekolah: Syntax error - snippet: HTTP/1.0 403 Forbidden
Cache-Control: no-cache
Date:          Wed, 15 Jul 2026 17:03:24 GMT

{"success":false,"http_code":403,"status_code":"Forbidden","message":"Parameter NPSN harap diisi"}
[2026-07-15 17:03:25] INFO - Fallback to legacy endpoint succeeded: http://localhost:5774/WebService/getSekolah?npsn=20252031
[2026-07-15 17:03:25] INFO - Successfully fetched 1 records from getSekolah
[2026-07-15 17:04:23] ERROR - Invalid JSON from Dapodik: Syntax error - snippet: { 'success' : false, 'message': 'Session telah habis. harap melakukan login kembali' }
[2026-07-15 17:04:23] WARNING - Fallback returned invalid JSON for http://localhost:5774/WebService/getSekolah: Syntax error - snippet: HTTP/1.0 403 Forbidden
Cache-Control: no-cache
Date:          Wed, 15 Jul 2026 17:04:23 GMT

{"success":false,"http_code":403,"status_code":"Forbidden","message":"Parameter NPSN harap diisi"}
[2026-07-15 17:04:24] INFO - Fallback to legacy endpoint succeeded: http://localhost:5774/WebService/getSekolah?npsn=20252031
[2026-07-15 17:04:24] INFO - Successfully fetched 1 records from getSekolah
[2026-07-15 17:04:24] ERROR - Invalid JSON from Dapodik: Syntax error - snippet: { 'success' : false, 'message': 'Session telah habis. harap melakukan login kembali' }
[2026-07-15 17:04:24] WARNING - Fallback returned invalid JSON for http://localhost:5774/WebService/getSekolah: Syntax error - snippet: HTTP/1.0 403 Forbidden
Cache-Control: no-cache
Date:          Wed, 15 Jul 2026 17:04:24 GMT

{"success":false,"http_code":403,"status_code":"Forbidden","message":"Parameter NPSN harap diisi"}
[2026-07-15 17:04:25] INFO - Fallback to legacy endpoint succeeded: http://localhost:5774/WebService/getSekolah?npsn=20252031
[2026-07-15 17:04:25] INFO - Successfully fetched 1 records from getSekolah
[2026-07-15 17:05:23] ERROR - Invalid JSON from Dapodik: Syntax error - snippet: { 'success' : false, 'message': 'Session telah habis. harap melakukan login kembali' }
[2026-07-15 17:05:23] WARNING - Fallback returned invalid JSON for http://localhost:5774/WebService/getSekolah: Syntax error - snippet: HTTP/1.0 403 Forbidden
Cache-Control: no-cache
Date:          Wed, 15 Jul 2026 17:05:23 GMT

{"success":false,"http_code":403,"status_code":"Forbidden","message":"Parameter NPSN harap diisi"}
[2026-07-15 17:05:24] INFO - Fallback to legacy endpoint succeeded: http://localhost:5774/WebService/getSekolah?npsn=20252031
[2026-07-15 17:05:24] INFO - Successfully fetched 1 records from getSekolah
[2026-07-15 17:05:24] ERROR - Invalid JSON from Dapodik: Syntax error - snippet: { 'success' : false, 'message': 'Session telah habis. harap melakukan login kembali' }
[2026-07-15 17:05:24] WARNING - Fallback returned invalid JSON for http://localhost:5774/WebService/getSekolah: Syntax error - snippet: HTTP/1.0 403 Forbidden
Cache-Control: no-cache
Date:          Wed, 15 Jul 2026 17:05:24 GMT

{"success":false,"http_code":403,"status_code":"Forbidden","message":"Parameter NPSN harap diisi"}
[2026-07-15 17:05:25] INFO - Fallback to legacy endpoint succeeded: http://localhost:5774/WebService/getSekolah?npsn=20252031
[2026-07-15 17:05:25] INFO - Successfully fetched 1 records from getSekolah
[2026-07-15 17:06:23] ERROR - Invalid JSON from Dapodik: Syntax error - snippet: { 'success' : false, 'message': 'Session telah habis. harap melakukan login kembali' }
[2026-07-15 17:06:23] WARNING - Fallback returned invalid JSON for http://localhost:5774/WebService/getSekolah: Syntax error - snippet: HTTP/1.0 403 Forbidden
Cache-Control: no-cache
Date:          Wed, 15 Jul 2026 17:06:23 GMT

{"success":false,"http_code":403,"status_code":"Forbidden","message":"Parameter NPSN harap diisi"}
[2026-07-15 17:06:24] INFO - Fallback to legacy endpoint succeeded: http://localhost:5774/WebService/getSekolah?npsn=20252031
[2026-07-15 17:06:24] INFO - Successfully fetched 1 records from getSekolah
[2026-07-15 17:06:24] ERROR - Invalid JSON from Dapodik: Syntax error - snippet: { 'success' : false, 'message': 'Session telah habis. harap melakukan login kembali' }
[2026-07-15 17:06:24] WARNING - Fallback returned invalid JSON for http://localhost:5774/WebService/getSekolah: Syntax error - snippet: HTTP/1.0 403 Forbidden
Cache-Control: no-cache
Date:          Wed, 15 Jul 2026 17:06:24 GMT

{"success":false,"http_code":403,"status_code":"Forbidden","message":"Parameter NPSN harap diisi"}
[2026-07-15 17:06:25] INFO - Fallback to legacy endpoint succeeded: http://localhost:5774/WebService/getSekolah?npsn=20252031
[2026-07-15 17:06:25] INFO - Successfully fetched 1 records from getSekolah
[2026-07-15 17:07:23] ERROR - Invalid JSON from Dapodik: Syntax error - snippet: { 'success' : false, 'message': 'Session telah habis. harap melakukan login kembali' }
[2026-07-15 17:07:23] WARNING - Fallback returned invalid JSON for http://localhost:5774/WebService/getSekolah: Syntax error - snippet: HTTP/1.0 403 Forbidden
Cache-Control: no-cache
Date:          Wed, 15 Jul 2026 17:07:23 GMT

{"success":false,"http_code":403,"status_code":"Forbidden","message":"Parameter NPSN harap diisi"}
[2026-07-15 17:07:24] INFO - Fallback to legacy endpoint succeeded: http://localhost:5774/WebService/getSekolah?npsn=20252031
[2026-07-15 17:07:24] INFO - Successfully fetched 1 records from getSekolah
[2026-07-15 17:07:24] ERROR - Invalid JSON from Dapodik: Syntax error - snippet: { 'success' : false, 'message': 'Session telah habis. harap melakukan login kembali' }
[2026-07-15 17:07:24] WARNING - Fallback returned invalid JSON for http://localhost:5774/WebService/getSekolah: Syntax error - snippet: HTTP/1.0 403 Forbidden
Cache-Control: no-cache
Date:          Wed, 15 Jul 2026 17:07:24 GMT

{"success":false,"http_code":403,"status_code":"Forbidden","message":"Parameter NPSN harap diisi"}
[2026-07-15 17:07:25] INFO - Fallback to legacy endpoint succeeded: http://localhost:5774/WebService/getSekolah?npsn=20252031
[2026-07-15 17:07:25] INFO - Successfully fetched 1 records from getSekolah
[2026-07-15 17:08:23] ERROR - Invalid JSON from Dapodik: Syntax error - snippet: { 'success' : false, 'message': 'Session telah habis. harap melakukan login kembali' }
[2026-07-15 17:08:23] WARNING - Fallback returned invalid JSON for http://localhost:5774/WebService/getSekolah: Syntax error - snippet: HTTP/1.0 403 Forbidden
Cache-Control: no-cache
Date:          Wed, 15 Jul 2026 17:08:23 GMT

{"success":false,"http_code":403,"status_code":"Forbidden","message":"Parameter NPSN harap diisi"}
[2026-07-15 17:08:24] INFO - Fallback to legacy endpoint succeeded: http://localhost:5774/WebService/getSekolah?npsn=20252031
[2026-07-15 17:08:24] INFO - Successfully fetched 1 records from getSekolah
[2026-07-15 17:08:24] ERROR - Invalid JSON from Dapodik: Syntax error - snippet: { 'success' : false, 'message': 'Session telah habis. harap melakukan login kembali' }
[2026-07-15 17:08:24] WARNING - Fallback returned invalid JSON for http://localhost:5774/WebService/getSekolah: Syntax error - snippet: HTTP/1.0 403 Forbidden
Cache-Control: no-cache
Date:          Wed, 15 Jul 2026 17:08:24 GMT

{"success":false,"http_code":403,"status_code":"Forbidden","message":"Parameter NPSN harap diisi"}
[2026-07-15 17:08:25] INFO - Fallback to legacy endpoint succeeded: http://localhost:5774/WebService/getSekolah?npsn=20252031
[2026-07-15 17:08:25] INFO - Successfully fetched 1 records from getSekolah
[2026-07-15 17:09:23] ERROR - Invalid JSON from Dapodik: Syntax error - snippet: { 'success' : false, 'message': 'Session telah habis. harap melakukan login kembali' }
[2026-07-15 17:09:23] WARNING - Fallback returned invalid JSON for http://localhost:5774/WebService/getSekolah: Syntax error - snippet: HTTP/1.0 403 Forbidden
Cache-Control: no-cache
Date:          Wed, 15 Jul 2026 17:09:23 GMT

{"success":false,"http_code":403,"status_code":"Forbidden","message":"Parameter NPSN harap diisi"}
[2026-07-15 17:09:24] INFO - Fallback to legacy endpoint succeeded: http://localhost:5774/WebService/getSekolah?npsn=20252031
[2026-07-15 17:09:24] INFO - Successfully fetched 1 records from getSekolah
[2026-07-15 17:09:24] ERROR - Invalid JSON from Dapodik: Syntax error - snippet: { 'success' : false, 'message': 'Session telah habis. harap melakukan login kembali' }
[2026-07-15 17:09:24] WARNING - Fallback returned invalid JSON for http://localhost:5774/WebService/getSekolah: Syntax error - snippet: HTTP/1.0 403 Forbidden
Cache-Control: no-cache
Date:          Wed, 15 Jul 2026 17:09:24 GMT

{"success":false,"http_code":403,"status_code":"Forbidden","message":"Parameter NPSN harap diisi"}
[2026-07-15 17:09:25] INFO - Fallback to legacy endpoint succeeded: http://localhost:5774/WebService/getSekolah?npsn=20252031
[2026-07-15 17:09:25] INFO - Successfully fetched 1 records from getSekolah
[2026-07-15 17:10:23] ERROR - Invalid JSON from Dapodik: Syntax error - snippet: { 'success' : false, 'message': 'Session telah habis. harap melakukan login kembali' }
[2026-07-15 17:10:23] WARNING - Fallback returned invalid JSON for http://localhost:5774/WebService/getSekolah: Syntax error - snippet: HTTP/1.0 403 Forbidden
Cache-Control: no-cache
Date:          Wed, 15 Jul 2026 17:10:23 GMT

{"success":false,"http_code":403,"status_code":"Forbidden","message":"Parameter NPSN harap diisi"}
[2026-07-15 17:10:24] INFO - Fallback to legacy endpoint succeeded: http://localhost:5774/WebService/getSekolah?npsn=20252031
[2026-07-15 17:10:24] INFO - Successfully fetched 1 records from getSekolah
[2026-07-15 17:10:24] ERROR - Invalid JSON from Dapodik: Syntax error - snippet: { 'success' : false, 'message': 'Session telah habis. harap melakukan login kembali' }
[2026-07-15 17:10:24] WARNING - Fallback returned invalid JSON for http://localhost:5774/WebService/getSekolah: Syntax error - snippet: HTTP/1.0 403 Forbidden
Cache-Control: no-cache
Date:          Wed, 15 Jul 2026 17:10:24 GMT

{"success":false,"http_code":403,"status_code":"Forbidden","message":"Parameter NPSN harap diisi"}
[2026-07-15 17:10:25] INFO - Fallback to legacy endpoint succeeded: http://localhost:5774/WebService/getSekolah?npsn=20252031
[2026-07-15 17:10:25] INFO - Successfully fetched 1 records from getSekolah
[2026-07-15 17:11:23] ERROR - Invalid JSON from Dapodik: Syntax error - snippet: { 'success' : false, 'message': 'Session telah habis. harap melakukan login kembali' }
[2026-07-15 17:11:23] WARNING - Fallback returned invalid JSON for http://localhost:5774/WebService/getSekolah: Syntax error - snippet: HTTP/1.0 403 Forbidden
Cache-Control: no-cache
Date:          Wed, 15 Jul 2026 17:11:23 GMT

{"success":false,"http_code":403,"status_code":"Forbidden","message":"Parameter NPSN harap diisi"}
[2026-07-15 17:11:24] INFO - Fallback to legacy endpoint succeeded: http://localhost:5774/WebService/getSekolah?npsn=20252031
[2026-07-15 17:11:24] INFO - Successfully fetched 1 records from getSekolah
[2026-07-15 17:11:24] ERROR - Invalid JSON from Dapodik: Syntax error - snippet: { 'success' : false, 'message': 'Session telah habis. harap melakukan login kembali' }
[2026-07-15 17:11:24] WARNING - Fallback returned invalid JSON for http://localhost:5774/WebService/getSekolah: Syntax error - snippet: HTTP/1.0 403 Forbidden
Cache-Control: no-cache
Date:          Wed, 15 Jul 2026 17:11:24 GMT

{"success":false,"http_code":403,"status_code":"Forbidden","message":"Parameter NPSN harap diisi"}
[2026-07-15 17:11:25] INFO - Fallback to legacy endpoint succeeded: http://localhost:5774/WebService/getSekolah?npsn=20252031
[2026-07-15 17:11:25] INFO - Successfully fetched 1 records from getSekolah
[2026-07-15 17:12:23] ERROR - Invalid JSON from Dapodik: Syntax error - snippet: { 'success' : false, 'message': 'Session telah habis. harap melakukan login kembali' }
[2026-07-15 17:12:23] WARNING - Fallback returned invalid JSON for http://localhost:5774/WebService/getSekolah: Syntax error - snippet: HTTP/1.0 403 Forbidden
Cache-Control: no-cache
Date:          Wed, 15 Jul 2026 17:12:23 GMT

{"success":false,"http_code":403,"status_code":"Forbidden","message":"Parameter NPSN harap diisi"}
[2026-07-15 17:12:24] INFO - Fallback to legacy endpoint succeeded: http://localhost:5774/WebService/getSekolah?npsn=20252031
[2026-07-15 17:12:24] INFO - Successfully fetched 1 records from getSekolah
[2026-07-15 17:12:24] ERROR - Invalid JSON from Dapodik: Syntax error - snippet: { 'success' : false, 'message': 'Session telah habis. harap melakukan login kembali' }
[2026-07-15 17:12:24] WARNING - Fallback returned invalid JSON for http://localhost:5774/WebService/getSekolah: Syntax error - snippet: HTTP/1.0 403 Forbidden
Cache-Control: no-cache
Date:          Wed, 15 Jul 2026 17:12:24 GMT

{"success":false,"http_code":403,"status_code":"Forbidden","message":"Parameter NPSN harap diisi"}
[2026-07-15 17:12:25] INFO - Fallback to legacy endpoint succeeded: http://localhost:5774/WebService/getSekolah?npsn=20252031
[2026-07-15 17:12:25] INFO - Successfully fetched 1 records from getSekolah
[2026-07-15 17:13:23] ERROR - Invalid JSON from Dapodik: Syntax error - snippet: { 'success' : false, 'message': 'Session telah habis. harap melakukan login kembali' }
[2026-07-15 17:13:23] WARNING - Fallback returned invalid JSON for http://localhost:5774/WebService/getSekolah: Syntax error - snippet: HTTP/1.0 403 Forbidden
Cache-Control: no-cache
Date:          Wed, 15 Jul 2026 17:13:23 GMT

{"success":false,"http_code":403,"status_code":"Forbidden","message":"Parameter NPSN harap diisi"}
[2026-07-15 17:13:24] INFO - Fallback to legacy endpoint succeeded: http://localhost:5774/WebService/getSekolah?npsn=20252031
[2026-07-15 17:13:24] INFO - Successfully fetched 1 records from getSekolah
[2026-07-15 17:13:24] ERROR - Invalid JSON from Dapodik: Syntax error - snippet: { 'success' : false, 'message': 'Session telah habis. harap melakukan login kembali' }
[2026-07-15 17:13:24] WARNING - Fallback returned invalid JSON for http://localhost:5774/WebService/getSekolah: Syntax error - snippet: HTTP/1.0 403 Forbidden
Cache-Control: no-cache
Date:          Wed, 15 Jul 2026 17:13:24 GMT

{"success":false,"http_code":403,"status_code":"Forbidden","message":"Parameter NPSN harap diisi"}
[2026-07-15 17:13:25] INFO - Fallback to legacy endpoint succeeded: http://localhost:5774/WebService/getSekolah?npsn=20252031
[2026-07-15 17:13:25] INFO - Successfully fetched 1 records from getSekolah
[2026-07-15 17:14:23] ERROR - Invalid JSON from Dapodik: Syntax error - snippet: { 'success' : false, 'message': 'Session telah habis. harap melakukan login kembali' }
[2026-07-15 17:14:23] WARNING - Fallback returned invalid JSON for http://localhost:5774/WebService/getSekolah: Syntax error - snippet: HTTP/1.0 403 Forbidden
Cache-Control: no-cache
Date:          Wed, 15 Jul 2026 17:14:23 GMT

{"success":false,"http_code":403,"status_code":"Forbidden","message":"Parameter NPSN harap diisi"}
[2026-07-15 17:14:24] INFO - Fallback to legacy endpoint succeeded: http://localhost:5774/WebService/getSekolah?npsn=20252031
[2026-07-15 17:14:24] INFO - Successfully fetched 1 records from getSekolah
[2026-07-15 17:14:24] ERROR - Invalid JSON from Dapodik: Syntax error - snippet: { 'success' : false, 'message': 'Session telah habis. harap melakukan login kembali' }
[2026-07-15 17:14:24] WARNING - Fallback returned invalid JSON for http://localhost:5774/WebService/getSekolah: Syntax error - snippet: HTTP/1.0 403 Forbidden
Cache-Control: no-cache
Date:          Wed, 15 Jul 2026 17:14:24 GMT

{"success":false,"http_code":403,"status_code":"Forbidden","message":"Parameter NPSN harap diisi"}
[2026-07-15 17:14:25] INFO - Fallback to legacy endpoint succeeded: http://localhost:5774/WebService/getSekolah?npsn=20252031
[2026-07-15 17:14:25] INFO - Successfully fetched 1 records from getSekolah
[2026-07-15 17:15:23] ERROR - Invalid JSON from Dapodik: Syntax error - snippet: { 'success' : false, 'message': 'Session telah habis. harap melakukan login kembali' }
[2026-07-15 17:15:23] WARNING - Fallback returned invalid JSON for http://localhost:5774/WebService/getSekolah: Syntax error - snippet: HTTP/1.0 403 Forbidden
Cache-Control: no-cache
Date:          Wed, 15 Jul 2026 17:15:23 GMT

{"success":false,"http_code":403,"status_code":"Forbidden","message":"Parameter NPSN harap diisi"}
[2026-07-15 17:15:24] INFO - Fallback to legacy endpoint succeeded: http://localhost:5774/WebService/getSekolah?npsn=20252031
[2026-07-15 17:15:24] INFO - Successfully fetched 1 records from getSekolah
[2026-07-15 17:15:24] ERROR - Invalid JSON from Dapodik: Syntax error - snippet: { 'success' : false, 'message': 'Session telah habis. harap melakukan login kembali' }
[2026-07-15 17:15:24] WARNING - Fallback returned invalid JSON for http://localhost:5774/WebService/getSekolah: Syntax error - snippet: HTTP/1.0 403 Forbidden
Cache-Control: no-cache
Date:          Wed, 15 Jul 2026 17:15:24 GMT

{"success":false,"http_code":403,"status_code":"Forbidden","message":"Parameter NPSN harap diisi"}
[2026-07-15 17:15:25] INFO - Fallback to legacy endpoint succeeded: http://localhost:5774/WebService/getSekolah?npsn=20252031
[2026-07-15 17:15:25] INFO - Successfully fetched 1 records from getSekolah
[2026-07-15 17:16:23] ERROR - Invalid JSON from Dapodik: Syntax error - snippet: { 'success' : false, 'message': 'Session telah habis. harap melakukan login kembali' }
[2026-07-15 17:16:23] WARNING - Fallback returned invalid JSON for http://localhost:5774/WebService/getSekolah: Syntax error - snippet: HTTP/1.0 403 Forbidden
Cache-Control: no-cache
Date:          Wed, 15 Jul 2026 17:16:23 GMT

{"success":false,"http_code":403,"status_code":"Forbidden","message":"Parameter NPSN harap diisi"}
[2026-07-15 17:16:24] INFO - Fallback to legacy endpoint succeeded: http://localhost:5774/WebService/getSekolah?npsn=20252031
[2026-07-15 17:16:24] INFO - Successfully fetched 1 records from getSekolah
[2026-07-15 17:16:24] ERROR - Invalid JSON from Dapodik: Syntax error - snippet: { 'success' : false, 'message': 'Session telah habis. harap melakukan login kembali' }
[2026-07-15 17:16:24] WARNING - Fallback returned invalid JSON for http://localhost:5774/WebService/getSekolah: Syntax error - snippet: HTTP/1.0 403 Forbidden
Cache-Control: no-cache
Date:          Wed, 15 Jul 2026 17:16:24 GMT

{"success":false,"http_code":403,"status_code":"Forbidden","message":"Parameter NPSN harap diisi"}
[2026-07-15 17:16:25] INFO - Fallback to legacy endpoint succeeded: http://localhost:5774/WebService/getSekolah?npsn=20252031
[2026-07-15 17:16:25] INFO - Successfully fetched 1 records from getSekolah
[2026-07-15 17:17:23] ERROR - Invalid JSON from Dapodik: Syntax error - snippet: { 'success' : false, 'message': 'Session telah habis. harap melakukan login kembali' }
[2026-07-15 17:17:23] WARNING - Fallback returned invalid JSON for http://localhost:5774/WebService/getSekolah: Syntax error - snippet: HTTP/1.0 403 Forbidden
Cache-Control: no-cache
Date:          Wed, 15 Jul 2026 17:17:23 GMT

{"success":false,"http_code":403,"status_code":"Forbidden","message":"Parameter NPSN harap diisi"}
[2026-07-15 17:17:24] INFO - Fallback to legacy endpoint succeeded: http://localhost:5774/WebService/getSekolah?npsn=20252031
[2026-07-15 17:17:24] INFO - Successfully fetched 1 records from getSekolah
[2026-07-15 17:17:24] ERROR - Invalid JSON from Dapodik: Syntax error - snippet: { 'success' : false, 'message': 'Session telah habis. harap melakukan login kembali' }
[2026-07-15 17:17:24] WARNING - Fallback returned invalid JSON for http://localhost:5774/WebService/getSekolah: Syntax error - snippet: HTTP/1.0 403 Forbidden
Cache-Control: no-cache
Date:          Wed, 15 Jul 2026 17:17:24 GMT

{"success":false,"http_code":403,"status_code":"Forbidden","message":"Parameter NPSN harap diisi"}
[2026-07-15 17:17:25] INFO - Fallback to legacy endpoint succeeded: http://localhost:5774/WebService/getSekolah?npsn=20252031
[2026-07-15 17:17:25] INFO - Successfully fetched 1 records from getSekolah
[2026-07-15 17:18:23] ERROR - Invalid JSON from Dapodik: Syntax error - snippet: { 'success' : false, 'message': 'Session telah habis. harap melakukan login kembali' }
[2026-07-15 17:18:23] WARNING - Fallback returned invalid JSON for http://localhost:5774/WebService/getSekolah: Syntax error - snippet: HTTP/1.0 403 Forbidden
Cache-Control: no-cache
Date:          Wed, 15 Jul 2026 17:18:23 GMT

{"success":false,"http_code":403,"status_code":"Forbidden","message":"Parameter NPSN harap diisi"}
[2026-07-15 17:18:24] INFO - Fallback to legacy endpoint succeeded: http://localhost:5774/WebService/getSekolah?npsn=20252031
[2026-07-15 17:18:24] INFO - Successfully fetched 1 records from getSekolah
[2026-07-15 17:18:24] ERROR - Invalid JSON from Dapodik: Syntax error - snippet: { 'success' : false, 'message': 'Session telah habis. harap melakukan login kembali' }
[2026-07-15 17:18:24] WARNING - Fallback returned invalid JSON for http://localhost:5774/WebService/getSekolah: Syntax error - snippet: HTTP/1.0 403 Forbidden
Cache-Control: no-cache
Date:          Wed, 15 Jul 2026 17:18:24 GMT

{"success":false,"http_code":403,"status_code":"Forbidden","message":"Parameter NPSN harap diisi"}
[2026-07-15 17:18:25] INFO - Fallback to legacy endpoint succeeded: http://localhost:5774/WebService/getSekolah?npsn=20252031
[2026-07-15 17:18:25] INFO - Successfully fetched 1 records from getSekolah
[2026-07-15 17:19:23] ERROR - Invalid JSON from Dapodik: Syntax error - snippet: { 'success' : false, 'message': 'Session telah habis. harap melakukan login kembali' }
[2026-07-15 17:19:23] WARNING - Fallback returned invalid JSON for http://localhost:5774/WebService/getSekolah: Syntax error - snippet: HTTP/1.0 403 Forbidden
Cache-Control: no-cache
Date:          Wed, 15 Jul 2026 17:19:23 GMT

{"success":false,"http_code":403,"status_code":"Forbidden","message":"Parameter NPSN harap diisi"}
[2026-07-15 17:19:24] INFO - Fallback to legacy endpoint succeeded: http://localhost:5774/WebService/getSekolah?npsn=20252031
[2026-07-15 17:19:24] INFO - Successfully fetched 1 records from getSekolah
[2026-07-15 17:19:24] ERROR - Invalid JSON from Dapodik: Syntax error - snippet: { 'success' : false, 'message': 'Session telah habis. harap melakukan login kembali' }
[2026-07-15 17:19:24] WARNING - Fallback returned invalid JSON for http://localhost:5774/WebService/getSekolah: Syntax error - snippet: HTTP/1.0 403 Forbidden
Cache-Control: no-cache
Date:          Wed, 15 Jul 2026 17:19:24 GMT

{"success":false,"http_code":403,"status_code":"Forbidden","message":"Parameter NPSN harap diisi"}
[2026-07-15 17:19:25] INFO - Fallback to legacy endpoint succeeded: http://localhost:5774/WebService/getSekolah?npsn=20252031
[2026-07-15 17:19:25] INFO - Successfully fetched 1 records from getSekolah
[2026-07-15 17:20:23] ERROR - Invalid JSON from Dapodik: Syntax error - snippet: { 'success' : false, 'message': 'Session telah habis. harap melakukan login kembali' }
[2026-07-15 17:20:23] WARNING - Fallback returned invalid JSON for http://localhost:5774/WebService/getSekolah: Syntax error - snippet: HTTP/1.0 403 Forbidden
Cache-Control: no-cache
Date:          Wed, 15 Jul 2026 17:20:23 GMT

{"success":false,"http_code":403,"status_code":"Forbidden","message":"Parameter NPSN harap diisi"}
[2026-07-15 17:20:24] INFO - Fallback to legacy endpoint succeeded: http://localhost:5774/WebService/getSekolah?npsn=20252031
[2026-07-15 17:20:24] INFO - Successfully fetched 1 records from getSekolah
[2026-07-15 17:20:24] ERROR - Invalid JSON from Dapodik: Syntax error - snippet: { 'success' : false, 'message': 'Session telah habis. harap melakukan login kembali' }
[2026-07-15 17:20:24] WARNING - Fallback returned invalid JSON for http://localhost:5774/WebService/getSekolah: Syntax error - snippet: HTTP/1.0 403 Forbidden
Cache-Control: no-cache
Date:          Wed, 15 Jul 2026 17:20:24 GMT

{"success":false,"http_code":403,"status_code":"Forbidden","message":"Parameter NPSN harap diisi"}
[2026-07-15 17:20:25] INFO - Fallback to legacy endpoint succeeded: http://localhost:5774/WebService/getSekolah?npsn=20252031
[2026-07-15 17:20:25] INFO - Successfully fetched 1 records from getSekolah
[2026-07-15 17:21:23] ERROR - Invalid JSON from Dapodik: Syntax error - snippet: { 'success' : false, 'message': 'Session telah habis. harap melakukan login kembali' }
[2026-07-15 17:21:23] WARNING - Fallback returned invalid JSON for http://localhost:5774/WebService/getSekolah: Syntax error - snippet: HTTP/1.0 403 Forbidden
Cache-Control: no-cache
Date:          Wed, 15 Jul 2026 17:21:23 GMT

{"success":false,"http_code":403,"status_code":"Forbidden","message":"Parameter NPSN harap diisi"}
[2026-07-15 17:21:24] INFO - Fallback to legacy endpoint succeeded: http://localhost:5774/WebService/getSekolah?npsn=20252031
[2026-07-15 17:21:24] INFO - Successfully fetched 1 records from getSekolah
[2026-07-15 17:21:24] ERROR - Invalid JSON from Dapodik: Syntax error - snippet: { 'success' : false, 'message': 'Session telah habis. harap melakukan login kembali' }
[2026-07-15 17:21:24] WARNING - Fallback returned invalid JSON for http://localhost:5774/WebService/getSekolah: Syntax error - snippet: HTTP/1.0 403 Forbidden
Cache-Control: no-cache
Date:          Wed, 15 Jul 2026 17:21:24 GMT

{"success":false,"http_code":403,"status_code":"Forbidden","message":"Parameter NPSN harap diisi"}
[2026-07-15 17:21:25] INFO - Fallback to legacy endpoint succeeded: http://localhost:5774/WebService/getSekolah?npsn=20252031
[2026-07-15 17:21:25] INFO - Successfully fetched 1 records from getSekolah
[2026-07-15 17:22:23] ERROR - Invalid JSON from Dapodik: Syntax error - snippet: { 'success' : false, 'message': 'Session telah habis. harap melakukan login kembali' }
[2026-07-15 17:22:23] WARNING - Fallback returned invalid JSON for http://localhost:5774/WebService/getSekolah: Syntax error - snippet: HTTP/1.0 403 Forbidden
Cache-Control: no-cache
Date:          Wed, 15 Jul 2026 17:22:23 GMT

{"success":false,"http_code":403,"status_code":"Forbidden","message":"Parameter NPSN harap diisi"}
[2026-07-15 17:22:24] INFO - Fallback to legacy endpoint succeeded: http://localhost:5774/WebService/getSekolah?npsn=20252031
[2026-07-15 17:22:24] INFO - Successfully fetched 1 records from getSekolah
[2026-07-15 17:22:24] ERROR - Invalid JSON from Dapodik: Syntax error - snippet: { 'success' : false, 'message': 'Session telah habis. harap melakukan login kembali' }
[2026-07-15 17:22:24] WARNING - Fallback returned invalid JSON for http://localhost:5774/WebService/getSekolah: Syntax error - snippet: HTTP/1.0 403 Forbidden
Cache-Control: no-cache
Date:          Wed, 15 Jul 2026 17:22:24 GMT

{"success":false,"http_code":403,"status_code":"Forbidden","message":"Parameter NPSN harap diisi"}
[2026-07-15 17:22:25] INFO - Fallback to legacy endpoint succeeded: http://localhost:5774/WebService/getSekolah?npsn=20252031
[2026-07-15 17:22:25] INFO - Successfully fetched 1 records from getSekolah
[2026-07-15 17:23:23] ERROR - Invalid JSON from Dapodik: Syntax error - snippet: { 'success' : false, 'message': 'Session telah habis. harap melakukan login kembali' }
[2026-07-15 17:23:23] WARNING - Fallback returned invalid JSON for http://localhost:5774/WebService/getSekolah: Syntax error - snippet: HTTP/1.0 403 Forbidden
Cache-Control: no-cache
Date:          Wed, 15 Jul 2026 17:23:23 GMT

{"success":false,"http_code":403,"status_code":"Forbidden","message":"Parameter NPSN harap diisi"}
[2026-07-15 17:23:24] INFO - Fallback to legacy endpoint succeeded: http://localhost:5774/WebService/getSekolah?npsn=20252031
[2026-07-15 17:23:24] INFO - Successfully fetched 1 records from getSekolah
[2026-07-15 17:23:24] ERROR - Invalid JSON from Dapodik: Syntax error - snippet: { 'success' : false, 'message': 'Session telah habis. harap melakukan login kembali' }
[2026-07-15 17:23:24] WARNING - Fallback returned invalid JSON for http://localhost:5774/WebService/getSekolah: Syntax error - snippet: HTTP/1.0 403 Forbidden
Cache-Control: no-cache
Date:          Wed, 15 Jul 2026 17:23:24 GMT

{"success":false,"http_code":403,"status_code":"Forbidden","message":"Parameter NPSN harap diisi"}
[2026-07-15 17:23:25] INFO - Fallback to legacy endpoint succeeded: http://localhost:5774/WebService/getSekolah?npsn=20252031
[2026-07-15 17:23:25] INFO - Successfully fetched 1 records from getSekolah
[2026-07-15 17:24:23] ERROR - Invalid JSON from Dapodik: Syntax error - snippet: { 'success' : false, 'message': 'Session telah habis. harap melakukan login kembali' }
[2026-07-15 17:24:23] WARNING - Fallback returned invalid JSON for http://localhost:5774/WebService/getSekolah: Syntax error - snippet: HTTP/1.0 403 Forbidden
Cache-Control: no-cache
Date:          Wed, 15 Jul 2026 17:24:23 GMT

{"success":false,"http_code":403,"status_code":"Forbidden","message":"Parameter NPSN harap diisi"}
[2026-07-15 17:24:24] INFO - Fallback to legacy endpoint succeeded: http://localhost:5774/WebService/getSekolah?npsn=20252031
[2026-07-15 17:24:24] INFO - Successfully fetched 1 records from getSekolah
[2026-07-15 17:24:24] ERROR - Invalid JSON from Dapodik: Syntax error - snippet: { 'success' : false, 'message': 'Session telah habis. harap melakukan login kembali' }
[2026-07-15 17:24:24] WARNING - Fallback returned invalid JSON for http://localhost:5774/WebService/getSekolah: Syntax error - snippet: HTTP/1.0 403 Forbidden
Cache-Control: no-cache
Date:          Wed, 15 Jul 2026 17:24:24 GMT

{"success":false,"http_code":403,"status_code":"Forbidden","message":"Parameter NPSN harap diisi"}
[2026-07-15 17:24:25] INFO - Fallback to legacy endpoint succeeded: http://localhost:5774/WebService/getSekolah?npsn=20252031
[2026-07-15 17:24:25] INFO - Successfully fetched 1 records from getSekolah
[2026-07-15 17:25:23] ERROR - Invalid JSON from Dapodik: Syntax error - snippet: { 'success' : false, 'message': 'Session telah habis. harap melakukan login kembali' }
[2026-07-15 17:25:23] WARNING - Fallback returned invalid JSON for http://localhost:5774/WebService/getSekolah: Syntax error - snippet: HTTP/1.0 403 Forbidden
Cache-Control: no-cache
Date:          Wed, 15 Jul 2026 17:25:23 GMT

{"success":false,"http_code":403,"status_code":"Forbidden","message":"Parameter NPSN harap diisi"}
[2026-07-15 17:25:24] INFO - Fallback to legacy endpoint succeeded: http://localhost:5774/WebService/getSekolah?npsn=20252031
[2026-07-15 17:25:24] INFO - Successfully fetched 1 records from getSekolah
[2026-07-15 17:25:24] ERROR - Invalid JSON from Dapodik: Syntax error - snippet: { 'success' : false, 'message': 'Session telah habis. harap melakukan login kembali' }
[2026-07-15 17:25:24] WARNING - Fallback returned invalid JSON for http://localhost:5774/WebService/getSekolah: Syntax error - snippet: HTTP/1.0 403 Forbidden
Cache-Control: no-cache
Date:          Wed, 15 Jul 2026 17:25:24 GMT

{"success":false,"http_code":403,"status_code":"Forbidden","message":"Parameter NPSN harap diisi"}
[2026-07-15 17:25:25] INFO - Fallback to legacy endpoint succeeded: http://localhost:5774/WebService/getSekolah?npsn=20252031
[2026-07-15 17:25:25] INFO - Successfully fetched 1 records from getSekolah
[2026-07-15 17:26:23] ERROR - Invalid JSON from Dapodik: Syntax error - snippet: { 'success' : false, 'message': 'Session telah habis. harap melakukan login kembali' }
[2026-07-15 17:26:23] WARNING - Fallback returned invalid JSON for http://localhost:5774/WebService/getSekolah: Syntax error - snippet: HTTP/1.0 403 Forbidden
Cache-Control: no-cache
Date:          Wed, 15 Jul 2026 17:26:23 GMT

{"success":false,"http_code":403,"status_code":"Forbidden","message":"Parameter NPSN harap diisi"}
[2026-07-15 17:26:24] INFO - Fallback to legacy endpoint succeeded: http://localhost:5774/WebService/getSekolah?npsn=20252031
[2026-07-15 17:26:24] INFO - Successfully fetched 1 records from getSekolah
[2026-07-15 17:26:24] ERROR - Invalid JSON from Dapodik: Syntax error - snippet: { 'success' : false, 'message': 'Session telah habis. harap melakukan login kembali' }
[2026-07-15 17:26:24] WARNING - Fallback returned invalid JSON for http://localhost:5774/WebService/getSekolah: Syntax error - snippet: HTTP/1.0 403 Forbidden
Cache-Control: no-cache
Date:          Wed, 15 Jul 2026 17:26:24 GMT

{"success":false,"http_code":403,"status_code":"Forbidden","message":"Parameter NPSN harap diisi"}
[2026-07-15 17:26:25] INFO - Fallback to legacy endpoint succeeded: http://localhost:5774/WebService/getSekolah?npsn=20252031
[2026-07-15 17:26:25] INFO - Successfully fetched 1 records from getSekolah
[2026-07-15 17:27:23] ERROR - Invalid JSON from Dapodik: Syntax error - snippet: { 'success' : false, 'message': 'Session telah habis. harap melakukan login kembali' }
[2026-07-15 17:27:23] WARNING - Fallback returned invalid JSON for http://localhost:5774/WebService/getSekolah: Syntax error - snippet: HTTP/1.0 403 Forbidden
Cache-Control: no-cache
Date:          Wed, 15 Jul 2026 17:27:23 GMT

{"success":false,"http_code":403,"status_code":"Forbidden","message":"Parameter NPSN harap diisi"}
[2026-07-15 17:27:24] INFO - Fallback to legacy endpoint succeeded: http://localhost:5774/WebService/getSekolah?npsn=20252031
[2026-07-15 17:27:24] INFO - Successfully fetched 1 records from getSekolah
[2026-07-15 17:27:24] ERROR - Invalid JSON from Dapodik: Syntax error - snippet: { 'success' : false, 'message': 'Session telah habis. harap melakukan login kembali' }
[2026-07-15 17:27:24] WARNING - Fallback returned invalid JSON for http://localhost:5774/WebService/getSekolah: Syntax error - snippet: HTTP/1.0 403 Forbidden
Cache-Control: no-cache
Date:          Wed, 15 Jul 2026 17:27:24 GMT

{"success":false,"http_code":403,"status_code":"Forbidden","message":"Parameter NPSN harap diisi"}
[2026-07-15 17:27:25] INFO - Fallback to legacy endpoint succeeded: http://localhost:5774/WebService/getSekolah?npsn=20252031
[2026-07-15 17:27:25] INFO - Successfully fetched 1 records from getSekolah
[2026-07-15 17:28:23] ERROR - Invalid JSON from Dapodik: Syntax error - snippet: { 'success' : false, 'message': 'Session telah habis. harap melakukan login kembali' }
[2026-07-15 17:28:23] WARNING - Fallback returned invalid JSON for http://localhost:5774/WebService/getSekolah: Syntax error - snippet: HTTP/1.0 403 Forbidden
Cache-Control: no-cache
Date:          Wed, 15 Jul 2026 17:28:23 GMT

{"success":false,"http_code":403,"status_code":"Forbidden","message":"Parameter NPSN harap diisi"}
[2026-07-15 17:28:24] INFO - Fallback to legacy endpoint succeeded: http://localhost:5774/WebService/getSekolah?npsn=20252031
[2026-07-15 17:28:24] INFO - Successfully fetched 1 records from getSekolah
[2026-07-15 17:28:24] ERROR - Invalid JSON from Dapodik: Syntax error - snippet: { 'success' : false, 'message': 'Session telah habis. harap melakukan login kembali' }
[2026-07-15 17:28:24] WARNING - Fallback returned invalid JSON for http://localhost:5774/WebService/getSekolah: Syntax error - snippet: HTTP/1.0 403 Forbidden
Cache-Control: no-cache
Date:          Wed, 15 Jul 2026 17:28:24 GMT

{"success":false,"http_code":403,"status_code":"Forbidden","message":"Parameter NPSN harap diisi"}
[2026-07-15 17:28:25] INFO - Fallback to legacy endpoint succeeded: http://localhost:5774/WebService/getSekolah?npsn=20252031
[2026-07-15 17:28:25] INFO - Successfully fetched 1 records from getSekolah
[2026-07-15 17:29:23] ERROR - Invalid JSON from Dapodik: Syntax error - snippet: { 'success' : false, 'message': 'Session telah habis. harap melakukan login kembali' }
[2026-07-15 17:29:23] WARNING - Fallback returned invalid JSON for http://localhost:5774/WebService/getSekolah: Syntax error - snippet: HTTP/1.0 403 Forbidden
Cache-Control: no-cache
Date:          Wed, 15 Jul 2026 17:29:23 GMT

{"success":false,"http_code":403,"status_code":"Forbidden","message":"Parameter NPSN harap diisi"}
[2026-07-15 17:29:24] INFO - Fallback to legacy endpoint succeeded: http://localhost:5774/WebService/getSekolah?npsn=20252031
[2026-07-15 17:29:24] INFO - Successfully fetched 1 records from getSekolah
[2026-07-15 17:29:24] ERROR - Invalid JSON from Dapodik: Syntax error - snippet: { 'success' : false, 'message': 'Session telah habis. harap melakukan login kembali' }
[2026-07-15 17:29:24] WARNING - Fallback returned invalid JSON for http://localhost:5774/WebService/getSekolah: Syntax error - snippet: HTTP/1.0 403 Forbidden
Cache-Control: no-cache
Date:          Wed, 15 Jul 2026 17:29:24 GMT

{"success":false,"http_code":403,"status_code":"Forbidden","message":"Parameter NPSN harap diisi"}
[2026-07-15 17:29:25] INFO - Fallback to legacy endpoint succeeded: http://localhost:5774/WebService/getSekolah?npsn=20252031
[2026-07-15 17:29:25] INFO - Successfully fetched 1 records from getSekolah
[2026-07-15 17:30:23] ERROR - Invalid JSON from Dapodik: Syntax error - snippet: { 'success' : false, 'message': 'Session telah habis. harap melakukan login kembali' }
[2026-07-15 17:30:23] WARNING - Fallback returned invalid JSON for http://localhost:5774/WebService/getSekolah: Syntax error - snippet: HTTP/1.0 403 Forbidden
Cache-Control: no-cache
Date:          Wed, 15 Jul 2026 17:30:23 GMT

{"success":false,"http_code":403,"status_code":"Forbidden","message":"Parameter NPSN harap diisi"}
[2026-07-15 17:30:24] INFO - Fallback to legacy endpoint succeeded: http://localhost:5774/WebService/getSekolah?npsn=20252031
[2026-07-15 17:30:24] INFO - Successfully fetched 1 records from getSekolah
[2026-07-15 17:30:24] ERROR - Invalid JSON from Dapodik: Syntax error - snippet: { 'success' : false, 'message': 'Session telah habis. harap melakukan login kembali' }
[2026-07-15 17:30:24] WARNING - Fallback returned invalid JSON for http://localhost:5774/WebService/getSekolah: Syntax error - snippet: HTTP/1.0 403 Forbidden
Cache-Control: no-cache
Date:          Wed, 15 Jul 2026 17:30:24 GMT

{"success":false,"http_code":403,"status_code":"Forbidden","message":"Parameter NPSN harap diisi"}
[2026-07-15 17:30:25] INFO - Fallback to legacy endpoint succeeded: http://localhost:5774/WebService/getSekolah?npsn=20252031
[2026-07-15 17:30:25] INFO - Successfully fetched 1 records from getSekolah
[2026-07-15 17:31:23] ERROR - Invalid JSON from Dapodik: Syntax error - snippet: { 'success' : false, 'message': 'Session telah habis. harap melakukan login kembali' }
[2026-07-15 17:31:23] WARNING - Fallback returned invalid JSON for http://localhost:5774/WebService/getSekolah: Syntax error - snippet: HTTP/1.0 403 Forbidden
Cache-Control: no-cache
Date:          Wed, 15 Jul 2026 17:31:23 GMT

{"success":false,"http_code":403,"status_code":"Forbidden","message":"Parameter NPSN harap diisi"}
[2026-07-15 17:31:24] INFO - Fallback to legacy endpoint succeeded: http://localhost:5774/WebService/getSekolah?npsn=20252031
[2026-07-15 17:31:24] INFO - Successfully fetched 1 records from getSekolah
[2026-07-15 17:31:24] ERROR - Invalid JSON from Dapodik: Syntax error - snippet: { 'success' : false, 'message': 'Session telah habis. harap melakukan login kembali' }
[2026-07-15 17:31:24] WARNING - Fallback returned invalid JSON for http://localhost:5774/WebService/getSekolah: Syntax error - snippet: HTTP/1.0 403 Forbidden
Cache-Control: no-cache
Date:          Wed, 15 Jul 2026 17:31:24 GMT

{"success":false,"http_code":403,"status_code":"Forbidden","message":"Parameter NPSN harap diisi"}
[2026-07-15 17:31:25] INFO - Fallback to legacy endpoint succeeded: http://localhost:5774/WebService/getSekolah?npsn=20252031
[2026-07-15 17:31:25] INFO - Successfully fetched 1 records from getSekolah
[2026-07-15 17:32:23] ERROR - Invalid JSON from Dapodik: Syntax error - snippet: { 'success' : false, 'message': 'Session telah habis. harap melakukan login kembali' }
[2026-07-15 17:32:23] WARNING - Fallback returned invalid JSON for http://localhost:5774/WebService/getSekolah: Syntax error - snippet: HTTP/1.0 403 Forbidden
Cache-Control: no-cache
Date:          Wed, 15 Jul 2026 17:32:23 GMT

{"success":false,"http_code":403,"status_code":"Forbidden","message":"Parameter NPSN harap diisi"}
[2026-07-15 17:32:24] INFO - Fallback to legacy endpoint succeeded: http://localhost:5774/WebService/getSekolah?npsn=20252031
[2026-07-15 17:32:24] INFO - Successfully fetched 1 records from getSekolah
[2026-07-15 17:32:24] ERROR - Invalid JSON from Dapodik: Syntax error - snippet: { 'success' : false, 'message': 'Session telah habis. harap melakukan login kembali' }
[2026-07-15 17:32:24] WARNING - Fallback returned invalid JSON for http://localhost:5774/WebService/getSekolah: Syntax error - snippet: HTTP/1.0 403 Forbidden
Cache-Control: no-cache
Date:          Wed, 15 Jul 2026 17:32:24 GMT

{"success":false,"http_code":403,"status_code":"Forbidden","message":"Parameter NPSN harap diisi"}
[2026-07-15 17:32:25] INFO - Fallback to legacy endpoint succeeded: http://localhost:5774/WebService/getSekolah?npsn=20252031
[2026-07-15 17:32:25] INFO - Successfully fetched 1 records from getSekolah
[2026-07-15 17:33:23] ERROR - Invalid JSON from Dapodik: Syntax error - snippet: { 'success' : false, 'message': 'Session telah habis. harap melakukan login kembali' }
[2026-07-15 17:33:23] WARNING - Fallback returned invalid JSON for http://localhost:5774/WebService/getSekolah: Syntax error - snippet: HTTP/1.0 403 Forbidden
Cache-Control: no-cache
Date:          Wed, 15 Jul 2026 17:33:23 GMT

{"success":false,"http_code":403,"status_code":"Forbidden","message":"Parameter NPSN harap diisi"}
[2026-07-15 17:33:24] INFO - Fallback to legacy endpoint succeeded: http://localhost:5774/WebService/getSekolah?npsn=20252031
[2026-07-15 17:33:24] INFO - Successfully fetched 1 records from getSekolah
[2026-07-15 17:33:24] ERROR - Invalid JSON from Dapodik: Syntax error - snippet: { 'success' : false, 'message': 'Session telah habis. harap melakukan login kembali' }
[2026-07-15 17:33:24] WARNING - Fallback returned invalid JSON for http://localhost:5774/WebService/getSekolah: Syntax error - snippet: HTTP/1.0 403 Forbidden
Cache-Control: no-cache
Date:          Wed, 15 Jul 2026 17:33:24 GMT

{"success":false,"http_code":403,"status_code":"Forbidden","message":"Parameter NPSN harap diisi"}
[2026-07-15 17:33:25] INFO - Fallback to legacy endpoint succeeded: http://localhost:5774/WebService/getSekolah?npsn=20252031
[2026-07-15 17:33:25] INFO - Successfully fetched 1 records from getSekolah
[2026-07-15 17:34:23] ERROR - Invalid JSON from Dapodik: Syntax error - snippet: { 'success' : false, 'message': 'Session telah habis. harap melakukan login kembali' }
[2026-07-15 17:34:23] WARNING - Fallback returned invalid JSON for http://localhost:5774/WebService/getSekolah: Syntax error - snippet: HTTP/1.0 403 Forbidden
Cache-Control: no-cache
Date:          Wed, 15 Jul 2026 17:34:23 GMT

{"success":false,"http_code":403,"status_code":"Forbidden","message":"Parameter NPSN harap diisi"}
[2026-07-15 17:34:24] INFO - Fallback to legacy endpoint succeeded: http://localhost:5774/WebService/getSekolah?npsn=20252031
[2026-07-15 17:34:24] INFO - Successfully fetched 1 records from getSekolah
[2026-07-15 17:34:24] ERROR - Invalid JSON from Dapodik: Syntax error - snippet: { 'success' : false, 'message': 'Session telah habis. harap melakukan login kembali' }
[2026-07-15 17:34:24] WARNING - Fallback returned invalid JSON for http://localhost:5774/WebService/getSekolah: Syntax error - snippet: HTTP/1.0 403 Forbidden
Cache-Control: no-cache
Date:          Wed, 15 Jul 2026 17:34:24 GMT

{"success":false,"http_code":403,"status_code":"Forbidden","message":"Parameter NPSN harap diisi"}
[2026-07-15 17:34:25] INFO - Fallback to legacy endpoint succeeded: http://localhost:5774/WebService/getSekolah?npsn=20252031
[2026-07-15 17:34:25] INFO - Successfully fetched 1 records from getSekolah
[2026-07-15 17:35:23] ERROR - Invalid JSON from Dapodik: Syntax error - snippet: { 'success' : false, 'message': 'Session telah habis. harap melakukan login kembali' }
[2026-07-15 17:35:23] WARNING - Fallback returned invalid JSON for http://localhost:5774/WebService/getSekolah: Syntax error - snippet: HTTP/1.0 403 Forbidden
Cache-Control: no-cache
Date:          Wed, 15 Jul 2026 17:35:23 GMT

{"success":false,"http_code":403,"status_code":"Forbidden","message":"Parameter NPSN harap diisi"}
[2026-07-15 17:35:24] INFO - Fallback to legacy endpoint succeeded: http://localhost:5774/WebService/getSekolah?npsn=20252031
[2026-07-15 17:35:24] INFO - Successfully fetched 1 records from getSekolah
[2026-07-15 17:35:24] ERROR - Invalid JSON from Dapodik: Syntax error - snippet: { 'success' : false, 'message': 'Session telah habis. harap melakukan login kembali' }
[2026-07-15 17:35:24] WARNING - Fallback returned invalid JSON for http://localhost:5774/WebService/getSekolah: Syntax error - snippet: HTTP/1.0 403 Forbidden
Cache-Control: no-cache
Date:          Wed, 15 Jul 2026 17:35:24 GMT

{"success":false,"http_code":403,"status_code":"Forbidden","message":"Parameter NPSN harap diisi"}
[2026-07-15 17:35:25] INFO - Fallback to legacy endpoint succeeded: http://localhost:5774/WebService/getSekolah?npsn=20252031
[2026-07-15 17:35:25] INFO - Successfully fetched 1 records from getSekolah
[2026-07-15 17:36:23] ERROR - Invalid JSON from Dapodik: Syntax error - snippet: { 'success' : false, 'message': 'Session telah habis. harap melakukan login kembali' }
[2026-07-15 17:36:23] WARNING - Fallback returned invalid JSON for http://localhost:5774/WebService/getSekolah: Syntax error - snippet: HTTP/1.0 403 Forbidden
Cache-Control: no-cache
Date:          Wed, 15 Jul 2026 17:36:23 GMT

{"success":false,"http_code":403,"status_code":"Forbidden","message":"Parameter NPSN harap diisi"}
[2026-07-15 17:36:24] INFO - Fallback to legacy endpoint succeeded: http://localhost:5774/WebService/getSekolah?npsn=20252031
[2026-07-15 17:36:24] INFO - Successfully fetched 1 records from getSekolah
[2026-07-15 17:36:24] ERROR - Invalid JSON from Dapodik: Syntax error - snippet: { 'success' : false, 'message': 'Session telah habis. harap melakukan login kembali' }
[2026-07-15 17:36:24] WARNING - Fallback returned invalid JSON for http://localhost:5774/WebService/getSekolah: Syntax error - snippet: HTTP/1.0 403 Forbidden
Cache-Control: no-cache
Date:          Wed, 15 Jul 2026 17:36:24 GMT

{"success":false,"http_code":403,"status_code":"Forbidden","message":"Parameter NPSN harap diisi"}
[2026-07-15 17:36:25] INFO - Fallback to legacy endpoint succeeded: http://localhost:5774/WebService/getSekolah?npsn=20252031
[2026-07-15 17:36:25] INFO - Successfully fetched 1 records from getSekolah
[2026-07-15 17:37:23] ERROR - Invalid JSON from Dapodik: Syntax error - snippet: { 'success' : false, 'message': 'Session telah habis. harap melakukan login kembali' }
[2026-07-15 17:37:23] WARNING - Fallback returned invalid JSON for http://localhost:5774/WebService/getSekolah: Syntax error - snippet: HTTP/1.0 403 Forbidden
Cache-Control: no-cache
Date:          Wed, 15 Jul 2026 17:37:23 GMT

{"success":false,"http_code":403,"status_code":"Forbidden","message":"Parameter NPSN harap diisi"}
[2026-07-15 17:37:24] INFO - Fallback to legacy endpoint succeeded: http://localhost:5774/WebService/getSekolah?npsn=20252031
[2026-07-15 17:37:24] INFO - Successfully fetched 1 records from getSekolah
[2026-07-15 17:37:24] ERROR - Invalid JSON from Dapodik: Syntax error - snippet: { 'success' : false, 'message': 'Session telah habis. harap melakukan login kembali' }
[2026-07-15 17:37:24] WARNING - Fallback returned invalid JSON for http://localhost:5774/WebService/getSekolah: Syntax error - snippet: HTTP/1.0 403 Forbidden
Cache-Control: no-cache
Date:          Wed, 15 Jul 2026 17:37:24 GMT

{"success":false,"http_code":403,"status_code":"Forbidden","message":"Parameter NPSN harap diisi"}
[2026-07-15 17:37:25] INFO - Fallback to legacy endpoint succeeded: http://localhost:5774/WebService/getSekolah?npsn=20252031
[2026-07-15 17:37:25] INFO - Successfully fetched 1 records from getSekolah
[2026-07-15 17:38:23] ERROR - Invalid JSON from Dapodik: Syntax error - snippet: { 'success' : false, 'message': 'Session telah habis. harap melakukan login kembali' }
[2026-07-15 17:38:23] WARNING - Fallback returned invalid JSON for http://localhost:5774/WebService/getSekolah: Syntax error - snippet: HTTP/1.0 403 Forbidden
Cache-Control: no-cache
Date:          Wed, 15 Jul 2026 17:38:23 GMT

{"success":false,"http_code":403,"status_code":"Forbidden","message":"Parameter NPSN harap diisi"}
[2026-07-15 17:38:24] INFO - Fallback to legacy endpoint succeeded: http://localhost:5774/WebService/getSekolah?npsn=20252031
[2026-07-15 17:38:24] INFO - Successfully fetched 1 records from getSekolah
[2026-07-15 17:38:24] ERROR - Invalid JSON from Dapodik: Syntax error - snippet: { 'success' : false, 'message': 'Session telah habis. harap melakukan login kembali' }
[2026-07-15 17:38:24] WARNING - Fallback returned invalid JSON for http://localhost:5774/WebService/getSekolah: Syntax error - snippet: HTTP/1.0 403 Forbidden
Cache-Control: no-cache
Date:          Wed, 15 Jul 2026 17:38:24 GMT

{"success":false,"http_code":403,"status_code":"Forbidden","message":"Parameter NPSN harap diisi"}
[2026-07-15 17:38:25] INFO - Fallback to legacy endpoint succeeded: http://localhost:5774/WebService/getSekolah?npsn=20252031
[2026-07-15 17:38:25] INFO - Successfully fetched 1 records from getSekolah
[2026-07-15 17:39:23] ERROR - Invalid JSON from Dapodik: Syntax error - snippet: { 'success' : false, 'message': 'Session telah habis. harap melakukan login kembali' }
[2026-07-15 17:39:23] WARNING - Fallback returned invalid JSON for http://localhost:5774/WebService/getSekolah: Syntax error - snippet: HTTP/1.0 403 Forbidden
Cache-Control: no-cache
Date:          Wed, 15 Jul 2026 17:39:23 GMT

{"success":false,"http_code":403,"status_code":"Forbidden","message":"Parameter NPSN harap diisi"}
[2026-07-15 17:39:24] INFO - Fallback to legacy endpoint succeeded: http://localhost:5774/WebService/getSekolah?npsn=20252031
[2026-07-15 17:39:24] INFO - Successfully fetched 1 records from getSekolah
[2026-07-15 17:39:24] ERROR - Invalid JSON from Dapodik: Syntax error - snippet: { 'success' : false, 'message': 'Session telah habis. harap melakukan login kembali' }
[2026-07-15 17:39:24] WARNING - Fallback returned invalid JSON for http://localhost:5774/WebService/getSekolah: Syntax error - snippet: HTTP/1.0 403 Forbidden
Cache-Control: no-cache
Date:          Wed, 15 Jul 2026 17:39:24 GMT

{"success":false,"http_code":403,"status_code":"Forbidden","message":"Parameter NPSN harap diisi"}
[2026-07-15 17:39:25] INFO - Fallback to legacy endpoint succeeded: http://localhost:5774/WebService/getSekolah?npsn=20252031
[2026-07-15 17:39:25] INFO - Successfully fetched 1 records from getSekolah
[2026-07-15 17:40:23] ERROR - Invalid JSON from Dapodik: Syntax error - snippet: { 'success' : false, 'message': 'Session telah habis. harap melakukan login kembali' }
[2026-07-15 17:40:23] WARNING - Fallback returned invalid JSON for http://localhost:5774/WebService/getSekolah: Syntax error - snippet: HTTP/1.0 403 Forbidden
Cache-Control: no-cache
Date:          Wed, 15 Jul 2026 17:40:23 GMT

{"success":false,"http_code":403,"status_code":"Forbidden","message":"Parameter NPSN harap diisi"}
[2026-07-15 17:40:24] INFO - Fallback to legacy endpoint succeeded: http://localhost:5774/WebService/getSekolah?npsn=20252031
[2026-07-15 17:40:24] INFO - Successfully fetched 1 records from getSekolah
[2026-07-15 17:40:24] ERROR - Invalid JSON from Dapodik: Syntax error - snippet: { 'success' : false, 'message': 'Session telah habis. harap melakukan login kembali' }
[2026-07-15 17:40:24] WARNING - Fallback returned invalid JSON for http://localhost:5774/WebService/getSekolah: Syntax error - snippet: HTTP/1.0 403 Forbidden
Cache-Control: no-cache
Date:          Wed, 15 Jul 2026 17:40:24 GMT

{"success":false,"http_code":403,"status_code":"Forbidden","message":"Parameter NPSN harap diisi"}
[2026-07-15 17:40:25] INFO - Fallback to legacy endpoint succeeded: http://localhost:5774/WebService/getSekolah?npsn=20252031
[2026-07-15 17:40:25] INFO - Successfully fetched 1 records from getSekolah
[2026-07-15 17:41:23] ERROR - Invalid JSON from Dapodik: Syntax error - snippet: { 'success' : false, 'message': 'Session telah habis. harap melakukan login kembali' }
[2026-07-15 17:41:23] WARNING - Fallback returned invalid JSON for http://localhost:5774/WebService/getSekolah: Syntax error - snippet: HTTP/1.0 403 Forbidden
Cache-Control: no-cache
Date:          Wed, 15 Jul 2026 17:41:23 GMT

{"success":false,"http_code":403,"status_code":"Forbidden","message":"Parameter NPSN harap diisi"}
[2026-07-15 17:41:24] INFO - Fallback to legacy endpoint succeeded: http://localhost:5774/WebService/getSekolah?npsn=20252031
[2026-07-15 17:41:24] INFO - Successfully fetched 1 records from getSekolah
[2026-07-15 17:41:24] ERROR - Invalid JSON from Dapodik: Syntax error - snippet: { 'success' : false, 'message': 'Session telah habis. harap melakukan login kembali' }
[2026-07-15 17:41:24] WARNING - Fallback returned invalid JSON for http://localhost:5774/WebService/getSekolah: Syntax error - snippet: HTTP/1.0 403 Forbidden
Cache-Control: no-cache
Date:          Wed, 15 Jul 2026 17:41:24 GMT

{"success":false,"http_code":403,"status_code":"Forbidden","message":"Parameter NPSN harap diisi"}
[2026-07-15 17:41:25] INFO - Fallback to legacy endpoint succeeded: http://localhost:5774/WebService/getSekolah?npsn=20252031
[2026-07-15 17:41:25] INFO - Successfully fetched 1 records from getSekolah
[2026-07-15 17:42:23] ERROR - Invalid JSON from Dapodik: Syntax error - snippet: { 'success' : false, 'message': 'Session telah habis. harap melakukan login kembali' }
[2026-07-15 17:42:23] WARNING - Fallback returned invalid JSON for http://localhost:5774/WebService/getSekolah: Syntax error - snippet: HTTP/1.0 403 Forbidden
Cache-Control: no-cache
Date:          Wed, 15 Jul 2026 17:42:23 GMT

{"success":false,"http_code":403,"status_code":"Forbidden","message":"Parameter NPSN harap diisi"}
[2026-07-15 17:42:24] INFO - Fallback to legacy endpoint succeeded: http://localhost:5774/WebService/getSekolah?npsn=20252031
[2026-07-15 17:42:24] INFO - Successfully fetched 1 records from getSekolah
[2026-07-15 17:42:24] ERROR - Invalid JSON from Dapodik: Syntax error - snippet: { 'success' : false, 'message': 'Session telah habis. harap melakukan login kembali' }
[2026-07-15 17:42:24] WARNING - Fallback returned invalid JSON for http://localhost:5774/WebService/getSekolah: Syntax error - snippet: HTTP/1.0 403 Forbidden
Cache-Control: no-cache
Date:          Wed, 15 Jul 2026 17:42:24 GMT

{"success":false,"http_code":403,"status_code":"Forbidden","message":"Parameter NPSN harap diisi"}
[2026-07-15 17:42:25] INFO - Fallback to legacy endpoint succeeded: http://localhost:5774/WebService/getSekolah?npsn=20252031
[2026-07-15 17:42:25] INFO - Successfully fetched 1 records from getSekolah
[2026-07-15 17:43:23] ERROR - Invalid JSON from Dapodik: Syntax error - snippet: { 'success' : false, 'message': 'Session telah habis. harap melakukan login kembali' }
[2026-07-15 17:43:23] WARNING - Fallback returned invalid JSON for http://localhost:5774/WebService/getSekolah: Syntax error - snippet: HTTP/1.0 403 Forbidden
Cache-Control: no-cache
Date:          Wed, 15 Jul 2026 17:43:23 GMT

{"success":false,"http_code":403,"status_code":"Forbidden","message":"Parameter NPSN harap diisi"}
[2026-07-15 17:43:24] INFO - Fallback to legacy endpoint succeeded: http://localhost:5774/WebService/getSekolah?npsn=20252031
[2026-07-15 17:43:24] INFO - Successfully fetched 1 records from getSekolah
[2026-07-15 17:43:24] ERROR - Invalid JSON from Dapodik: Syntax error - snippet: { 'success' : false, 'message': 'Session telah habis. harap melakukan login kembali' }
[2026-07-15 17:43:24] WARNING - Fallback returned invalid JSON for http://localhost:5774/WebService/getSekolah: Syntax error - snippet: HTTP/1.0 403 Forbidden
Cache-Control: no-cache
Date:          Wed, 15 Jul 2026 17:43:24 GMT

{"success":false,"http_code":403,"status_code":"Forbidden","message":"Parameter NPSN harap diisi"}
[2026-07-15 17:43:25] INFO - Fallback to legacy endpoint succeeded: http://localhost:5774/WebService/getSekolah?npsn=20252031
[2026-07-15 17:43:25] INFO - Successfully fetched 1 records from getSekolah
[2026-07-15 17:44:23] ERROR - Invalid JSON from Dapodik: Syntax error - snippet: { 'success' : false, 'message': 'Session telah habis. harap melakukan login kembali' }
[2026-07-15 17:44:23] WARNING - Fallback returned invalid JSON for http://localhost:5774/WebService/getSekolah: Syntax error - snippet: HTTP/1.0 403 Forbidden
Cache-Control: no-cache
Date:          Wed, 15 Jul 2026 17:44:23 GMT

{"success":false,"http_code":403,"status_code":"Forbidden","message":"Parameter NPSN harap diisi"}
[2026-07-15 17:44:24] INFO - Fallback to legacy endpoint succeeded: http://localhost:5774/WebService/getSekolah?npsn=20252031
[2026-07-15 17:44:24] INFO - Successfully fetched 1 records from getSekolah
[2026-07-15 17:44:24] ERROR - Invalid JSON from Dapodik: Syntax error - snippet: { 'success' : false, 'message': 'Session telah habis. harap melakukan login kembali' }
[2026-07-15 17:44:24] WARNING - Fallback returned invalid JSON for http://localhost:5774/WebService/getSekolah: Syntax error - snippet: HTTP/1.0 403 Forbidden
Cache-Control: no-cache
Date:          Wed, 15 Jul 2026 17:44:24 GMT

{"success":false,"http_code":403,"status_code":"Forbidden","message":"Parameter NPSN harap diisi"}
[2026-07-15 17:44:25] INFO - Fallback to legacy endpoint succeeded: http://localhost:5774/WebService/getSekolah?npsn=20252031
[2026-07-15 17:44:25] INFO - Successfully fetched 1 records from getSekolah
[2026-07-15 17:45:23] ERROR - Invalid JSON from Dapodik: Syntax error - snippet: { 'success' : false, 'message': 'Session telah habis. harap melakukan login kembali' }
[2026-07-15 17:45:23] WARNING - Fallback returned invalid JSON for http://localhost:5774/WebService/getSekolah: Syntax error - snippet: HTTP/1.0 403 Forbidden
Cache-Control: no-cache
Date:          Wed, 15 Jul 2026 17:45:23 GMT

{"success":false,"http_code":403,"status_code":"Forbidden","message":"Parameter NPSN harap diisi"}
[2026-07-15 17:45:24] INFO - Fallback to legacy endpoint succeeded: http://localhost:5774/WebService/getSekolah?npsn=20252031
[2026-07-15 17:45:24] INFO - Successfully fetched 1 records from getSekolah
[2026-07-15 17:45:24] ERROR - Invalid JSON from Dapodik: Syntax error - snippet: { 'success' : false, 'message': 'Session telah habis. harap melakukan login kembali' }
[2026-07-15 17:45:24] WARNING - Fallback returned invalid JSON for http://localhost:5774/WebService/getSekolah: Syntax error - snippet: HTTP/1.0 403 Forbidden
Cache-Control: no-cache
Date:          Wed, 15 Jul 2026 17:45:24 GMT

{"success":false,"http_code":403,"status_code":"Forbidden","message":"Parameter NPSN harap diisi"}
[2026-07-15 17:45:25] INFO - Fallback to legacy endpoint succeeded: http://localhost:5774/WebService/getSekolah?npsn=20252031
[2026-07-15 17:45:25] INFO - Successfully fetched 1 records from getSekolah
[2026-07-15 17:46:23] ERROR - Invalid JSON from Dapodik: Syntax error - snippet: { 'success' : false, 'message': 'Session telah habis. harap melakukan login kembali' }
[2026-07-15 17:46:23] WARNING - Fallback returned invalid JSON for http://localhost:5774/WebService/getSekolah: Syntax error - snippet: HTTP/1.0 403 Forbidden
Cache-Control: no-cache
Date:          Wed, 15 Jul 2026 17:46:23 GMT

{"success":false,"http_code":403,"status_code":"Forbidden","message":"Parameter NPSN harap diisi"}
[2026-07-15 17:46:24] INFO - Fallback to legacy endpoint succeeded: http://localhost:5774/WebService/getSekolah?npsn=20252031
[2026-07-15 17:46:24] INFO - Successfully fetched 1 records from getSekolah
[2026-07-15 17:46:24] ERROR - Invalid JSON from Dapodik: Syntax error - snippet: { 'success' : false, 'message': 'Session telah habis. harap melakukan login kembali' }
[2026-07-15 17:46:24] WARNING - Fallback returned invalid JSON for http://localhost:5774/WebService/getSekolah: Syntax error - snippet: HTTP/1.0 403 Forbidden
Cache-Control: no-cache
Date:          Wed, 15 Jul 2026 17:46:24 GMT

{"success":false,"http_code":403,"status_code":"Forbidden","message":"Parameter NPSN harap diisi"}
[2026-07-15 17:46:25] INFO - Fallback to legacy endpoint succeeded: http://localhost:5774/WebService/getSekolah?npsn=20252031
[2026-07-15 17:46:25] INFO - Successfully fetched 1 records from getSekolah
[2026-07-15 17:47:23] ERROR - Invalid JSON from Dapodik: Syntax error - snippet: { 'success' : false, 'message': 'Session telah habis. harap melakukan login kembali' }
[2026-07-15 17:47:23] WARNING - Fallback returned invalid JSON for http://localhost:5774/WebService/getSekolah: Syntax error - snippet: HTTP/1.0 403 Forbidden
Cache-Control: no-cache
Date:          Wed, 15 Jul 2026 17:47:23 GMT

{"success":false,"http_code":403,"status_code":"Forbidden","message":"Parameter NPSN harap diisi"}
[2026-07-15 17:47:24] INFO - Fallback to legacy endpoint succeeded: http://localhost:5774/WebService/getSekolah?npsn=20252031
[2026-07-15 17:47:24] INFO - Successfully fetched 1 records from getSekolah
[2026-07-15 17:47:24] ERROR - Invalid JSON from Dapodik: Syntax error - snippet: { 'success' : false, 'message': 'Session telah habis. harap melakukan login kembali' }
[2026-07-15 17:47:24] WARNING - Fallback returned invalid JSON for http://localhost:5774/WebService/getSekolah: Syntax error - snippet: HTTP/1.0 403 Forbidden
Cache-Control: no-cache
Date:          Wed, 15 Jul 2026 17:47:24 GMT

{"success":false,"http_code":403,"status_code":"Forbidden","message":"Parameter NPSN harap diisi"}
[2026-07-15 17:47:25] INFO - Fallback to legacy endpoint succeeded: http://localhost:5774/WebService/getSekolah?npsn=20252031
[2026-07-15 17:47:25] INFO - Successfully fetched 1 records from getSekolah
[2026-07-15 17:48:23] ERROR - Invalid JSON from Dapodik: Syntax error - snippet: { 'success' : false, 'message': 'Session telah habis. harap melakukan login kembali' }
[2026-07-15 17:48:23] WARNING - Fallback returned invalid JSON for http://localhost:5774/WebService/getSekolah: Syntax error - snippet: HTTP/1.0 403 Forbidden
Cache-Control: no-cache
Date:          Wed, 15 Jul 2026 17:48:23 GMT

{"success":false,"http_code":403,"status_code":"Forbidden","message":"Parameter NPSN harap diisi"}
[2026-07-15 17:48:24] INFO - Fallback to legacy endpoint succeeded: http://localhost:5774/WebService/getSekolah?npsn=20252031
[2026-07-15 17:48:24] INFO - Successfully fetched 1 records from getSekolah
[2026-07-15 17:48:24] ERROR - Invalid JSON from Dapodik: Syntax error - snippet: { 'success' : false, 'message': 'Session telah habis. harap melakukan login kembali' }
[2026-07-15 17:48:24] WARNING - Fallback returned invalid JSON for http://localhost:5774/WebService/getSekolah: Syntax error - snippet: HTTP/1.0 403 Forbidden
Cache-Control: no-cache
Date:          Wed, 15 Jul 2026 17:48:24 GMT

{"success":false,"http_code":403,"status_code":"Forbidden","message":"Parameter NPSN harap diisi"}
[2026-07-15 17:48:25] INFO - Fallback to legacy endpoint succeeded: http://localhost:5774/WebService/getSekolah?npsn=20252031
[2026-07-15 17:48:25] INFO - Successfully fetched 1 records from getSekolah
[2026-07-15 17:49:23] ERROR - Invalid JSON from Dapodik: Syntax error - snippet: { 'success' : false, 'message': 'Session telah habis. harap melakukan login kembali' }
[2026-07-15 17:49:23] WARNING - Fallback returned invalid JSON for http://localhost:5774/WebService/getSekolah: Syntax error - snippet: HTTP/1.0 403 Forbidden
Cache-Control: no-cache
Date:          Wed, 15 Jul 2026 17:49:23 GMT

{"success":false,"http_code":403,"status_code":"Forbidden","message":"Parameter NPSN harap diisi"}
[2026-07-15 17:49:24] INFO - Fallback to legacy endpoint succeeded: http://localhost:5774/WebService/getSekolah?npsn=20252031
[2026-07-15 17:49:24] INFO - Successfully fetched 1 records from getSekolah
[2026-07-15 17:49:24] ERROR - Invalid JSON from Dapodik: Syntax error - snippet: { 'success' : false, 'message': 'Session telah habis. harap melakukan login kembali' }
[2026-07-15 17:49:24] WARNING - Fallback returned invalid JSON for http://localhost:5774/WebService/getSekolah: Syntax error - snippet: HTTP/1.0 403 Forbidden
Cache-Control: no-cache
Date:          Wed, 15 Jul 2026 17:49:24 GMT

{"success":false,"http_code":403,"status_code":"Forbidden","message":"Parameter NPSN harap diisi"}
[2026-07-15 17:49:25] INFO - Fallback to legacy endpoint succeeded: http://localhost:5774/WebService/getSekolah?npsn=20252031
[2026-07-15 17:49:25] INFO - Successfully fetched 1 records from getSekolah
[2026-07-15 17:50:23] ERROR - Invalid JSON from Dapodik: Syntax error - snippet: { 'success' : false, 'message': 'Session telah habis. harap melakukan login kembali' }
[2026-07-15 17:50:23] WARNING - Fallback returned invalid JSON for http://localhost:5774/WebService/getSekolah: Syntax error - snippet: HTTP/1.0 403 Forbidden
Cache-Control: no-cache
Date:          Wed, 15 Jul 2026 17:50:23 GMT

{"success":false,"http_code":403,"status_code":"Forbidden","message":"Parameter NPSN harap diisi"}
[2026-07-15 17:50:24] INFO - Fallback to legacy endpoint succeeded: http://localhost:5774/WebService/getSekolah?npsn=20252031
[2026-07-15 17:50:24] INFO - Successfully fetched 1 records from getSekolah
[2026-07-15 17:50:24] ERROR - Invalid JSON from Dapodik: Syntax error - snippet: { 'success' : false, 'message': 'Session telah habis. harap melakukan login kembali' }
[2026-07-15 17:50:24] WARNING - Fallback returned invalid JSON for http://localhost:5774/WebService/getSekolah: Syntax error - snippet: HTTP/1.0 403 Forbidden
Cache-Control: no-cache
Date:          Wed, 15 Jul 2026 17:50:24 GMT

{"success":false,"http_code":403,"status_code":"Forbidden","message":"Parameter NPSN harap diisi"}
[2026-07-15 17:50:25] INFO - Fallback to legacy endpoint succeeded: http://localhost:5774/WebService/getSekolah?npsn=20252031
[2026-07-15 17:50:25] INFO - Successfully fetched 1 records from getSekolah
[2026-07-15 17:51:23] ERROR - Invalid JSON from Dapodik: Syntax error - snippet: { 'success' : false, 'message': 'Session telah habis. harap melakukan login kembali' }
[2026-07-15 17:51:23] WARNING - Fallback returned invalid JSON for http://localhost:5774/WebService/getSekolah: Syntax error - snippet: HTTP/1.0 403 Forbidden
Cache-Control: no-cache
Date:          Wed, 15 Jul 2026 17:51:23 GMT

{"success":false,"http_code":403,"status_code":"Forbidden","message":"Parameter NPSN harap diisi"}
[2026-07-15 17:51:24] INFO - Fallback to legacy endpoint succeeded: http://localhost:5774/WebService/getSekolah?npsn=20252031
[2026-07-15 17:51:24] INFO - Successfully fetched 1 records from getSekolah
[2026-07-15 17:51:25] ERROR - Invalid JSON from Dapodik: Syntax error - snippet: { 'success' : false, 'message': 'Session telah habis. harap melakukan login kembali' }
[2026-07-15 17:51:25] WARNING - Fallback returned invalid JSON for http://localhost:5774/WebService/getSekolah: Syntax error - snippet: HTTP/1.0 403 Forbidden
Cache-Control: no-cache
Date:          Wed, 15 Jul 2026 17:51:25 GMT

{"success":false,"http_code":403,"status_code":"Forbidden","message":"Parameter NPSN harap diisi"}
[2026-07-15 17:51:25] INFO - Fallback to legacy endpoint succeeded: http://localhost:5774/WebService/getSekolah?npsn=20252031
[2026-07-15 17:51:25] INFO - Successfully fetched 1 records from getSekolah
[2026-07-15 17:52:23] ERROR - Invalid JSON from Dapodik: Syntax error - snippet: { 'success' : false, 'message': 'Session telah habis. harap melakukan login kembali' }
[2026-07-15 17:52:23] WARNING - Fallback returned invalid JSON for http://localhost:5774/WebService/getSekolah: Syntax error - snippet: HTTP/1.0 403 Forbidden
Cache-Control: no-cache
Date:          Wed, 15 Jul 2026 17:52:23 GMT

{"success":false,"http_code":403,"status_code":"Forbidden","message":"Parameter NPSN harap diisi"}
[2026-07-15 17:52:24] INFO - Fallback to legacy endpoint succeeded: http://localhost:5774/WebService/getSekolah?npsn=20252031
[2026-07-15 17:52:24] INFO - Successfully fetched 1 records from getSekolah
[2026-07-15 17:52:24] ERROR - Invalid JSON from Dapodik: Syntax error - snippet: { 'success' : false, 'message': 'Session telah habis. harap melakukan login kembali' }
[2026-07-15 17:52:24] WARNING - Fallback returned invalid JSON for http://localhost:5774/WebService/getSekolah: Syntax error - snippet: HTTP/1.0 403 Forbidden
Cache-Control: no-cache
Date:          Wed, 15 Jul 2026 17:52:24 GMT

{"success":false,"http_code":403,"status_code":"Forbidden","message":"Parameter NPSN harap diisi"}
[2026-07-15 17:52:25] INFO - Fallback to legacy endpoint succeeded: http://localhost:5774/WebService/getSekolah?npsn=20252031
[2026-07-15 17:52:25] INFO - Successfully fetched 1 records from getSekolah
[2026-07-15 17:53:23] ERROR - Invalid JSON from Dapodik: Syntax error - snippet: { 'success' : false, 'message': 'Session telah habis. harap melakukan login kembali' }
[2026-07-15 17:53:23] WARNING - Fallback returned invalid JSON for http://localhost:5774/WebService/getSekolah: Syntax error - snippet: HTTP/1.0 403 Forbidden
Cache-Control: no-cache
Date:          Wed, 15 Jul 2026 17:53:23 GMT

{"success":false,"http_code":403,"status_code":"Forbidden","message":"Parameter NPSN harap diisi"}
[2026-07-15 17:53:24] INFO - Fallback to legacy endpoint succeeded: http://localhost:5774/WebService/getSekolah?npsn=20252031
[2026-07-15 17:53:24] INFO - Successfully fetched 1 records from getSekolah
[2026-07-15 17:53:24] ERROR - Invalid JSON from Dapodik: Syntax error - snippet: { 'success' : false, 'message': 'Session telah habis. harap melakukan login kembali' }
[2026-07-15 17:53:24] WARNING - Fallback returned invalid JSON for http://localhost:5774/WebService/getSekolah: Syntax error - snippet: HTTP/1.0 403 Forbidden
Cache-Control: no-cache
Date:          Wed, 15 Jul 2026 17:53:24 GMT

{"success":false,"http_code":403,"status_code":"Forbidden","message":"Parameter NPSN harap diisi"}
[2026-07-15 17:53:25] INFO - Fallback to legacy endpoint succeeded: http://localhost:5774/WebService/getSekolah?npsn=20252031
[2026-07-15 17:53:25] INFO - Successfully fetched 1 records from getSekolah
[2026-07-15 17:54:23] ERROR - Invalid JSON from Dapodik: Syntax error - snippet: { 'success' : false, 'message': 'Session telah habis. harap melakukan login kembali' }
[2026-07-15 17:54:23] WARNING - Fallback returned invalid JSON for http://localhost:5774/WebService/getSekolah: Syntax error - snippet: HTTP/1.0 403 Forbidden
Cache-Control: no-cache
Date:          Wed, 15 Jul 2026 17:54:23 GMT

{"success":false,"http_code":403,"status_code":"Forbidden","message":"Parameter NPSN harap diisi"}
[2026-07-15 17:54:24] INFO - Fallback to legacy endpoint succeeded: http://localhost:5774/WebService/getSekolah?npsn=20252031
[2026-07-15 17:54:24] INFO - Successfully fetched 1 records from getSekolah
[2026-07-15 17:54:24] ERROR - Invalid JSON from Dapodik: Syntax error - snippet: { 'success' : false, 'message': 'Session telah habis. harap melakukan login kembali' }
[2026-07-15 17:54:24] WARNING - Fallback returned invalid JSON for http://localhost:5774/WebService/getSekolah: Syntax error - snippet: HTTP/1.0 403 Forbidden
Cache-Control: no-cache
Date:          Wed, 15 Jul 2026 17:54:24 GMT

{"success":false,"http_code":403,"status_code":"Forbidden","message":"Parameter NPSN harap diisi"}
[2026-07-15 17:54:25] INFO - Fallback to legacy endpoint succeeded: http://localhost:5774/WebService/getSekolah?npsn=20252031
[2026-07-15 17:54:25] INFO - Successfully fetched 1 records from getSekolah
[2026-07-15 17:55:23] ERROR - Invalid JSON from Dapodik: Syntax error - snippet: { 'success' : false, 'message': 'Session telah habis. harap melakukan login kembali' }
[2026-07-15 17:55:23] WARNING - Fallback returned invalid JSON for http://localhost:5774/WebService/getSekolah: Syntax error - snippet: HTTP/1.0 403 Forbidden
Cache-Control: no-cache
Date:          Wed, 15 Jul 2026 17:55:23 GMT

{"success":false,"http_code":403,"status_code":"Forbidden","message":"Parameter NPSN harap diisi"}
[2026-07-15 17:55:24] INFO - Fallback to legacy endpoint succeeded: http://localhost:5774/WebService/getSekolah?npsn=20252031
[2026-07-15 17:55:24] INFO - Successfully fetched 1 records from getSekolah
[2026-07-15 17:55:24] ERROR - Invalid JSON from Dapodik: Syntax error - snippet: { 'success' : false, 'message': 'Session telah habis. harap melakukan login kembali' }
[2026-07-15 17:55:24] WARNING - Fallback returned invalid JSON for http://localhost:5774/WebService/getSekolah: Syntax error - snippet: HTTP/1.0 403 Forbidden
Cache-Control: no-cache
Date:          Wed, 15 Jul 2026 17:55:24 GMT

{"success":false,"http_code":403,"status_code":"Forbidden","message":"Parameter NPSN harap diisi"}
[2026-07-15 17:55:25] INFO - Fallback to legacy endpoint succeeded: http://localhost:5774/WebService/getSekolah?npsn=20252031
[2026-07-15 17:55:25] INFO - Successfully fetched 1 records from getSekolah
[2026-07-15 17:56:23] ERROR - Invalid JSON from Dapodik: Syntax error - snippet: { 'success' : false, 'message': 'Session telah habis. harap melakukan login kembali' }
[2026-07-15 17:56:23] WARNING - Fallback returned invalid JSON for http://localhost:5774/WebService/getSekolah: Syntax error - snippet: HTTP/1.0 403 Forbidden
Cache-Control: no-cache
Date:          Wed, 15 Jul 2026 17:56:23 GMT

{"success":false,"http_code":403,"status_code":"Forbidden","message":"Parameter NPSN harap diisi"}
[2026-07-15 17:56:24] INFO - Fallback to legacy endpoint succeeded: http://localhost:5774/WebService/getSekolah?npsn=20252031
[2026-07-15 17:56:24] INFO - Successfully fetched 1 records from getSekolah
[2026-07-15 17:56:24] ERROR - Invalid JSON from Dapodik: Syntax error - snippet: { 'success' : false, 'message': 'Session telah habis. harap melakukan login kembali' }
[2026-07-15 17:56:24] WARNING - Fallback returned invalid JSON for http://localhost:5774/WebService/getSekolah: Syntax error - snippet: HTTP/1.0 403 Forbidden
Cache-Control: no-cache
Date:          Wed, 15 Jul 2026 17:56:24 GMT

{"success":false,"http_code":403,"status_code":"Forbidden","message":"Parameter NPSN harap diisi"}
[2026-07-15 17:56:25] INFO - Fallback to legacy endpoint succeeded: http://localhost:5774/WebService/getSekolah?npsn=20252031
[2026-07-15 17:56:25] INFO - Successfully fetched 1 records from getSekolah
[2026-07-15 17:57:23] ERROR - Invalid JSON from Dapodik: Syntax error - snippet: { 'success' : false, 'message': 'Session telah habis. harap melakukan login kembali' }
[2026-07-15 17:57:23] WARNING - Fallback returned invalid JSON for http://localhost:5774/WebService/getSekolah: Syntax error - snippet: HTTP/1.0 403 Forbidden
Cache-Control: no-cache
Date:          Wed, 15 Jul 2026 17:57:23 GMT

{"success":false,"http_code":403,"status_code":"Forbidden","message":"Parameter NPSN harap diisi"}
[2026-07-15 17:57:24] INFO - Fallback to legacy endpoint succeeded: http://localhost:5774/WebService/getSekolah?npsn=20252031
[2026-07-15 17:57:24] INFO - Successfully fetched 1 records from getSekolah
[2026-07-15 17:57:24] ERROR - Invalid JSON from Dapodik: Syntax error - snippet: { 'success' : false, 'message': 'Session telah habis. harap melakukan login kembali' }
[2026-07-15 17:57:24] WARNING - Fallback returned invalid JSON for http://localhost:5774/WebService/getSekolah: Syntax error - snippet: HTTP/1.0 403 Forbidden
Cache-Control: no-cache
Date:          Wed, 15 Jul 2026 17:57:24 GMT

{"success":false,"http_code":403,"status_code":"Forbidden","message":"Parameter NPSN harap diisi"}
[2026-07-15 17:57:25] INFO - Fallback to legacy endpoint succeeded: http://localhost:5774/WebService/getSekolah?npsn=20252031
[2026-07-15 17:57:25] INFO - Successfully fetched 1 records from getSekolah
[2026-07-15 17:58:23] ERROR - Invalid JSON from Dapodik: Syntax error - snippet: { 'success' : false, 'message': 'Session telah habis. harap melakukan login kembali' }
[2026-07-15 17:58:23] WARNING - Fallback returned invalid JSON for http://localhost:5774/WebService/getSekolah: Syntax error - snippet: HTTP/1.0 403 Forbidden
Cache-Control: no-cache
Date:          Wed, 15 Jul 2026 17:58:23 GMT

{"success":false,"http_code":403,"status_code":"Forbidden","message":"Parameter NPSN harap diisi"}
[2026-07-15 17:58:24] INFO - Fallback to legacy endpoint succeeded: http://localhost:5774/WebService/getSekolah?npsn=20252031
[2026-07-15 17:58:24] INFO - Successfully fetched 1 records from getSekolah
[2026-07-15 17:58:24] ERROR - Invalid JSON from Dapodik: Syntax error - snippet: { 'success' : false, 'message': 'Session telah habis. harap melakukan login kembali' }
[2026-07-15 17:58:24] WARNING - Fallback returned invalid JSON for http://localhost:5774/WebService/getSekolah: Syntax error - snippet: HTTP/1.0 403 Forbidden
Cache-Control: no-cache
Date:          Wed, 15 Jul 2026 17:58:24 GMT

{"success":false,"http_code":403,"status_code":"Forbidden","message":"Parameter NPSN harap diisi"}
[2026-07-15 17:58:25] INFO - Fallback to legacy endpoint succeeded: http://localhost:5774/WebService/getSekolah?npsn=20252031
[2026-07-15 17:58:25] INFO - Successfully fetched 1 records from getSekolah
[2026-07-15 17:59:23] ERROR - Invalid JSON from Dapodik: Syntax error - snippet: { 'success' : false, 'message': 'Session telah habis. harap melakukan login kembali' }
[2026-07-15 17:59:23] WARNING - Fallback returned invalid JSON for http://localhost:5774/WebService/getSekolah: Syntax error - snippet: HTTP/1.0 403 Forbidden
Cache-Control: no-cache
Date:          Wed, 15 Jul 2026 17:59:23 GMT

{"success":false,"http_code":403,"status_code":"Forbidden","message":"Parameter NPSN harap diisi"}
[2026-07-15 17:59:24] INFO - Fallback to legacy endpoint succeeded: http://localhost:5774/WebService/getSekolah?npsn=20252031
[2026-07-15 17:59:24] INFO - Successfully fetched 1 records from getSekolah
[2026-07-15 17:59:24] ERROR - Invalid JSON from Dapodik: Syntax error - snippet: { 'success' : false, 'message': 'Session telah habis. harap melakukan login kembali' }
[2026-07-15 17:59:24] WARNING - Fallback returned invalid JSON for http://localhost:5774/WebService/getSekolah: Syntax error - snippet: HTTP/1.0 403 Forbidden
Cache-Control: no-cache
Date:          Wed, 15 Jul 2026 17:59:24 GMT

{"success":false,"http_code":403,"status_code":"Forbidden","message":"Parameter NPSN harap diisi"}
[2026-07-15 17:59:25] INFO - Fallback to legacy endpoint succeeded: http://localhost:5774/WebService/getSekolah?npsn=20252031
[2026-07-15 17:59:25] INFO - Successfully fetched 1 records from getSekolah
[2026-07-15 18:00:23] ERROR - Invalid JSON from Dapodik: Syntax error - snippet: { 'success' : false, 'message': 'Session telah habis. harap melakukan login kembali' }
[2026-07-15 18:00:23] WARNING - Fallback returned invalid JSON for http://localhost:5774/WebService/getSekolah: Syntax error - snippet: HTTP/1.0 403 Forbidden
Cache-Control: no-cache
Date:          Wed, 15 Jul 2026 18:00:23 GMT

{"success":false,"http_code":403,"status_code":"Forbidden","message":"Parameter NPSN harap diisi"}
[2026-07-15 18:00:24] INFO - Fallback to legacy endpoint succeeded: http://localhost:5774/WebService/getSekolah?npsn=20252031
[2026-07-15 18:00:24] INFO - Successfully fetched 1 records from getSekolah
[2026-07-15 18:00:24] ERROR - Invalid JSON from Dapodik: Syntax error - snippet: { 'success' : false, 'message': 'Session telah habis. harap melakukan login kembali' }
[2026-07-15 18:00:24] WARNING - Fallback returned invalid JSON for http://localhost:5774/WebService/getSekolah: Syntax error - snippet: HTTP/1.0 403 Forbidden
Cache-Control: no-cache
Date:          Wed, 15 Jul 2026 18:00:24 GMT

{"success":false,"http_code":403,"status_code":"Forbidden","message":"Parameter NPSN harap diisi"}
[2026-07-15 18:00:25] INFO - Fallback to legacy endpoint succeeded: http://localhost:5774/WebService/getSekolah?npsn=20252031
[2026-07-15 18:00:25] INFO - Successfully fetched 1 records from getSekolah
[2026-07-15 18:01:23] ERROR - Invalid JSON from Dapodik: Syntax error - snippet: { 'success' : false, 'message': 'Session telah habis. harap melakukan login kembali' }
[2026-07-15 18:01:23] WARNING - Fallback returned invalid JSON for http://localhost:5774/WebService/getSekolah: Syntax error - snippet: HTTP/1.0 403 Forbidden
Cache-Control: no-cache
Date:          Wed, 15 Jul 2026 18:01:23 GMT

{"success":false,"http_code":403,"status_code":"Forbidden","message":"Parameter NPSN harap diisi"}
[2026-07-15 18:01:24] INFO - Fallback to legacy endpoint succeeded: http://localhost:5774/WebService/getSekolah?npsn=20252031
[2026-07-15 18:01:24] INFO - Successfully fetched 1 records from getSekolah
[2026-07-15 18:01:24] ERROR - Invalid JSON from Dapodik: Syntax error - snippet: { 'success' : false, 'message': 'Session telah habis. harap melakukan login kembali' }
[2026-07-15 18:01:24] WARNING - Fallback returned invalid JSON for http://localhost:5774/WebService/getSekolah: Syntax error - snippet: HTTP/1.0 403 Forbidden
Cache-Control: no-cache
Date:          Wed, 15 Jul 2026 18:01:24 GMT

{"success":false,"http_code":403,"status_code":"Forbidden","message":"Parameter NPSN harap diisi"}
[2026-07-15 18:01:25] INFO - Fallback to legacy endpoint succeeded: http://localhost:5774/WebService/getSekolah?npsn=20252031
[2026-07-15 18:01:25] INFO - Successfully fetched 1 records from getSekolah
[2026-07-15 18:02:23] ERROR - Invalid JSON from Dapodik: Syntax error - snippet: { 'success' : false, 'message': 'Session telah habis. harap melakukan login kembali' }
[2026-07-15 18:02:23] WARNING - Fallback returned invalid JSON for http://localhost:5774/WebService/getSekolah: Syntax error - snippet: HTTP/1.0 403 Forbidden
Cache-Control: no-cache
Date:          Wed, 15 Jul 2026 18:02:23 GMT

{"success":false,"http_code":403,"status_code":"Forbidden","message":"Parameter NPSN harap diisi"}
[2026-07-15 18:02:24] INFO - Fallback to legacy endpoint succeeded: http://localhost:5774/WebService/getSekolah?npsn=20252031
[2026-07-15 18:02:24] INFO - Successfully fetched 1 records from getSekolah
[2026-07-15 18:02:24] ERROR - Invalid JSON from Dapodik: Syntax error - snippet: { 'success' : false, 'message': 'Session telah habis. harap melakukan login kembali' }
[2026-07-15 18:02:24] WARNING - Fallback returned invalid JSON for http://localhost:5774/WebService/getSekolah: Syntax error - snippet: HTTP/1.0 403 Forbidden
Cache-Control: no-cache
Date:          Wed, 15 Jul 2026 18:02:24 GMT

{"success":false,"http_code":403,"status_code":"Forbidden","message":"Parameter NPSN harap diisi"}
[2026-07-15 18:02:25] INFO - Fallback to legacy endpoint succeeded: http://localhost:5774/WebService/getSekolah?npsn=20252031
[2026-07-15 18:02:25] INFO - Successfully fetched 1 records from getSekolah
[2026-07-15 18:03:23] ERROR - Invalid JSON from Dapodik: Syntax error - snippet: { 'success' : false, 'message': 'Session telah habis. harap melakukan login kembali' }
[2026-07-15 18:03:23] WARNING - Fallback returned invalid JSON for http://localhost:5774/WebService/getSekolah: Syntax error - snippet: HTTP/1.0 403 Forbidden
Cache-Control: no-cache
Date:          Wed, 15 Jul 2026 18:03:23 GMT

{"success":false,"http_code":403,"status_code":"Forbidden","message":"Parameter NPSN harap diisi"}
[2026-07-15 18:03:24] INFO - Fallback to legacy endpoint succeeded: http://localhost:5774/WebService/getSekolah?npsn=20252031
[2026-07-15 18:03:24] INFO - Successfully fetched 1 records from getSekolah
[2026-07-15 18:03:24] ERROR - Invalid JSON from Dapodik: Syntax error - snippet: { 'success' : false, 'message': 'Session telah habis. harap melakukan login kembali' }
[2026-07-15 18:03:24] WARNING - Fallback returned invalid JSON for http://localhost:5774/WebService/getSekolah: Syntax error - snippet: HTTP/1.0 403 Forbidden
Cache-Control: no-cache
Date:          Wed, 15 Jul 2026 18:03:24 GMT

{"success":false,"http_code":403,"status_code":"Forbidden","message":"Parameter NPSN harap diisi"}
[2026-07-15 18:03:25] INFO - Fallback to legacy endpoint succeeded: http://localhost:5774/WebService/getSekolah?npsn=20252031
[2026-07-15 18:03:25] INFO - Successfully fetched 1 records from getSekolah
[2026-07-15 18:04:23] ERROR - Invalid JSON from Dapodik: Syntax error - snippet: { 'success' : false, 'message': 'Session telah habis. harap melakukan login kembali' }
[2026-07-15 18:04:23] WARNING - Fallback returned invalid JSON for http://localhost:5774/WebService/getSekolah: Syntax error - snippet: HTTP/1.0 403 Forbidden
Cache-Control: no-cache
Date:          Wed, 15 Jul 2026 18:04:23 GMT

{"success":false,"http_code":403,"status_code":"Forbidden","message":"Parameter NPSN harap diisi"}
[2026-07-15 18:04:24] INFO - Fallback to legacy endpoint succeeded: http://localhost:5774/WebService/getSekolah?npsn=20252031
[2026-07-15 18:04:24] INFO - Successfully fetched 1 records from getSekolah
[2026-07-15 18:04:24] ERROR - Invalid JSON from Dapodik: Syntax error - snippet: { 'success' : false, 'message': 'Session telah habis. harap melakukan login kembali' }
[2026-07-15 18:04:24] WARNING - Fallback returned invalid JSON for http://localhost:5774/WebService/getSekolah: Syntax error - snippet: HTTP/1.0 403 Forbidden
Cache-Control: no-cache
Date:          Wed, 15 Jul 2026 18:04:24 GMT

{"success":false,"http_code":403,"status_code":"Forbidden","message":"Parameter NPSN harap diisi"}
[2026-07-15 18:04:25] INFO - Fallback to legacy endpoint succeeded: http://localhost:5774/WebService/getSekolah?npsn=20252031
[2026-07-15 18:04:25] INFO - Successfully fetched 1 records from getSekolah
[2026-07-15 18:05:23] ERROR - Invalid JSON from Dapodik: Syntax error - snippet: { 'success' : false, 'message': 'Session telah habis. harap melakukan login kembali' }
[2026-07-15 18:05:23] WARNING - Fallback returned invalid JSON for http://localhost:5774/WebService/getSekolah: Syntax error - snippet: HTTP/1.0 403 Forbidden
Cache-Control: no-cache
Date:          Wed, 15 Jul 2026 18:05:23 GMT

{"success":false,"http_code":403,"status_code":"Forbidden","message":"Parameter NPSN harap diisi"}
[2026-07-15 18:05:24] INFO - Fallback to legacy endpoint succeeded: http://localhost:5774/WebService/getSekolah?npsn=20252031
[2026-07-15 18:05:24] INFO - Successfully fetched 1 records from getSekolah
[2026-07-15 18:05:24] ERROR - Invalid JSON from Dapodik: Syntax error - snippet: { 'success' : false, 'message': 'Session telah habis. harap melakukan login kembali' }
[2026-07-15 18:05:24] WARNING - Fallback returned invalid JSON for http://localhost:5774/WebService/getSekolah: Syntax error - snippet: HTTP/1.0 403 Forbidden
Cache-Control: no-cache
Date:          Wed, 15 Jul 2026 18:05:24 GMT

{"success":false,"http_code":403,"status_code":"Forbidden","message":"Parameter NPSN harap diisi"}
[2026-07-15 18:05:25] INFO - Fallback to legacy endpoint succeeded: http://localhost:5774/WebService/getSekolah?npsn=20252031
[2026-07-15 18:05:25] INFO - Successfully fetched 1 records from getSekolah
[2026-07-15 18:06:23] ERROR - Invalid JSON from Dapodik: Syntax error - snippet: { 'success' : false, 'message': 'Session telah habis. harap melakukan login kembali' }
[2026-07-15 18:06:23] WARNING - Fallback returned invalid JSON for http://localhost:5774/WebService/getSekolah: Syntax error - snippet: HTTP/1.0 403 Forbidden
Cache-Control: no-cache
Date:          Wed, 15 Jul 2026 18:06:23 GMT

{"success":false,"http_code":403,"status_code":"Forbidden","message":"Parameter NPSN harap diisi"}
[2026-07-15 18:06:24] INFO - Fallback to legacy endpoint succeeded: http://localhost:5774/WebService/getSekolah?npsn=20252031
[2026-07-15 18:06:24] INFO - Successfully fetched 1 records from getSekolah
[2026-07-15 18:06:24] ERROR - Invalid JSON from Dapodik: Syntax error - snippet: { 'success' : false, 'message': 'Session telah habis. harap melakukan login kembali' }
[2026-07-15 18:06:24] WARNING - Fallback returned invalid JSON for http://localhost:5774/WebService/getSekolah: Syntax error - snippet: HTTP/1.0 403 Forbidden
Cache-Control: no-cache
Date:          Wed, 15 Jul 2026 18:06:24 GMT

{"success":false,"http_code":403,"status_code":"Forbidden","message":"Parameter NPSN harap diisi"}
[2026-07-15 18:06:25] INFO - Fallback to legacy endpoint succeeded: http://localhost:5774/WebService/getSekolah?npsn=20252031
[2026-07-15 18:06:25] INFO - Successfully fetched 1 records from getSekolah
[2026-07-15 18:07:23] ERROR - Invalid JSON from Dapodik: Syntax error - snippet: { 'success' : false, 'message': 'Session telah habis. harap melakukan login kembali' }
[2026-07-15 18:07:23] WARNING - Fallback returned invalid JSON for http://localhost:5774/WebService/getSekolah: Syntax error - snippet: HTTP/1.0 403 Forbidden
Cache-Control: no-cache
Date:          Wed, 15 Jul 2026 18:07:23 GMT

{"success":false,"http_code":403,"status_code":"Forbidden","message":"Parameter NPSN harap diisi"}
[2026-07-15 18:07:24] INFO - Fallback to legacy endpoint succeeded: http://localhost:5774/WebService/getSekolah?npsn=20252031
[2026-07-15 18:07:24] INFO - Successfully fetched 1 records from getSekolah
[2026-07-15 18:07:24] ERROR - Invalid JSON from Dapodik: Syntax error - snippet: { 'success' : false, 'message': 'Session telah habis. harap melakukan login kembali' }
[2026-07-15 18:07:24] WARNING - Fallback returned invalid JSON for http://localhost:5774/WebService/getSekolah: Syntax error - snippet: HTTP/1.0 403 Forbidden
Cache-Control: no-cache
Date:          Wed, 15 Jul 2026 18:07:24 GMT

{"success":false,"http_code":403,"status_code":"Forbidden","message":"Parameter NPSN harap diisi"}
[2026-07-15 18:07:25] INFO - Fallback to legacy endpoint succeeded: http://localhost:5774/WebService/getSekolah?npsn=20252031
[2026-07-15 18:07:25] INFO - Successfully fetched 1 records from getSekolah
[2026-07-15 18:08:23] ERROR - Invalid JSON from Dapodik: Syntax error - snippet: { 'success' : false, 'message': 'Session telah habis. harap melakukan login kembali' }
[2026-07-15 18:08:23] WARNING - Fallback returned invalid JSON for http://localhost:5774/WebService/getSekolah: Syntax error - snippet: HTTP/1.0 403 Forbidden
Cache-Control: no-cache
Date:          Wed, 15 Jul 2026 18:08:23 GMT

{"success":false,"http_code":403,"status_code":"Forbidden","message":"Parameter NPSN harap diisi"}
[2026-07-15 18:08:24] INFO - Fallback to legacy endpoint succeeded: http://localhost:5774/WebService/getSekolah?npsn=20252031
[2026-07-15 18:08:24] INFO - Successfully fetched 1 records from getSekolah
[2026-07-15 18:08:24] ERROR - Invalid JSON from Dapodik: Syntax error - snippet: { 'success' : false, 'message': 'Session telah habis. harap melakukan login kembali' }
[2026-07-15 18:08:24] WARNING - Fallback returned invalid JSON for http://localhost:5774/WebService/getSekolah: Syntax error - snippet: HTTP/1.0 403 Forbidden
Cache-Control: no-cache
Date:          Wed, 15 Jul 2026 18:08:24 GMT

{"success":false,"http_code":403,"status_code":"Forbidden","message":"Parameter NPSN harap diisi"}
[2026-07-15 18:08:25] INFO - Fallback to legacy endpoint succeeded: http://localhost:5774/WebService/getSekolah?npsn=20252031
[2026-07-15 18:08:25] INFO - Successfully fetched 1 records from getSekolah
[2026-07-15 18:09:23] ERROR - Invalid JSON from Dapodik: Syntax error - snippet: { 'success' : false, 'message': 'Session telah habis. harap melakukan login kembali' }
[2026-07-15 18:09:23] WARNING - Fallback returned invalid JSON for http://localhost:5774/WebService/getSekolah: Syntax error - snippet: HTTP/1.0 403 Forbidden
Cache-Control: no-cache
Date:          Wed, 15 Jul 2026 18:09:23 GMT

{"success":false,"http_code":403,"status_code":"Forbidden","message":"Parameter NPSN harap diisi"}
[2026-07-15 18:09:24] INFO - Fallback to legacy endpoint succeeded: http://localhost:5774/WebService/getSekolah?npsn=20252031
[2026-07-15 18:09:24] INFO - Successfully fetched 1 records from getSekolah
[2026-07-15 18:09:24] ERROR - Invalid JSON from Dapodik: Syntax error - snippet: { 'success' : false, 'message': 'Session telah habis. harap melakukan login kembali' }
[2026-07-15 18:09:24] WARNING - Fallback returned invalid JSON for http://localhost:5774/WebService/getSekolah: Syntax error - snippet: HTTP/1.0 403 Forbidden
Cache-Control: no-cache
Date:          Wed, 15 Jul 2026 18:09:24 GMT

{"success":false,"http_code":403,"status_code":"Forbidden","message":"Parameter NPSN harap diisi"}
[2026-07-15 18:09:25] INFO - Fallback to legacy endpoint succeeded: http://localhost:5774/WebService/getSekolah?npsn=20252031
[2026-07-15 18:09:25] INFO - Successfully fetched 1 records from getSekolah
[2026-07-15 18:10:23] ERROR - Invalid JSON from Dapodik: Syntax error - snippet: { 'success' : false, 'message': 'Session telah habis. harap melakukan login kembali' }
[2026-07-15 18:10:23] WARNING - Fallback returned invalid JSON for http://localhost:5774/WebService/getSekolah: Syntax error - snippet: HTTP/1.0 403 Forbidden
Cache-Control: no-cache
Date:          Wed, 15 Jul 2026 18:10:23 GMT

{"success":false,"http_code":403,"status_code":"Forbidden","message":"Parameter NPSN harap diisi"}
[2026-07-15 18:10:24] INFO - Fallback to legacy endpoint succeeded: http://localhost:5774/WebService/getSekolah?npsn=20252031
[2026-07-15 18:10:24] INFO - Successfully fetched 1 records from getSekolah
[2026-07-15 18:10:24] ERROR - Invalid JSON from Dapodik: Syntax error - snippet: { 'success' : false, 'message': 'Session telah habis. harap melakukan login kembali' }
[2026-07-15 18:10:24] WARNING - Fallback returned invalid JSON for http://localhost:5774/WebService/getSekolah: Syntax error - snippet: HTTP/1.0 403 Forbidden
Cache-Control: no-cache
Date:          Wed, 15 Jul 2026 18:10:24 GMT

{"success":false,"http_code":403,"status_code":"Forbidden","message":"Parameter NPSN harap diisi"}
[2026-07-15 18:10:25] INFO - Fallback to legacy endpoint succeeded: http://localhost:5774/WebService/getSekolah?npsn=20252031
[2026-07-15 18:10:25] INFO - Successfully fetched 1 records from getSekolah
[2026-07-15 18:11:23] ERROR - Invalid JSON from Dapodik: Syntax error - snippet: { 'success' : false, 'message': 'Session telah habis. harap melakukan login kembali' }
[2026-07-15 18:11:23] WARNING - Fallback returned invalid JSON for http://localhost:5774/WebService/getSekolah: Syntax error - snippet: HTTP/1.0 403 Forbidden
Cache-Control: no-cache
Date:          Wed, 15 Jul 2026 18:11:23 GMT

{"success":false,"http_code":403,"status_code":"Forbidden","message":"Parameter NPSN harap diisi"}
[2026-07-15 18:11:24] INFO - Fallback to legacy endpoint succeeded: http://localhost:5774/WebService/getSekolah?npsn=20252031
[2026-07-15 18:11:24] INFO - Successfully fetched 1 records from getSekolah
[2026-07-15 18:11:24] ERROR - Invalid JSON from Dapodik: Syntax error - snippet: { 'success' : false, 'message': 'Session telah habis. harap melakukan login kembali' }
[2026-07-15 18:11:24] WARNING - Fallback returned invalid JSON for http://localhost:5774/WebService/getSekolah: Syntax error - snippet: HTTP/1.0 403 Forbidden
Cache-Control: no-cache
Date:          Wed, 15 Jul 2026 18:11:24 GMT

{"success":false,"http_code":403,"status_code":"Forbidden","message":"Parameter NPSN harap diisi"}
[2026-07-15 18:11:25] INFO - Fallback to legacy endpoint succeeded: http://localhost:5774/WebService/getSekolah?npsn=20252031
[2026-07-15 18:11:25] INFO - Successfully fetched 1 records from getSekolah
[2026-07-15 18:12:23] ERROR - Invalid JSON from Dapodik: Syntax error - snippet: { 'success' : false, 'message': 'Session telah habis. harap melakukan login kembali' }
[2026-07-15 18:12:23] WARNING - Fallback returned invalid JSON for http://localhost:5774/WebService/getSekolah: Syntax error - snippet: HTTP/1.0 403 Forbidden
Cache-Control: no-cache
Date:          Wed, 15 Jul 2026 18:12:23 GMT

{"success":false,"http_code":403,"status_code":"Forbidden","message":"Parameter NPSN harap diisi"}
[2026-07-15 18:12:24] INFO - Fallback to legacy endpoint succeeded: http://localhost:5774/WebService/getSekolah?npsn=20252031
[2026-07-15 18:12:24] INFO - Successfully fetched 1 records from getSekolah
[2026-07-15 18:12:24] ERROR - Invalid JSON from Dapodik: Syntax error - snippet: { 'success' : false, 'message': 'Session telah habis. harap melakukan login kembali' }
[2026-07-15 18:12:24] WARNING - Fallback returned invalid JSON for http://localhost:5774/WebService/getSekolah: Syntax error - snippet: HTTP/1.0 403 Forbidden
Cache-Control: no-cache
Date:          Wed, 15 Jul 2026 18:12:24 GMT

{"success":false,"http_code":403,"status_code":"Forbidden","message":"Parameter NPSN harap diisi"}
[2026-07-15 18:12:25] INFO - Fallback to legacy endpoint succeeded: http://localhost:5774/WebService/getSekolah?npsn=20252031
[2026-07-15 18:12:25] INFO - Successfully fetched 1 records from getSekolah
[2026-07-15 18:13:23] ERROR - Invalid JSON from Dapodik: Syntax error - snippet: { 'success' : false, 'message': 'Session telah habis. harap melakukan login kembali' }
[2026-07-15 18:13:23] WARNING - Fallback returned invalid JSON for http://localhost:5774/WebService/getSekolah: Syntax error - snippet: HTTP/1.0 403 Forbidden
Cache-Control: no-cache
Date:          Wed, 15 Jul 2026 18:13:23 GMT

{"success":false,"http_code":403,"status_code":"Forbidden","message":"Parameter NPSN harap diisi"}
[2026-07-15 18:13:24] INFO - Fallback to legacy endpoint succeeded: http://localhost:5774/WebService/getSekolah?npsn=20252031
[2026-07-15 18:13:24] INFO - Successfully fetched 1 records from getSekolah
[2026-07-15 18:13:24] ERROR - Invalid JSON from Dapodik: Syntax error - snippet: { 'success' : false, 'message': 'Session telah habis. harap melakukan login kembali' }
[2026-07-15 18:13:24] WARNING - Fallback returned invalid JSON for http://localhost:5774/WebService/getSekolah: Syntax error - snippet: HTTP/1.0 403 Forbidden
Cache-Control: no-cache
Date:          Wed, 15 Jul 2026 18:13:24 GMT

{"success":false,"http_code":403,"status_code":"Forbidden","message":"Parameter NPSN harap diisi"}
[2026-07-15 18:13:25] INFO - Fallback to legacy endpoint succeeded: http://localhost:5774/WebService/getSekolah?npsn=20252031
[2026-07-15 18:13:25] INFO - Successfully fetched 1 records from getSekolah
[2026-07-15 18:14:23] ERROR - Invalid JSON from Dapodik: Syntax error - snippet: { 'success' : false, 'message': 'Session telah habis. harap melakukan login kembali' }
[2026-07-15 18:14:23] WARNING - Fallback returned invalid JSON for http://localhost:5774/WebService/getSekolah: Syntax error - snippet: HTTP/1.0 403 Forbidden
Cache-Control: no-cache
Date:          Wed, 15 Jul 2026 18:14:23 GMT

{"success":false,"http_code":403,"status_code":"Forbidden","message":"Parameter NPSN harap diisi"}
[2026-07-15 18:14:24] INFO - Fallback to legacy endpoint succeeded: http://localhost:5774/WebService/getSekolah?npsn=20252031
[2026-07-15 18:14:24] INFO - Successfully fetched 1 records from getSekolah
[2026-07-15 18:14:24] ERROR - Invalid JSON from Dapodik: Syntax error - snippet: { 'success' : false, 'message': 'Session telah habis. harap melakukan login kembali' }
[2026-07-15 18:14:24] WARNING - Fallback returned invalid JSON for http://localhost:5774/WebService/getSekolah: Syntax error - snippet: HTTP/1.0 403 Forbidden
Cache-Control: no-cache
Date:          Wed, 15 Jul 2026 18:14:24 GMT

{"success":false,"http_code":403,"status_code":"Forbidden","message":"Parameter NPSN harap diisi"}
[2026-07-15 18:14:25] INFO - Fallback to legacy endpoint succeeded: http://localhost:5774/WebService/getSekolah?npsn=20252031
[2026-07-15 18:14:25] INFO - Successfully fetched 1 records from getSekolah
[2026-07-15 18:15:23] ERROR - Invalid JSON from Dapodik: Syntax error - snippet: { 'success' : false, 'message': 'Session telah habis. harap melakukan login kembali' }
[2026-07-15 18:15:23] WARNING - Fallback returned invalid JSON for http://localhost:5774/WebService/getSekolah: Syntax error - snippet: HTTP/1.0 403 Forbidden
Cache-Control: no-cache
Date:          Wed, 15 Jul 2026 18:15:23 GMT

{"success":false,"http_code":403,"status_code":"Forbidden","message":"Parameter NPSN harap diisi"}
[2026-07-15 18:15:24] INFO - Fallback to legacy endpoint succeeded: http://localhost:5774/WebService/getSekolah?npsn=20252031
[2026-07-15 18:15:24] INFO - Successfully fetched 1 records from getSekolah
[2026-07-15 18:15:24] ERROR - Invalid JSON from Dapodik: Syntax error - snippet: { 'success' : false, 'message': 'Session telah habis. harap melakukan login kembali' }
[2026-07-15 18:15:24] WARNING - Fallback returned invalid JSON for http://localhost:5774/WebService/getSekolah: Syntax error - snippet: HTTP/1.0 403 Forbidden
Cache-Control: no-cache
Date:          Wed, 15 Jul 2026 18:15:24 GMT

{"success":false,"http_code":403,"status_code":"Forbidden","message":"Parameter NPSN harap diisi"}
[2026-07-15 18:15:25] INFO - Fallback to legacy endpoint succeeded: http://localhost:5774/WebService/getSekolah?npsn=20252031
[2026-07-15 18:15:25] INFO - Successfully fetched 1 records from getSekolah
[2026-07-15 18:16:23] ERROR - Invalid JSON from Dapodik: Syntax error - snippet: { 'success' : false, 'message': 'Session telah habis. harap melakukan login kembali' }
[2026-07-15 18:16:23] WARNING - Fallback returned invalid JSON for http://localhost:5774/WebService/getSekolah: Syntax error - snippet: HTTP/1.0 403 Forbidden
Cache-Control: no-cache
Date:          Wed, 15 Jul 2026 18:16:23 GMT

{"success":false,"http_code":403,"status_code":"Forbidden","message":"Parameter NPSN harap diisi"}
[2026-07-15 18:16:24] INFO - Fallback to legacy endpoint succeeded: http://localhost:5774/WebService/getSekolah?npsn=20252031
[2026-07-15 18:16:24] INFO - Successfully fetched 1 records from getSekolah
[2026-07-15 18:16:24] ERROR - Invalid JSON from Dapodik: Syntax error - snippet: { 'success' : false, 'message': 'Session telah habis. harap melakukan login kembali' }
[2026-07-15 18:16:24] WARNING - Fallback returned invalid JSON for http://localhost:5774/WebService/getSekolah: Syntax error - snippet: HTTP/1.0 403 Forbidden
Cache-Control: no-cache
Date:          Wed, 15 Jul 2026 18:16:24 GMT

{"success":false,"http_code":403,"status_code":"Forbidden","message":"Parameter NPSN harap diisi"}
[2026-07-15 18:16:25] INFO - Fallback to legacy endpoint succeeded: http://localhost:5774/WebService/getSekolah?npsn=20252031
[2026-07-15 18:16:25] INFO - Successfully fetched 1 records from getSekolah
[2026-07-15 18:17:23] ERROR - Invalid JSON from Dapodik: Syntax error - snippet: { 'success' : false, 'message': 'Session telah habis. harap melakukan login kembali' }
[2026-07-15 18:17:23] WARNING - Fallback returned invalid JSON for http://localhost:5774/WebService/getSekolah: Syntax error - snippet: HTTP/1.0 403 Forbidden
Cache-Control: no-cache
Date:          Wed, 15 Jul 2026 18:17:23 GMT

{"success":false,"http_code":403,"status_code":"Forbidden","message":"Parameter NPSN harap diisi"}
[2026-07-15 18:17:24] INFO - Fallback to legacy endpoint succeeded: http://localhost:5774/WebService/getSekolah?npsn=20252031
[2026-07-15 18:17:24] INFO - Successfully fetched 1 records from getSekolah
[2026-07-15 18:17:24] ERROR - Invalid JSON from Dapodik: Syntax error - snippet: { 'success' : false, 'message': 'Session telah habis. harap melakukan login kembali' }
[2026-07-15 18:17:24] WARNING - Fallback returned invalid JSON for http://localhost:5774/WebService/getSekolah: Syntax error - snippet: HTTP/1.0 403 Forbidden
Cache-Control: no-cache
Date:          Wed, 15 Jul 2026 18:17:24 GMT

{"success":false,"http_code":403,"status_code":"Forbidden","message":"Parameter NPSN harap diisi"}
[2026-07-15 18:17:25] INFO - Fallback to legacy endpoint succeeded: http://localhost:5774/WebService/getSekolah?npsn=20252031
[2026-07-15 18:17:25] INFO - Successfully fetched 1 records from getSekolah
[2026-07-15 18:18:23] ERROR - Invalid JSON from Dapodik: Syntax error - snippet: { 'success' : false, 'message': 'Session telah habis. harap melakukan login kembali' }
[2026-07-15 18:18:23] WARNING - Fallback returned invalid JSON for http://localhost:5774/WebService/getSekolah: Syntax error - snippet: HTTP/1.0 403 Forbidden
Cache-Control: no-cache
Date:          Wed, 15 Jul 2026 18:18:23 GMT

{"success":false,"http_code":403,"status_code":"Forbidden","message":"Parameter NPSN harap diisi"}
[2026-07-15 18:18:24] INFO - Fallback to legacy endpoint succeeded: http://localhost:5774/WebService/getSekolah?npsn=20252031
[2026-07-15 18:18:24] INFO - Successfully fetched 1 records from getSekolah
[2026-07-15 18:18:24] ERROR - Invalid JSON from Dapodik: Syntax error - snippet: { 'success' : false, 'message': 'Session telah habis. harap melakukan login kembali' }
[2026-07-15 18:18:24] WARNING - Fallback returned invalid JSON for http://localhost:5774/WebService/getSekolah: Syntax error - snippet: HTTP/1.0 403 Forbidden
Cache-Control: no-cache
Date:          Wed, 15 Jul 2026 18:18:24 GMT

{"success":false,"http_code":403,"status_code":"Forbidden","message":"Parameter NPSN harap diisi"}
[2026-07-15 18:18:25] INFO - Fallback to legacy endpoint succeeded: http://localhost:5774/WebService/getSekolah?npsn=20252031
[2026-07-15 18:18:25] INFO - Successfully fetched 1 records from getSekolah
[2026-07-15 18:19:23] ERROR - Invalid JSON from Dapodik: Syntax error - snippet: { 'success' : false, 'message': 'Session telah habis. harap melakukan login kembali' }
[2026-07-15 18:19:23] WARNING - Fallback returned invalid JSON for http://localhost:5774/WebService/getSekolah: Syntax error - snippet: HTTP/1.0 403 Forbidden
Cache-Control: no-cache
Date:          Wed, 15 Jul 2026 18:19:23 GMT

{"success":false,"http_code":403,"status_code":"Forbidden","message":"Parameter NPSN harap diisi"}
[2026-07-15 18:19:24] INFO - Fallback to legacy endpoint succeeded: http://localhost:5774/WebService/getSekolah?npsn=20252031
[2026-07-15 18:19:24] INFO - Successfully fetched 1 records from getSekolah
[2026-07-15 18:19:24] ERROR - Invalid JSON from Dapodik: Syntax error - snippet: { 'success' : false, 'message': 'Session telah habis. harap melakukan login kembali' }
[2026-07-15 18:19:24] WARNING - Fallback returned invalid JSON for http://localhost:5774/WebService/getSekolah: Syntax error - snippet: HTTP/1.0 403 Forbidden
Cache-Control: no-cache
Date:          Wed, 15 Jul 2026 18:19:24 GMT

{"success":false,"http_code":403,"status_code":"Forbidden","message":"Parameter NPSN harap diisi"}
[2026-07-15 18:19:25] INFO - Fallback to legacy endpoint succeeded: http://localhost:5774/WebService/getSekolah?npsn=20252031
[2026-07-15 18:19:25] INFO - Successfully fetched 1 records from getSekolah
[2026-07-15 18:20:23] ERROR - Invalid JSON from Dapodik: Syntax error - snippet: { 'success' : false, 'message': 'Session telah habis. harap melakukan login kembali' }
[2026-07-15 18:20:23] WARNING - Fallback returned invalid JSON for http://localhost:5774/WebService/getSekolah: Syntax error - snippet: HTTP/1.0 403 Forbidden
Cache-Control: no-cache
Date:          Wed, 15 Jul 2026 18:20:23 GMT

{"success":false,"http_code":403,"status_code":"Forbidden","message":"Parameter NPSN harap diisi"}
[2026-07-15 18:20:24] INFO - Fallback to legacy endpoint succeeded: http://localhost:5774/WebService/getSekolah?npsn=20252031
[2026-07-15 18:20:24] INFO - Successfully fetched 1 records from getSekolah
[2026-07-15 18:20:24] ERROR - Invalid JSON from Dapodik: Syntax error - snippet: { 'success' : false, 'message': 'Session telah habis. harap melakukan login kembali' }
[2026-07-15 18:20:24] WARNING - Fallback returned invalid JSON for http://localhost:5774/WebService/getSekolah: Syntax error - snippet: HTTP/1.0 403 Forbidden
Cache-Control: no-cache
Date:          Wed, 15 Jul 2026 18:20:24 GMT

{"success":false,"http_code":403,"status_code":"Forbidden","message":"Parameter NPSN harap diisi"}
[2026-07-15 18:20:25] INFO - Fallback to legacy endpoint succeeded: http://localhost:5774/WebService/getSekolah?npsn=20252031
[2026-07-15 18:20:25] INFO - Successfully fetched 1 records from getSekolah
[2026-07-15 18:21:23] ERROR - Invalid JSON from Dapodik: Syntax error - snippet: { 'success' : false, 'message': 'Session telah habis. harap melakukan login kembali' }
[2026-07-15 18:21:23] WARNING - Fallback returned invalid JSON for http://localhost:5774/WebService/getSekolah: Syntax error - snippet: HTTP/1.0 403 Forbidden
Cache-Control: no-cache
Date:          Wed, 15 Jul 2026 18:21:23 GMT

{"success":false,"http_code":403,"status_code":"Forbidden","message":"Parameter NPSN harap diisi"}
[2026-07-15 18:21:24] INFO - Fallback to legacy endpoint succeeded: http://localhost:5774/WebService/getSekolah?npsn=20252031
[2026-07-15 18:21:24] INFO - Successfully fetched 1 records from getSekolah
[2026-07-15 18:21:24] ERROR - Invalid JSON from Dapodik: Syntax error - snippet: { 'success' : false, 'message': 'Session telah habis. harap melakukan login kembali' }
[2026-07-15 18:21:24] WARNING - Fallback returned invalid JSON for http://localhost:5774/WebService/getSekolah: Syntax error - snippet: HTTP/1.0 403 Forbidden
Cache-Control: no-cache
Date:          Wed, 15 Jul 2026 18:21:24 GMT

{"success":false,"http_code":403,"status_code":"Forbidden","message":"Parameter NPSN harap diisi"}
[2026-07-15 18:21:25] INFO - Fallback to legacy endpoint succeeded: http://localhost:5774/WebService/getSekolah?npsn=20252031
[2026-07-15 18:21:25] INFO - Successfully fetched 1 records from getSekolah
[2026-07-15 18:22:23] ERROR - Invalid JSON from Dapodik: Syntax error - snippet: { 'success' : false, 'message': 'Session telah habis. harap melakukan login kembali' }
[2026-07-15 18:22:23] WARNING - Fallback returned invalid JSON for http://localhost:5774/WebService/getSekolah: Syntax error - snippet: HTTP/1.0 403 Forbidden
Cache-Control: no-cache
Date:          Wed, 15 Jul 2026 18:22:23 GMT

{"success":false,"http_code":403,"status_code":"Forbidden","message":"Parameter NPSN harap diisi"}
[2026-07-15 18:22:24] INFO - Fallback to legacy endpoint succeeded: http://localhost:5774/WebService/getSekolah?npsn=20252031
[2026-07-15 18:22:24] INFO - Successfully fetched 1 records from getSekolah
[2026-07-15 18:22:24] ERROR - Invalid JSON from Dapodik: Syntax error - snippet: { 'success' : false, 'message': 'Session telah habis. harap melakukan login kembali' }
[2026-07-15 18:22:24] WARNING - Fallback returned invalid JSON for http://localhost:5774/WebService/getSekolah: Syntax error - snippet: HTTP/1.0 403 Forbidden
Cache-Control: no-cache
Date:          Wed, 15 Jul 2026 18:22:24 GMT

{"success":false,"http_code":403,"status_code":"Forbidden","message":"Parameter NPSN harap diisi"}
[2026-07-15 18:22:25] INFO - Fallback to legacy endpoint succeeded: http://localhost:5774/WebService/getSekolah?npsn=20252031
[2026-07-15 18:22:25] INFO - Successfully fetched 1 records from getSekolah
[2026-07-15 18:23:23] ERROR - Invalid JSON from Dapodik: Syntax error - snippet: { 'success' : false, 'message': 'Session telah habis. harap melakukan login kembali' }
[2026-07-15 18:23:23] WARNING - Fallback returned invalid JSON for http://localhost:5774/WebService/getSekolah: Syntax error - snippet: HTTP/1.0 403 Forbidden
Cache-Control: no-cache
Date:          Wed, 15 Jul 2026 18:23:23 GMT

{"success":false,"http_code":403,"status_code":"Forbidden","message":"Parameter NPSN harap diisi"}
[2026-07-15 18:23:24] INFO - Fallback to legacy endpoint succeeded: http://localhost:5774/WebService/getSekolah?npsn=20252031
[2026-07-15 18:23:24] INFO - Successfully fetched 1 records from getSekolah
[2026-07-15 18:23:24] ERROR - Invalid JSON from Dapodik: Syntax error - snippet: { 'success' : false, 'message': 'Session telah habis. harap melakukan login kembali' }
[2026-07-15 18:23:24] WARNING - Fallback returned invalid JSON for http://localhost:5774/WebService/getSekolah: Syntax error - snippet: HTTP/1.0 403 Forbidden
Cache-Control: no-cache
Date:          Wed, 15 Jul 2026 18:23:24 GMT

{"success":false,"http_code":403,"status_code":"Forbidden","message":"Parameter NPSN harap diisi"}
[2026-07-15 18:23:25] INFO - Fallback to legacy endpoint succeeded: http://localhost:5774/WebService/getSekolah?npsn=20252031
[2026-07-15 18:23:25] INFO - Successfully fetched 1 records from getSekolah
[2026-07-15 18:24:23] ERROR - Invalid JSON from Dapodik: Syntax error - snippet: { 'success' : false, 'message': 'Session telah habis. harap melakukan login kembali' }
[2026-07-15 18:24:23] WARNING - Fallback returned invalid JSON for http://localhost:5774/WebService/getSekolah: Syntax error - snippet: HTTP/1.0 403 Forbidden
Cache-Control: no-cache
Date:          Wed, 15 Jul 2026 18:24:23 GMT

{"success":false,"http_code":403,"status_code":"Forbidden","message":"Parameter NPSN harap diisi"}
[2026-07-15 18:24:24] INFO - Fallback to legacy endpoint succeeded: http://localhost:5774/WebService/getSekolah?npsn=20252031
[2026-07-15 18:24:24] INFO - Successfully fetched 1 records from getSekolah
[2026-07-15 18:24:24] ERROR - Invalid JSON from Dapodik: Syntax error - snippet: { 'success' : false, 'message': 'Session telah habis. harap melakukan login kembali' }
[2026-07-15 18:24:24] WARNING - Fallback returned invalid JSON for http://localhost:5774/WebService/getSekolah: Syntax error - snippet: HTTP/1.0 403 Forbidden
Cache-Control: no-cache
Date:          Wed, 15 Jul 2026 18:24:24 GMT

{"success":false,"http_code":403,"status_code":"Forbidden","message":"Parameter NPSN harap diisi"}
[2026-07-15 18:24:25] INFO - Fallback to legacy endpoint succeeded: http://localhost:5774/WebService/getSekolah?npsn=20252031
[2026-07-15 18:24:25] INFO - Successfully fetched 1 records from getSekolah
[2026-07-15 18:25:23] ERROR - Invalid JSON from Dapodik: Syntax error - snippet: { 'success' : false, 'message': 'Session telah habis. harap melakukan login kembali' }
[2026-07-15 18:25:23] WARNING - Fallback returned invalid JSON for http://localhost:5774/WebService/getSekolah: Syntax error - snippet: HTTP/1.0 403 Forbidden
Cache-Control: no-cache
Date:          Wed, 15 Jul 2026 18:25:23 GMT

{"success":false,"http_code":403,"status_code":"Forbidden","message":"Parameter NPSN harap diisi"}
[2026-07-15 18:25:24] INFO - Fallback to legacy endpoint succeeded: http://localhost:5774/WebService/getSekolah?npsn=20252031
[2026-07-15 18:25:24] INFO - Successfully fetched 1 records from getSekolah
[2026-07-15 18:25:24] ERROR - Invalid JSON from Dapodik: Syntax error - snippet: { 'success' : false, 'message': 'Session telah habis. harap melakukan login kembali' }
[2026-07-15 18:25:24] WARNING - Fallback returned invalid JSON for http://localhost:5774/WebService/getSekolah: Syntax error - snippet: HTTP/1.0 403 Forbidden
Cache-Control: no-cache
Date:          Wed, 15 Jul 2026 18:25:24 GMT

{"success":false,"http_code":403,"status_code":"Forbidden","message":"Parameter NPSN harap diisi"}
[2026-07-15 18:25:25] INFO - Fallback to legacy endpoint succeeded: http://localhost:5774/WebService/getSekolah?npsn=20252031
[2026-07-15 18:25:25] INFO - Successfully fetched 1 records from getSekolah
[2026-07-15 18:26:23] ERROR - Invalid JSON from Dapodik: Syntax error - snippet: { 'success' : false, 'message': 'Session telah habis. harap melakukan login kembali' }
[2026-07-15 18:26:23] WARNING - Fallback returned invalid JSON for http://localhost:5774/WebService/getSekolah: Syntax error - snippet: HTTP/1.0 403 Forbidden
Cache-Control: no-cache
Date:          Wed, 15 Jul 2026 18:26:23 GMT

{"success":false,"http_code":403,"status_code":"Forbidden","message":"Parameter NPSN harap diisi"}
[2026-07-15 18:26:24] INFO - Fallback to legacy endpoint succeeded: http://localhost:5774/WebService/getSekolah?npsn=20252031
[2026-07-15 18:26:24] INFO - Successfully fetched 1 records from getSekolah
[2026-07-15 18:26:24] ERROR - Invalid JSON from Dapodik: Syntax error - snippet: { 'success' : false, 'message': 'Session telah habis. harap melakukan login kembali' }
[2026-07-15 18:26:24] WARNING - Fallback returned invalid JSON for http://localhost:5774/WebService/getSekolah: Syntax error - snippet: HTTP/1.0 403 Forbidden
Cache-Control: no-cache
Date:          Wed, 15 Jul 2026 18:26:24 GMT

{"success":false,"http_code":403,"status_code":"Forbidden","message":"Parameter NPSN harap diisi"}
[2026-07-15 18:26:25] INFO - Fallback to legacy endpoint succeeded: http://localhost:5774/WebService/getSekolah?npsn=20252031
[2026-07-15 18:26:25] INFO - Successfully fetched 1 records from getSekolah
[2026-07-15 18:27:23] ERROR - Invalid JSON from Dapodik: Syntax error - snippet: { 'success' : false, 'message': 'Session telah habis. harap melakukan login kembali' }
[2026-07-15 18:27:23] WARNING - Fallback returned invalid JSON for http://localhost:5774/WebService/getSekolah: Syntax error - snippet: HTTP/1.0 403 Forbidden
Cache-Control: no-cache
Date:          Wed, 15 Jul 2026 18:27:23 GMT

{"success":false,"http_code":403,"status_code":"Forbidden","message":"Parameter NPSN harap diisi"}
[2026-07-15 18:27:24] INFO - Fallback to legacy endpoint succeeded: http://localhost:5774/WebService/getSekolah?npsn=20252031
[2026-07-15 18:27:24] INFO - Successfully fetched 1 records from getSekolah
[2026-07-15 18:27:24] ERROR - Invalid JSON from Dapodik: Syntax error - snippet: { 'success' : false, 'message': 'Session telah habis. harap melakukan login kembali' }
[2026-07-15 18:27:24] WARNING - Fallback returned invalid JSON for http://localhost:5774/WebService/getSekolah: Syntax error - snippet: HTTP/1.0 403 Forbidden
Cache-Control: no-cache
Date:          Wed, 15 Jul 2026 18:27:24 GMT

{"success":false,"http_code":403,"status_code":"Forbidden","message":"Parameter NPSN harap diisi"}
[2026-07-15 18:27:25] INFO - Fallback to legacy endpoint succeeded: http://localhost:5774/WebService/getSekolah?npsn=20252031
[2026-07-15 18:27:25] INFO - Successfully fetched 1 records from getSekolah
[2026-07-15 18:28:23] ERROR - Invalid JSON from Dapodik: Syntax error - snippet: { 'success' : false, 'message': 'Session telah habis. harap melakukan login kembali' }
[2026-07-15 18:28:23] WARNING - Fallback returned invalid JSON for http://localhost:5774/WebService/getSekolah: Syntax error - snippet: HTTP/1.0 403 Forbidden
Cache-Control: no-cache
Date:          Wed, 15 Jul 2026 18:28:23 GMT

{"success":false,"http_code":403,"status_code":"Forbidden","message":"Parameter NPSN harap diisi"}
[2026-07-15 18:28:24] INFO - Fallback to legacy endpoint succeeded: http://localhost:5774/WebService/getSekolah?npsn=20252031
[2026-07-15 18:28:24] INFO - Successfully fetched 1 records from getSekolah
[2026-07-15 18:28:24] ERROR - Invalid JSON from Dapodik: Syntax error - snippet: { 'success' : false, 'message': 'Session telah habis. harap melakukan login kembali' }
[2026-07-15 18:28:24] WARNING - Fallback returned invalid JSON for http://localhost:5774/WebService/getSekolah: Syntax error - snippet: HTTP/1.0 403 Forbidden
Cache-Control: no-cache
Date:          Wed, 15 Jul 2026 18:28:24 GMT

{"success":false,"http_code":403,"status_code":"Forbidden","message":"Parameter NPSN harap diisi"}
[2026-07-15 18:28:25] INFO - Fallback to legacy endpoint succeeded: http://localhost:5774/WebService/getSekolah?npsn=20252031
[2026-07-15 18:28:25] INFO - Successfully fetched 1 records from getSekolah
[2026-07-15 18:29:23] ERROR - Invalid JSON from Dapodik: Syntax error - snippet: { 'success' : false, 'message': 'Session telah habis. harap melakukan login kembali' }
[2026-07-15 18:29:23] WARNING - Fallback returned invalid JSON for http://localhost:5774/WebService/getSekolah: Syntax error - snippet: HTTP/1.0 403 Forbidden
Cache-Control: no-cache
Date:          Wed, 15 Jul 2026 18:29:23 GMT

{"success":false,"http_code":403,"status_code":"Forbidden","message":"Parameter NPSN harap diisi"}
[2026-07-15 18:29:24] INFO - Fallback to legacy endpoint succeeded: http://localhost:5774/WebService/getSekolah?npsn=20252031
[2026-07-15 18:29:24] INFO - Successfully fetched 1 records from getSekolah
[2026-07-15 18:29:24] ERROR - Invalid JSON from Dapodik: Syntax error - snippet: { 'success' : false, 'message': 'Session telah habis. harap melakukan login kembali' }
[2026-07-15 18:29:24] WARNING - Fallback returned invalid JSON for http://localhost:5774/WebService/getSekolah: Syntax error - snippet: HTTP/1.0 403 Forbidden
Cache-Control: no-cache
Date:          Wed, 15 Jul 2026 18:29:24 GMT

{"success":false,"http_code":403,"status_code":"Forbidden","message":"Parameter NPSN harap diisi"}
[2026-07-15 18:29:25] INFO - Fallback to legacy endpoint succeeded: http://localhost:5774/WebService/getSekolah?npsn=20252031
[2026-07-15 18:29:25] INFO - Successfully fetched 1 records from getSekolah
[2026-07-15 18:30:23] ERROR - Invalid JSON from Dapodik: Syntax error - snippet: { 'success' : false, 'message': 'Session telah habis. harap melakukan login kembali' }
[2026-07-15 18:30:23] WARNING - Fallback returned invalid JSON for http://localhost:5774/WebService/getSekolah: Syntax error - snippet: HTTP/1.0 403 Forbidden
Cache-Control: no-cache
Date:          Wed, 15 Jul 2026 18:30:23 GMT

{"success":false,"http_code":403,"status_code":"Forbidden","message":"Parameter NPSN harap diisi"}
[2026-07-15 18:30:24] INFO - Fallback to legacy endpoint succeeded: http://localhost:5774/WebService/getSekolah?npsn=20252031
[2026-07-15 18:30:24] INFO - Successfully fetched 1 records from getSekolah
[2026-07-15 18:30:24] ERROR - Invalid JSON from Dapodik: Syntax error - snippet: { 'success' : false, 'message': 'Session telah habis. harap melakukan login kembali' }
[2026-07-15 18:30:24] WARNING - Fallback returned invalid JSON for http://localhost:5774/WebService/getSekolah: Syntax error - snippet: HTTP/1.0 403 Forbidden
Cache-Control: no-cache
Date:          Wed, 15 Jul 2026 18:30:24 GMT

{"success":false,"http_code":403,"status_code":"Forbidden","message":"Parameter NPSN harap diisi"}
[2026-07-15 18:30:25] INFO - Fallback to legacy endpoint succeeded: http://localhost:5774/WebService/getSekolah?npsn=20252031
[2026-07-15 18:30:25] INFO - Successfully fetched 1 records from getSekolah
[2026-07-15 18:31:23] ERROR - Invalid JSON from Dapodik: Syntax error - snippet: { 'success' : false, 'message': 'Session telah habis. harap melakukan login kembali' }
[2026-07-15 18:31:23] WARNING - Fallback returned invalid JSON for http://localhost:5774/WebService/getSekolah: Syntax error - snippet: HTTP/1.0 403 Forbidden
Cache-Control: no-cache
Date:          Wed, 15 Jul 2026 18:31:23 GMT

{"success":false,"http_code":403,"status_code":"Forbidden","message":"Parameter NPSN harap diisi"}
[2026-07-15 18:31:24] INFO - Fallback to legacy endpoint succeeded: http://localhost:5774/WebService/getSekolah?npsn=20252031
[2026-07-15 18:31:24] INFO - Successfully fetched 1 records from getSekolah
[2026-07-15 18:31:24] ERROR - Invalid JSON from Dapodik: Syntax error - snippet: { 'success' : false, 'message': 'Session telah habis. harap melakukan login kembali' }
[2026-07-15 18:31:24] WARNING - Fallback returned invalid JSON for http://localhost:5774/WebService/getSekolah: Syntax error - snippet: HTTP/1.0 403 Forbidden
Cache-Control: no-cache
Date:          Wed, 15 Jul 2026 18:31:24 GMT

{"success":false,"http_code":403,"status_code":"Forbidden","message":"Parameter NPSN harap diisi"}
[2026-07-15 18:31:25] INFO - Fallback to legacy endpoint succeeded: http://localhost:5774/WebService/getSekolah?npsn=20252031
[2026-07-15 18:31:25] INFO - Successfully fetched 1 records from getSekolah
[2026-07-15 18:32:23] ERROR - Invalid JSON from Dapodik: Syntax error - snippet: { 'success' : false, 'message': 'Session telah habis. harap melakukan login kembali' }
[2026-07-15 18:32:23] WARNING - Fallback returned invalid JSON for http://localhost:5774/WebService/getSekolah: Syntax error - snippet: HTTP/1.0 403 Forbidden
Cache-Control: no-cache
Date:          Wed, 15 Jul 2026 18:32:23 GMT

{"success":false,"http_code":403,"status_code":"Forbidden","message":"Parameter NPSN harap diisi"}
[2026-07-15 18:32:24] INFO - Fallback to legacy endpoint succeeded: http://localhost:5774/WebService/getSekolah?npsn=20252031
[2026-07-15 18:32:24] INFO - Successfully fetched 1 records from getSekolah
[2026-07-15 18:32:24] ERROR - Invalid JSON from Dapodik: Syntax error - snippet: { 'success' : false, 'message': 'Session telah habis. harap melakukan login kembali' }
[2026-07-15 18:32:24] WARNING - Fallback returned invalid JSON for http://localhost:5774/WebService/getSekolah: Syntax error - snippet: HTTP/1.0 403 Forbidden
Cache-Control: no-cache
Date:          Wed, 15 Jul 2026 18:32:24 GMT

{"success":false,"http_code":403,"status_code":"Forbidden","message":"Parameter NPSN harap diisi"}
[2026-07-15 18:32:25] INFO - Fallback to legacy endpoint succeeded: http://localhost:5774/WebService/getSekolah?npsn=20252031
[2026-07-15 18:32:25] INFO - Successfully fetched 1 records from getSekolah
[2026-07-15 18:33:23] ERROR - Invalid JSON from Dapodik: Syntax error - snippet: { 'success' : false, 'message': 'Session telah habis. harap melakukan login kembali' }
[2026-07-15 18:33:23] WARNING - Fallback returned invalid JSON for http://localhost:5774/WebService/getSekolah: Syntax error - snippet: HTTP/1.0 403 Forbidden
Cache-Control: no-cache
Date:          Wed, 15 Jul 2026 18:33:23 GMT

{"success":false,"http_code":403,"status_code":"Forbidden","message":"Parameter NPSN harap diisi"}
[2026-07-15 18:33:24] INFO - Fallback to legacy endpoint succeeded: http://localhost:5774/WebService/getSekolah?npsn=20252031
[2026-07-15 18:33:24] INFO - Successfully fetched 1 records from getSekolah
[2026-07-15 18:33:24] ERROR - Invalid JSON from Dapodik: Syntax error - snippet: { 'success' : false, 'message': 'Session telah habis. harap melakukan login kembali' }
[2026-07-15 18:33:24] WARNING - Fallback returned invalid JSON for http://localhost:5774/WebService/getSekolah: Syntax error - snippet: HTTP/1.0 403 Forbidden
Cache-Control: no-cache
Date:          Wed, 15 Jul 2026 18:33:24 GMT

{"success":false,"http_code":403,"status_code":"Forbidden","message":"Parameter NPSN harap diisi"}
[2026-07-15 18:33:25] INFO - Fallback to legacy endpoint succeeded: http://localhost:5774/WebService/getSekolah?npsn=20252031
[2026-07-15 18:33:25] INFO - Successfully fetched 1 records from getSekolah
[2026-07-15 18:34:23] ERROR - Invalid JSON from Dapodik: Syntax error - snippet: { 'success' : false, 'message': 'Session telah habis. harap melakukan login kembali' }
[2026-07-15 18:34:23] WARNING - Fallback returned invalid JSON for http://localhost:5774/WebService/getSekolah: Syntax error - snippet: HTTP/1.0 403 Forbidden
Cache-Control: no-cache
Date:          Wed, 15 Jul 2026 18:34:23 GMT

{"success":false,"http_code":403,"status_code":"Forbidden","message":"Parameter NPSN harap diisi"}
[2026-07-15 18:34:24] INFO - Fallback to legacy endpoint succeeded: http://localhost:5774/WebService/getSekolah?npsn=20252031
[2026-07-15 18:34:24] INFO - Successfully fetched 1 records from getSekolah
[2026-07-15 18:34:24] ERROR - Invalid JSON from Dapodik: Syntax error - snippet: { 'success' : false, 'message': 'Session telah habis. harap melakukan login kembali' }
[2026-07-15 18:34:24] WARNING - Fallback returned invalid JSON for http://localhost:5774/WebService/getSekolah: Syntax error - snippet: HTTP/1.0 403 Forbidden
Cache-Control: no-cache
Date:          Wed, 15 Jul 2026 18:34:24 GMT

{"success":false,"http_code":403,"status_code":"Forbidden","message":"Parameter NPSN harap diisi"}
[2026-07-15 18:34:25] INFO - Fallback to legacy endpoint succeeded: http://localhost:5774/WebService/getSekolah?npsn=20252031
[2026-07-15 18:34:25] INFO - Successfully fetched 1 records from getSekolah
[2026-07-15 18:35:23] ERROR - Invalid JSON from Dapodik: Syntax error - snippet: { 'success' : false, 'message': 'Session telah habis. harap melakukan login kembali' }
[2026-07-15 18:35:23] WARNING - Fallback returned invalid JSON for http://localhost:5774/WebService/getSekolah: Syntax error - snippet: HTTP/1.0 403 Forbidden
Cache-Control: no-cache
Date:          Wed, 15 Jul 2026 18:35:23 GMT

{"success":false,"http_code":403,"status_code":"Forbidden","message":"Parameter NPSN harap diisi"}
[2026-07-15 18:35:24] INFO - Fallback to legacy endpoint succeeded: http://localhost:5774/WebService/getSekolah?npsn=20252031
[2026-07-15 18:35:24] INFO - Successfully fetched 1 records from getSekolah
[2026-07-15 18:35:24] ERROR - Invalid JSON from Dapodik: Syntax error - snippet: { 'success' : false, 'message': 'Session telah habis. harap melakukan login kembali' }
[2026-07-15 18:35:24] WARNING - Fallback returned invalid JSON for http://localhost:5774/WebService/getSekolah: Syntax error - snippet: HTTP/1.0 403 Forbidden
Cache-Control: no-cache
Date:          Wed, 15 Jul 2026 18:35:24 GMT

{"success":false,"http_code":403,"status_code":"Forbidden","message":"Parameter NPSN harap diisi"}
[2026-07-15 18:35:25] INFO - Fallback to legacy endpoint succeeded: http://localhost:5774/WebService/getSekolah?npsn=20252031
[2026-07-15 18:35:25] INFO - Successfully fetched 1 records from getSekolah
[2026-07-15 18:36:23] ERROR - Invalid JSON from Dapodik: Syntax error - snippet: { 'success' : false, 'message': 'Session telah habis. harap melakukan login kembali' }
[2026-07-15 18:36:23] WARNING - Fallback returned invalid JSON for http://localhost:5774/WebService/getSekolah: Syntax error - snippet: HTTP/1.0 403 Forbidden
Cache-Control: no-cache
Date:          Wed, 15 Jul 2026 18:36:23 GMT

{"success":false,"http_code":403,"status_code":"Forbidden","message":"Parameter NPSN harap diisi"}
[2026-07-15 18:36:24] INFO - Fallback to legacy endpoint succeeded: http://localhost:5774/WebService/getSekolah?npsn=20252031
[2026-07-15 18:36:24] INFO - Successfully fetched 1 records from getSekolah
[2026-07-15 18:36:24] ERROR - Invalid JSON from Dapodik: Syntax error - snippet: { 'success' : false, 'message': 'Session telah habis. harap melakukan login kembali' }
[2026-07-15 18:36:24] WARNING - Fallback returned invalid JSON for http://localhost:5774/WebService/getSekolah: Syntax error - snippet: HTTP/1.0 403 Forbidden
Cache-Control: no-cache
Date:          Wed, 15 Jul 2026 18:36:24 GMT

{"success":false,"http_code":403,"status_code":"Forbidden","message":"Parameter NPSN harap diisi"}
[2026-07-15 18:36:25] INFO - Fallback to legacy endpoint succeeded: http://localhost:5774/WebService/getSekolah?npsn=20252031
[2026-07-15 18:36:25] INFO - Successfully fetched 1 records from getSekolah
[2026-07-15 18:37:23] ERROR - Invalid JSON from Dapodik: Syntax error - snippet: { 'success' : false, 'message': 'Session telah habis. harap melakukan login kembali' }
[2026-07-15 18:37:23] WARNING - Fallback returned invalid JSON for http://localhost:5774/WebService/getSekolah: Syntax error - snippet: HTTP/1.0 403 Forbidden
Cache-Control: no-cache
Date:          Wed, 15 Jul 2026 18:37:23 GMT

{"success":false,"http_code":403,"status_code":"Forbidden","message":"Parameter NPSN harap diisi"}
[2026-07-15 18:37:24] INFO - Fallback to legacy endpoint succeeded: http://localhost:5774/WebService/getSekolah?npsn=20252031
[2026-07-15 18:37:24] INFO - Successfully fetched 1 records from getSekolah
[2026-07-15 18:37:24] ERROR - Invalid JSON from Dapodik: Syntax error - snippet: { 'success' : false, 'message': 'Session telah habis. harap melakukan login kembali' }
[2026-07-15 18:37:24] WARNING - Fallback returned invalid JSON for http://localhost:5774/WebService/getSekolah: Syntax error - snippet: HTTP/1.0 403 Forbidden
Cache-Control: no-cache
Date:          Wed, 15 Jul 2026 18:37:24 GMT

{"success":false,"http_code":403,"status_code":"Forbidden","message":"Parameter NPSN harap diisi"}
[2026-07-15 18:37:25] INFO - Fallback to legacy endpoint succeeded: http://localhost:5774/WebService/getSekolah?npsn=20252031
[2026-07-15 18:37:25] INFO - Successfully fetched 1 records from getSekolah
[2026-07-15 18:38:23] ERROR - Invalid JSON from Dapodik: Syntax error - snippet: { 'success' : false, 'message': 'Session telah habis. harap melakukan login kembali' }
[2026-07-15 18:38:23] WARNING - Fallback returned invalid JSON for http://localhost:5774/WebService/getSekolah: Syntax error - snippet: HTTP/1.0 403 Forbidden
Cache-Control: no-cache
Date:          Wed, 15 Jul 2026 18:38:23 GMT

{"success":false,"http_code":403,"status_code":"Forbidden","message":"Parameter NPSN harap diisi"}
[2026-07-15 18:38:24] INFO - Fallback to legacy endpoint succeeded: http://localhost:5774/WebService/getSekolah?npsn=20252031
[2026-07-15 18:38:24] INFO - Successfully fetched 1 records from getSekolah
[2026-07-15 18:38:24] ERROR - Invalid JSON from Dapodik: Syntax error - snippet: { 'success' : false, 'message': 'Session telah habis. harap melakukan login kembali' }
[2026-07-15 18:38:24] WARNING - Fallback returned invalid JSON for http://localhost:5774/WebService/getSekolah: Syntax error - snippet: HTTP/1.0 403 Forbidden
Cache-Control: no-cache
Date:          Wed, 15 Jul 2026 18:38:24 GMT

{"success":false,"http_code":403,"status_code":"Forbidden","message":"Parameter NPSN harap diisi"}
[2026-07-15 18:38:25] INFO - Fallback to legacy endpoint succeeded: http://localhost:5774/WebService/getSekolah?npsn=20252031
[2026-07-15 18:38:25] INFO - Successfully fetched 1 records from getSekolah
[2026-07-15 18:39:23] ERROR - Invalid JSON from Dapodik: Syntax error - snippet: { 'success' : false, 'message': 'Session telah habis. harap melakukan login kembali' }
[2026-07-15 18:39:23] WARNING - Fallback returned invalid JSON for http://localhost:5774/WebService/getSekolah: Syntax error - snippet: HTTP/1.0 403 Forbidden
Cache-Control: no-cache
Date:          Wed, 15 Jul 2026 18:39:23 GMT

{"success":false,"http_code":403,"status_code":"Forbidden","message":"Parameter NPSN harap diisi"}
[2026-07-15 18:39:24] INFO - Fallback to legacy endpoint succeeded: http://localhost:5774/WebService/getSekolah?npsn=20252031
[2026-07-15 18:39:24] INFO - Successfully fetched 1 records from getSekolah
[2026-07-15 18:39:24] ERROR - Invalid JSON from Dapodik: Syntax error - snippet: { 'success' : false, 'message': 'Session telah habis. harap melakukan login kembali' }
[2026-07-15 18:39:24] WARNING - Fallback returned invalid JSON for http://localhost:5774/WebService/getSekolah: Syntax error - snippet: HTTP/1.0 403 Forbidden
Cache-Control: no-cache
Date:          Wed, 15 Jul 2026 18:39:24 GMT

{"success":false,"http_code":403,"status_code":"Forbidden","message":"Parameter NPSN harap diisi"}
[2026-07-15 18:39:25] INFO - Fallback to legacy endpoint succeeded: http://localhost:5774/WebService/getSekolah?npsn=20252031
[2026-07-15 18:39:25] INFO - Successfully fetched 1 records from getSekolah
[2026-07-15 18:40:23] ERROR - Invalid JSON from Dapodik: Syntax error - snippet: { 'success' : false, 'message': 'Session telah habis. harap melakukan login kembali' }
[2026-07-15 18:40:23] WARNING - Fallback returned invalid JSON for http://localhost:5774/WebService/getSekolah: Syntax error - snippet: HTTP/1.0 403 Forbidden
Cache-Control: no-cache
Date:          Wed, 15 Jul 2026 18:40:23 GMT

{"success":false,"http_code":403,"status_code":"Forbidden","message":"Parameter NPSN harap diisi"}
[2026-07-15 18:40:24] INFO - Fallback to legacy endpoint succeeded: http://localhost:5774/WebService/getSekolah?npsn=20252031
[2026-07-15 18:40:24] INFO - Successfully fetched 1 records from getSekolah
[2026-07-15 18:40:24] ERROR - Invalid JSON from Dapodik: Syntax error - snippet: { 'success' : false, 'message': 'Session telah habis. harap melakukan login kembali' }
[2026-07-15 18:40:24] WARNING - Fallback returned invalid JSON for http://localhost:5774/WebService/getSekolah: Syntax error - snippet: HTTP/1.0 403 Forbidden
Cache-Control: no-cache
Date:          Wed, 15 Jul 2026 18:40:24 GMT

{"success":false,"http_code":403,"status_code":"Forbidden","message":"Parameter NPSN harap diisi"}
[2026-07-15 18:40:25] INFO - Fallback to legacy endpoint succeeded: http://localhost:5774/WebService/getSekolah?npsn=20252031
[2026-07-15 18:40:25] INFO - Successfully fetched 1 records from getSekolah
[2026-07-15 18:41:23] ERROR - Invalid JSON from Dapodik: Syntax error - snippet: { 'success' : false, 'message': 'Session telah habis. harap melakukan login kembali' }
[2026-07-15 18:41:23] WARNING - Fallback returned invalid JSON for http://localhost:5774/WebService/getSekolah: Syntax error - snippet: HTTP/1.0 403 Forbidden
Cache-Control: no-cache
Date:          Wed, 15 Jul 2026 18:41:23 GMT

{"success":false,"http_code":403,"status_code":"Forbidden","message":"Parameter NPSN harap diisi"}
[2026-07-15 18:41:24] INFO - Fallback to legacy endpoint succeeded: http://localhost:5774/WebService/getSekolah?npsn=20252031
[2026-07-15 18:41:24] INFO - Successfully fetched 1 records from getSekolah
[2026-07-15 18:41:24] ERROR - Invalid JSON from Dapodik: Syntax error - snippet: { 'success' : false, 'message': 'Session telah habis. harap melakukan login kembali' }
[2026-07-15 18:41:24] WARNING - Fallback returned invalid JSON for http://localhost:5774/WebService/getSekolah: Syntax error - snippet: HTTP/1.0 403 Forbidden
Cache-Control: no-cache
Date:          Wed, 15 Jul 2026 18:41:24 GMT

{"success":false,"http_code":403,"status_code":"Forbidden","message":"Parameter NPSN harap diisi"}
[2026-07-15 18:41:25] INFO - Fallback to legacy endpoint succeeded: http://localhost:5774/WebService/getSekolah?npsn=20252031
[2026-07-15 18:41:25] INFO - Successfully fetched 1 records from getSekolah
[2026-07-15 18:42:23] ERROR - Invalid JSON from Dapodik: Syntax error - snippet: { 'success' : false, 'message': 'Session telah habis. harap melakukan login kembali' }
[2026-07-15 18:42:23] WARNING - Fallback returned invalid JSON for http://localhost:5774/WebService/getSekolah: Syntax error - snippet: HTTP/1.0 403 Forbidden
Cache-Control: no-cache
Date:          Wed, 15 Jul 2026 18:42:23 GMT

{"success":false,"http_code":403,"status_code":"Forbidden","message":"Parameter NPSN harap diisi"}
[2026-07-15 18:42:24] INFO - Fallback to legacy endpoint succeeded: http://localhost:5774/WebService/getSekolah?npsn=20252031
[2026-07-15 18:42:24] INFO - Successfully fetched 1 records from getSekolah
[2026-07-15 18:42:24] ERROR - Invalid JSON from Dapodik: Syntax error - snippet: { 'success' : false, 'message': 'Session telah habis. harap melakukan login kembali' }
[2026-07-15 18:42:24] WARNING - Fallback returned invalid JSON for http://localhost:5774/WebService/getSekolah: Syntax error - snippet: HTTP/1.0 403 Forbidden
Cache-Control: no-cache
Date:          Wed, 15 Jul 2026 18:42:24 GMT

{"success":false,"http_code":403,"status_code":"Forbidden","message":"Parameter NPSN harap diisi"}
[2026-07-15 18:42:25] INFO - Fallback to legacy endpoint succeeded: http://localhost:5774/WebService/getSekolah?npsn=20252031
[2026-07-15 18:42:25] INFO - Successfully fetched 1 records from getSekolah
[2026-07-15 18:43:23] ERROR - Invalid JSON from Dapodik: Syntax error - snippet: { 'success' : false, 'message': 'Session telah habis. harap melakukan login kembali' }
[2026-07-15 18:43:23] WARNING - Fallback returned invalid JSON for http://localhost:5774/WebService/getSekolah: Syntax error - snippet: HTTP/1.0 403 Forbidden
Cache-Control: no-cache
Date:          Wed, 15 Jul 2026 18:43:23 GMT

{"success":false,"http_code":403,"status_code":"Forbidden","message":"Parameter NPSN harap diisi"}
[2026-07-15 18:43:24] INFO - Fallback to legacy endpoint succeeded: http://localhost:5774/WebService/getSekolah?npsn=20252031
[2026-07-15 18:43:24] INFO - Successfully fetched 1 records from getSekolah
[2026-07-15 18:43:24] ERROR - Invalid JSON from Dapodik: Syntax error - snippet: { 'success' : false, 'message': 'Session telah habis. harap melakukan login kembali' }
[2026-07-15 18:43:24] WARNING - Fallback returned invalid JSON for http://localhost:5774/WebService/getSekolah: Syntax error - snippet: HTTP/1.0 403 Forbidden
Cache-Control: no-cache
Date:          Wed, 15 Jul 2026 18:43:24 GMT

{"success":false,"http_code":403,"status_code":"Forbidden","message":"Parameter NPSN harap diisi"}
[2026-07-15 18:43:25] INFO - Fallback to legacy endpoint succeeded: http://localhost:5774/WebService/getSekolah?npsn=20252031
[2026-07-15 18:43:25] INFO - Successfully fetched 1 records from getSekolah
[2026-07-15 18:44:23] ERROR - Invalid JSON from Dapodik: Syntax error - snippet: { 'success' : false, 'message': 'Session telah habis. harap melakukan login kembali' }
[2026-07-15 18:44:23] WARNING - Fallback returned invalid JSON for http://localhost:5774/WebService/getSekolah: Syntax error - snippet: HTTP/1.0 403 Forbidden
Cache-Control: no-cache
Date:          Wed, 15 Jul 2026 18:44:23 GMT

{"success":false,"http_code":403,"status_code":"Forbidden","message":"Parameter NPSN harap diisi"}
[2026-07-15 18:44:24] INFO - Fallback to legacy endpoint succeeded: http://localhost:5774/WebService/getSekolah?npsn=20252031
[2026-07-15 18:44:24] INFO - Successfully fetched 1 records from getSekolah
[2026-07-15 18:44:24] ERROR - Invalid JSON from Dapodik: Syntax error - snippet: { 'success' : false, 'message': 'Session telah habis. harap melakukan login kembali' }
[2026-07-15 18:44:24] WARNING - Fallback returned invalid JSON for http://localhost:5774/WebService/getSekolah: Syntax error - snippet: HTTP/1.0 403 Forbidden
Cache-Control: no-cache
Date:          Wed, 15 Jul 2026 18:44:24 GMT

{"success":false,"http_code":403,"status_code":"Forbidden","message":"Parameter NPSN harap diisi"}
[2026-07-15 18:44:25] INFO - Fallback to legacy endpoint succeeded: http://localhost:5774/WebService/getSekolah?npsn=20252031
[2026-07-15 18:44:25] INFO - Successfully fetched 1 records from getSekolah
[2026-07-15 18:45:23] ERROR - Invalid JSON from Dapodik: Syntax error - snippet: { 'success' : false, 'message': 'Session telah habis. harap melakukan login kembali' }
[2026-07-15 18:45:23] WARNING - Fallback returned invalid JSON for http://localhost:5774/WebService/getSekolah: Syntax error - snippet: HTTP/1.0 403 Forbidden
Cache-Control: no-cache
Date:          Wed, 15 Jul 2026 18:45:23 GMT

{"success":false,"http_code":403,"status_code":"Forbidden","message":"Parameter NPSN harap diisi"}
[2026-07-15 18:45:24] INFO - Fallback to legacy endpoint succeeded: http://localhost:5774/WebService/getSekolah?npsn=20252031
[2026-07-15 18:45:24] INFO - Successfully fetched 1 records from getSekolah
[2026-07-15 18:45:24] ERROR - Invalid JSON from Dapodik: Syntax error - snippet: { 'success' : false, 'message': 'Session telah habis. harap melakukan login kembali' }
[2026-07-15 18:45:24] WARNING - Fallback returned invalid JSON for http://localhost:5774/WebService/getSekolah: Syntax error - snippet: HTTP/1.0 403 Forbidden
Cache-Control: no-cache
Date:          Wed, 15 Jul 2026 18:45:24 GMT

{"success":false,"http_code":403,"status_code":"Forbidden","message":"Parameter NPSN harap diisi"}
[2026-07-15 18:45:25] INFO - Fallback to legacy endpoint succeeded: http://localhost:5774/WebService/getSekolah?npsn=20252031
[2026-07-15 18:45:25] INFO - Successfully fetched 1 records from getSekolah
[2026-07-15 18:46:23] ERROR - Invalid JSON from Dapodik: Syntax error - snippet: { 'success' : false, 'message': 'Session telah habis. harap melakukan login kembali' }
[2026-07-15 18:46:23] WARNING - Fallback returned invalid JSON for http://localhost:5774/WebService/getSekolah: Syntax error - snippet: HTTP/1.0 403 Forbidden
Cache-Control: no-cache
Date:          Wed, 15 Jul 2026 18:46:23 GMT

{"success":false,"http_code":403,"status_code":"Forbidden","message":"Parameter NPSN harap diisi"}
[2026-07-15 18:46:24] INFO - Fallback to legacy endpoint succeeded: http://localhost:5774/WebService/getSekolah?npsn=20252031
[2026-07-15 18:46:24] INFO - Successfully fetched 1 records from getSekolah
[2026-07-15 18:46:24] ERROR - Invalid JSON from Dapodik: Syntax error - snippet: { 'success' : false, 'message': 'Session telah habis. harap melakukan login kembali' }
[2026-07-15 18:46:24] WARNING - Fallback returned invalid JSON for http://localhost:5774/WebService/getSekolah: Syntax error - snippet: HTTP/1.0 403 Forbidden
Cache-Control: no-cache
Date:          Wed, 15 Jul 2026 18:46:24 GMT

{"success":false,"http_code":403,"status_code":"Forbidden","message":"Parameter NPSN harap diisi"}
[2026-07-15 18:46:25] INFO - Fallback to legacy endpoint succeeded: http://localhost:5774/WebService/getSekolah?npsn=20252031
[2026-07-15 18:46:25] INFO - Successfully fetched 1 records from getSekolah
[2026-07-15 18:47:23] ERROR - Invalid JSON from Dapodik: Syntax error - snippet: { 'success' : false, 'message': 'Session telah habis. harap melakukan login kembali' }
[2026-07-15 18:47:23] WARNING - Fallback returned invalid JSON for http://localhost:5774/WebService/getSekolah: Syntax error - snippet: HTTP/1.0 403 Forbidden
Cache-Control: no-cache
Date:          Wed, 15 Jul 2026 18:47:23 GMT

{"success":false,"http_code":403,"status_code":"Forbidden","message":"Parameter NPSN harap diisi"}
[2026-07-15 18:47:24] INFO - Fallback to legacy endpoint succeeded: http://localhost:5774/WebService/getSekolah?npsn=20252031
[2026-07-15 18:47:24] INFO - Successfully fetched 1 records from getSekolah
[2026-07-15 18:47:24] ERROR - Invalid JSON from Dapodik: Syntax error - snippet: { 'success' : false, 'message': 'Session telah habis. harap melakukan login kembali' }
[2026-07-15 18:47:24] WARNING - Fallback returned invalid JSON for http://localhost:5774/WebService/getSekolah: Syntax error - snippet: HTTP/1.0 403 Forbidden
Cache-Control: no-cache
Date:          Wed, 15 Jul 2026 18:47:24 GMT

{"success":false,"http_code":403,"status_code":"Forbidden","message":"Parameter NPSN harap diisi"}
[2026-07-15 18:47:25] INFO - Fallback to legacy endpoint succeeded: http://localhost:5774/WebService/getSekolah?npsn=20252031
[2026-07-15 18:47:25] INFO - Successfully fetched 1 records from getSekolah
[2026-07-15 18:48:23] ERROR - Invalid JSON from Dapodik: Syntax error - snippet: { 'success' : false, 'message': 'Session telah habis. harap melakukan login kembali' }
[2026-07-15 18:48:23] WARNING - Fallback returned invalid JSON for http://localhost:5774/WebService/getSekolah: Syntax error - snippet: HTTP/1.0 403 Forbidden
Cache-Control: no-cache
Date:          Wed, 15 Jul 2026 18:48:23 GMT

{"success":false,"http_code":403,"status_code":"Forbidden","message":"Parameter NPSN harap diisi"}
[2026-07-15 18:48:24] INFO - Fallback to legacy endpoint succeeded: http://localhost:5774/WebService/getSekolah?npsn=20252031
[2026-07-15 18:48:24] INFO - Successfully fetched 1 records from getSekolah
[2026-07-15 18:48:24] ERROR - Invalid JSON from Dapodik: Syntax error - snippet: { 'success' : false, 'message': 'Session telah habis. harap melakukan login kembali' }
[2026-07-15 18:48:24] WARNING - Fallback returned invalid JSON for http://localhost:5774/WebService/getSekolah: Syntax error - snippet: HTTP/1.0 403 Forbidden
Cache-Control: no-cache
Date:          Wed, 15 Jul 2026 18:48:24 GMT

{"success":false,"http_code":403,"status_code":"Forbidden","message":"Parameter NPSN harap diisi"}
[2026-07-15 18:48:25] INFO - Fallback to legacy endpoint succeeded: http://localhost:5774/WebService/getSekolah?npsn=20252031
[2026-07-15 18:48:25] INFO - Successfully fetched 1 records from getSekolah
[2026-07-15 18:49:23] ERROR - Invalid JSON from Dapodik: Syntax error - snippet: { 'success' : false, 'message': 'Session telah habis. harap melakukan login kembali' }
[2026-07-15 18:49:23] WARNING - Fallback returned invalid JSON for http://localhost:5774/WebService/getSekolah: Syntax error - snippet: HTTP/1.0 403 Forbidden
Cache-Control: no-cache
Date:          Wed, 15 Jul 2026 18:49:23 GMT

{"success":false,"http_code":403,"status_code":"Forbidden","message":"Parameter NPSN harap diisi"}
[2026-07-15 18:49:24] INFO - Fallback to legacy endpoint succeeded: http://localhost:5774/WebService/getSekolah?npsn=20252031
[2026-07-15 18:49:24] INFO - Successfully fetched 1 records from getSekolah
[2026-07-15 18:49:24] ERROR - Invalid JSON from Dapodik: Syntax error - snippet: { 'success' : false, 'message': 'Session telah habis. harap melakukan login kembali' }
[2026-07-15 18:49:24] WARNING - Fallback returned invalid JSON for http://localhost:5774/WebService/getSekolah: Syntax error - snippet: HTTP/1.0 403 Forbidden
Cache-Control: no-cache
Date:          Wed, 15 Jul 2026 18:49:24 GMT

{"success":false,"http_code":403,"status_code":"Forbidden","message":"Parameter NPSN harap diisi"}
[2026-07-15 18:49:25] INFO - Fallback to legacy endpoint succeeded: http://localhost:5774/WebService/getSekolah?npsn=20252031
[2026-07-15 18:49:25] INFO - Successfully fetched 1 records from getSekolah
[2026-07-15 18:50:23] ERROR - Invalid JSON from Dapodik: Syntax error - snippet: { 'success' : false, 'message': 'Session telah habis. harap melakukan login kembali' }
[2026-07-15 18:50:23] WARNING - Fallback returned invalid JSON for http://localhost:5774/WebService/getSekolah: Syntax error - snippet: HTTP/1.0 403 Forbidden
Cache-Control: no-cache
Date:          Wed, 15 Jul 2026 18:50:23 GMT

{"success":false,"http_code":403,"status_code":"Forbidden","message":"Parameter NPSN harap diisi"}
[2026-07-15 18:50:24] INFO - Fallback to legacy endpoint succeeded: http://localhost:5774/WebService/getSekolah?npsn=20252031
[2026-07-15 18:50:24] INFO - Successfully fetched 1 records from getSekolah
[2026-07-15 18:50:24] ERROR - Invalid JSON from Dapodik: Syntax error - snippet: { 'success' : false, 'message': 'Session telah habis. harap melakukan login kembali' }
[2026-07-15 18:50:24] WARNING - Fallback returned invalid JSON for http://localhost:5774/WebService/getSekolah: Syntax error - snippet: HTTP/1.0 403 Forbidden
Cache-Control: no-cache
Date:          Wed, 15 Jul 2026 18:50:24 GMT

{"success":false,"http_code":403,"status_code":"Forbidden","message":"Parameter NPSN harap diisi"}
[2026-07-15 18:50:25] INFO - Fallback to legacy endpoint succeeded: http://localhost:5774/WebService/getSekolah?npsn=20252031
[2026-07-15 18:50:25] INFO - Successfully fetched 1 records from getSekolah
[2026-07-15 18:51:23] ERROR - Invalid JSON from Dapodik: Syntax error - snippet: { 'success' : false, 'message': 'Session telah habis. harap melakukan login kembali' }
[2026-07-15 18:51:23] WARNING - Fallback returned invalid JSON for http://localhost:5774/WebService/getSekolah: Syntax error - snippet: HTTP/1.0 403 Forbidden
Cache-Control: no-cache
Date:          Wed, 15 Jul 2026 18:51:23 GMT

{"success":false,"http_code":403,"status_code":"Forbidden","message":"Parameter NPSN harap diisi"}
[2026-07-15 18:51:24] INFO - Fallback to legacy endpoint succeeded: http://localhost:5774/WebService/getSekolah?npsn=20252031
[2026-07-15 18:51:24] INFO - Successfully fetched 1 records from getSekolah
[2026-07-15 18:51:24] ERROR - Invalid JSON from Dapodik: Syntax error - snippet: { 'success' : false, 'message': 'Session telah habis. harap melakukan login kembali' }
[2026-07-15 18:51:24] WARNING - Fallback returned invalid JSON for http://localhost:5774/WebService/getSekolah: Syntax error - snippet: HTTP/1.0 403 Forbidden
Cache-Control: no-cache
Date:          Wed, 15 Jul 2026 18:51:24 GMT

{"success":false,"http_code":403,"status_code":"Forbidden","message":"Parameter NPSN harap diisi"}
[2026-07-15 18:51:25] INFO - Fallback to legacy endpoint succeeded: http://localhost:5774/WebService/getSekolah?npsn=20252031
[2026-07-15 18:51:25] INFO - Successfully fetched 1 records from getSekolah
[2026-07-15 18:52:23] ERROR - Invalid JSON from Dapodik: Syntax error - snippet: { 'success' : false, 'message': 'Session telah habis. harap melakukan login kembali' }
[2026-07-15 18:52:23] WARNING - Fallback returned invalid JSON for http://localhost:5774/WebService/getSekolah: Syntax error - snippet: HTTP/1.0 403 Forbidden
Cache-Control: no-cache
Date:          Wed, 15 Jul 2026 18:52:23 GMT

{"success":false,"http_code":403,"status_code":"Forbidden","message":"Parameter NPSN harap diisi"}
[2026-07-15 18:52:24] INFO - Fallback to legacy endpoint succeeded: http://localhost:5774/WebService/getSekolah?npsn=20252031
[2026-07-15 18:52:24] INFO - Successfully fetched 1 records from getSekolah
[2026-07-15 18:52:24] ERROR - Invalid JSON from Dapodik: Syntax error - snippet: { 'success' : false, 'message': 'Session telah habis. harap melakukan login kembali' }
[2026-07-15 18:52:24] WARNING - Fallback returned invalid JSON for http://localhost:5774/WebService/getSekolah: Syntax error - snippet: HTTP/1.0 403 Forbidden
Cache-Control: no-cache
Date:          Wed, 15 Jul 2026 18:52:24 GMT

{"success":false,"http_code":403,"status_code":"Forbidden","message":"Parameter NPSN harap diisi"}
[2026-07-15 18:52:25] INFO - Fallback to legacy endpoint succeeded: http://localhost:5774/WebService/getSekolah?npsn=20252031
[2026-07-15 18:52:25] INFO - Successfully fetched 1 records from getSekolah
[2026-07-15 18:54:23] ERROR - Invalid JSON from Dapodik: Syntax error - snippet: { 'success' : false, 'message': 'Session telah habis. harap melakukan login kembali' }
[2026-07-15 18:54:23] WARNING - Fallback returned invalid JSON for http://localhost:5774/WebService/getSekolah: Syntax error - snippet: HTTP/1.0 403 Forbidden
Cache-Control: no-cache
Date:          Wed, 15 Jul 2026 18:54:23 GMT

{"success":false,"http_code":403,"status_code":"Forbidden","message":"Parameter NPSN harap diisi"}
[2026-07-15 18:54:24] INFO - Fallback to legacy endpoint succeeded: http://localhost:5774/WebService/getSekolah?npsn=20252031
[2026-07-15 18:54:24] INFO - Successfully fetched 1 records from getSekolah
[2026-07-15 18:54:24] ERROR - Invalid JSON from Dapodik: Syntax error - snippet: { 'success' : false, 'message': 'Session telah habis. harap melakukan login kembali' }
[2026-07-15 18:54:24] WARNING - Fallback returned invalid JSON for http://localhost:5774/WebService/getSekolah: Syntax error - snippet: HTTP/1.0 403 Forbidden
Cache-Control: no-cache
Date:          Wed, 15 Jul 2026 18:54:24 GMT

{"success":false,"http_code":403,"status_code":"Forbidden","message":"Parameter NPSN harap diisi"}
[2026-07-15 18:54:25] INFO - Fallback to legacy endpoint succeeded: http://localhost:5774/WebService/getSekolah?npsn=20252031
[2026-07-15 18:54:25] INFO - Successfully fetched 1 records from getSekolah
[2026-07-15 18:55:23] ERROR - Invalid JSON from Dapodik: Syntax error - snippet: { 'success' : false, 'message': 'Session telah habis. harap melakukan login kembali' }
[2026-07-15 18:55:23] WARNING - Fallback returned invalid JSON for http://localhost:5774/WebService/getSekolah: Syntax error - snippet: HTTP/1.0 403 Forbidden
Cache-Control: no-cache
Date:          Wed, 15 Jul 2026 18:55:23 GMT

{"success":false,"http_code":403,"status_code":"Forbidden","message":"Parameter NPSN harap diisi"}
[2026-07-15 18:55:24] INFO - Fallback to legacy endpoint succeeded: http://localhost:5774/WebService/getSekolah?npsn=20252031
[2026-07-15 18:55:24] INFO - Successfully fetched 1 records from getSekolah
[2026-07-15 18:55:24] ERROR - Invalid JSON from Dapodik: Syntax error - snippet: { 'success' : false, 'message': 'Session telah habis. harap melakukan login kembali' }
[2026-07-15 18:55:24] WARNING - Fallback returned invalid JSON for http://localhost:5774/WebService/getSekolah: Syntax error - snippet: HTTP/1.0 403 Forbidden
Cache-Control: no-cache
Date:          Wed, 15 Jul 2026 18:55:24 GMT

{"success":false,"http_code":403,"status_code":"Forbidden","message":"Parameter NPSN harap diisi"}
[2026-07-15 18:55:25] INFO - Fallback to legacy endpoint succeeded: http://localhost:5774/WebService/getSekolah?npsn=20252031
[2026-07-15 18:55:25] INFO - Successfully fetched 1 records from getSekolah
[2026-07-15 18:56:23] ERROR - Invalid JSON from Dapodik: Syntax error - snippet: { 'success' : false, 'message': 'Session telah habis. harap melakukan login kembali' }
[2026-07-15 18:56:23] WARNING - Fallback returned invalid JSON for http://localhost:5774/WebService/getSekolah: Syntax error - snippet: HTTP/1.0 403 Forbidden
Cache-Control: no-cache
Date:          Wed, 15 Jul 2026 18:56:23 GMT

{"success":false,"http_code":403,"status_code":"Forbidden","message":"Parameter NPSN harap diisi"}
[2026-07-15 18:56:24] INFO - Fallback to legacy endpoint succeeded: http://localhost:5774/WebService/getSekolah?npsn=20252031
[2026-07-15 18:56:24] INFO - Successfully fetched 1 records from getSekolah
[2026-07-15 18:56:24] ERROR - Invalid JSON from Dapodik: Syntax error - snippet: { 'success' : false, 'message': 'Session telah habis. harap melakukan login kembali' }
[2026-07-15 18:56:24] WARNING - Fallback returned invalid JSON for http://localhost:5774/WebService/getSekolah: Syntax error - snippet: HTTP/1.0 403 Forbidden
Cache-Control: no-cache
Date:          Wed, 15 Jul 2026 18:56:24 GMT

{"success":false,"http_code":403,"status_code":"Forbidden","message":"Parameter NPSN harap diisi"}
[2026-07-15 18:56:25] INFO - Fallback to legacy endpoint succeeded: http://localhost:5774/WebService/getSekolah?npsn=20252031
[2026-07-15 18:56:25] INFO - Successfully fetched 1 records from getSekolah
[2026-07-15 18:57:23] ERROR - Invalid JSON from Dapodik: Syntax error - snippet: { 'success' : false, 'message': 'Session telah habis. harap melakukan login kembali' }
[2026-07-15 18:57:23] WARNING - Fallback returned invalid JSON for http://localhost:5774/WebService/getSekolah: Syntax error - snippet: HTTP/1.0 403 Forbidden
Cache-Control: no-cache
Date:          Wed, 15 Jul 2026 18:57:23 GMT

{"success":false,"http_code":403,"status_code":"Forbidden","message":"Parameter NPSN harap diisi"}
[2026-07-15 18:57:24] INFO - Fallback to legacy endpoint succeeded: http://localhost:5774/WebService/getSekolah?npsn=20252031
[2026-07-15 18:57:24] INFO - Successfully fetched 1 records from getSekolah
[2026-07-15 18:57:24] ERROR - Invalid JSON from Dapodik: Syntax error - snippet: { 'success' : false, 'message': 'Session telah habis. harap melakukan login kembali' }
[2026-07-15 18:57:24] WARNING - Fallback returned invalid JSON for http://localhost:5774/WebService/getSekolah: Syntax error - snippet: HTTP/1.0 403 Forbidden
Cache-Control: no-cache
Date:          Wed, 15 Jul 2026 18:57:24 GMT

{"success":false,"http_code":403,"status_code":"Forbidden","message":"Parameter NPSN harap diisi"}
[2026-07-15 18:57:25] INFO - Fallback to legacy endpoint succeeded: http://localhost:5774/WebService/getSekolah?npsn=20252031
[2026-07-15 18:57:25] INFO - Successfully fetched 1 records from getSekolah
[2026-07-15 18:58:23] ERROR - Invalid JSON from Dapodik: Syntax error - snippet: { 'success' : false, 'message': 'Session telah habis. harap melakukan login kembali' }
[2026-07-15 18:58:23] WARNING - Fallback returned invalid JSON for http://localhost:5774/WebService/getSekolah: Syntax error - snippet: HTTP/1.0 403 Forbidden
Cache-Control: no-cache
Date:          Wed, 15 Jul 2026 18:58:23 GMT

{"success":false,"http_code":403,"status_code":"Forbidden","message":"Parameter NPSN harap diisi"}
[2026-07-15 18:58:24] INFO - Fallback to legacy endpoint succeeded: http://localhost:5774/WebService/getSekolah?npsn=20252031
[2026-07-15 18:58:24] INFO - Successfully fetched 1 records from getSekolah
[2026-07-15 18:58:24] ERROR - Invalid JSON from Dapodik: Syntax error - snippet: { 'success' : false, 'message': 'Session telah habis. harap melakukan login kembali' }
[2026-07-15 18:58:24] WARNING - Fallback returned invalid JSON for http://localhost:5774/WebService/getSekolah: Syntax error - snippet: HTTP/1.0 403 Forbidden
Cache-Control: no-cache
Date:          Wed, 15 Jul 2026 18:58:24 GMT

{"success":false,"http_code":403,"status_code":"Forbidden","message":"Parameter NPSN harap diisi"}
[2026-07-15 18:58:25] INFO - Fallback to legacy endpoint succeeded: http://localhost:5774/WebService/getSekolah?npsn=20252031
[2026-07-15 18:58:25] INFO - Successfully fetched 1 records from getSekolah
[2026-07-15 18:59:23] ERROR - Invalid JSON from Dapodik: Syntax error - snippet: { 'success' : false, 'message': 'Session telah habis. harap melakukan login kembali' }
[2026-07-15 18:59:23] WARNING - Fallback returned invalid JSON for http://localhost:5774/WebService/getSekolah: Syntax error - snippet: HTTP/1.0 403 Forbidden
Cache-Control: no-cache
Date:          Wed, 15 Jul 2026 18:59:23 GMT

{"success":false,"http_code":403,"status_code":"Forbidden","message":"Parameter NPSN harap diisi"}
[2026-07-15 18:59:24] INFO - Fallback to legacy endpoint succeeded: http://localhost:5774/WebService/getSekolah?npsn=20252031
[2026-07-15 18:59:24] INFO - Successfully fetched 1 records from getSekolah
[2026-07-15 18:59:24] ERROR - Invalid JSON from Dapodik: Syntax error - snippet: { 'success' : false, 'message': 'Session telah habis. harap melakukan login kembali' }
[2026-07-15 18:59:24] WARNING - Fallback returned invalid JSON for http://localhost:5774/WebService/getSekolah: Syntax error - snippet: HTTP/1.0 403 Forbidden
Cache-Control: no-cache
Date:          Wed, 15 Jul 2026 18:59:24 GMT

{"success":false,"http_code":403,"status_code":"Forbidden","message":"Parameter NPSN harap diisi"}
[2026-07-15 18:59:25] INFO - Fallback to legacy endpoint succeeded: http://localhost:5774/WebService/getSekolah?npsn=20252031
[2026-07-15 18:59:25] INFO - Successfully fetched 1 records from getSekolah
[2026-07-15 19:00:23] ERROR - Invalid JSON from Dapodik: Syntax error - snippet: { 'success' : false, 'message': 'Session telah habis. harap melakukan login kembali' }
[2026-07-15 19:00:23] WARNING - Fallback returned invalid JSON for http://localhost:5774/WebService/getSekolah: Syntax error - snippet: HTTP/1.0 403 Forbidden
Cache-Control: no-cache
Date:          Wed, 15 Jul 2026 19:00:23 GMT

{"success":false,"http_code":403,"status_code":"Forbidden","message":"Parameter NPSN harap diisi"}
[2026-07-15 19:00:24] INFO - Fallback to legacy endpoint succeeded: http://localhost:5774/WebService/getSekolah?npsn=20252031
[2026-07-15 19:00:24] INFO - Successfully fetched 1 records from getSekolah
[2026-07-15 19:00:24] ERROR - Invalid JSON from Dapodik: Syntax error - snippet: { 'success' : false, 'message': 'Session telah habis. harap melakukan login kembali' }
[2026-07-15 19:00:24] WARNING - Fallback returned invalid JSON for http://localhost:5774/WebService/getSekolah: Syntax error - snippet: HTTP/1.0 403 Forbidden
Cache-Control: no-cache
Date:          Wed, 15 Jul 2026 19:00:24 GMT

{"success":false,"http_code":403,"status_code":"Forbidden","message":"Parameter NPSN harap diisi"}
[2026-07-15 19:00:25] INFO - Fallback to legacy endpoint succeeded: http://localhost:5774/WebService/getSekolah?npsn=20252031
[2026-07-15 19:00:25] INFO - Successfully fetched 1 records from getSekolah
[2026-07-15 19:01:23] ERROR - Invalid JSON from Dapodik: Syntax error - snippet: { 'success' : false, 'message': 'Session telah habis. harap melakukan login kembali' }
[2026-07-15 19:01:23] WARNING - Fallback returned invalid JSON for http://localhost:5774/WebService/getSekolah: Syntax error - snippet: HTTP/1.0 403 Forbidden
Cache-Control: no-cache
Date:          Wed, 15 Jul 2026 19:01:23 GMT

{"success":false,"http_code":403,"status_code":"Forbidden","message":"Parameter NPSN harap diisi"}
[2026-07-15 19:01:24] INFO - Fallback to legacy endpoint succeeded: http://localhost:5774/WebService/getSekolah?npsn=20252031
[2026-07-15 19:01:24] INFO - Successfully fetched 1 records from getSekolah
[2026-07-15 19:01:25] ERROR - Invalid JSON from Dapodik: Syntax error - snippet: { 'success' : false, 'message': 'Session telah habis. harap melakukan login kembali' }
[2026-07-15 19:01:25] WARNING - Fallback returned invalid JSON for http://localhost:5774/WebService/getSekolah: Syntax error - snippet: HTTP/1.0 403 Forbidden
Cache-Control: no-cache
Date:          Wed, 15 Jul 2026 19:01:25 GMT

{"success":false,"http_code":403,"status_code":"Forbidden","message":"Parameter NPSN harap diisi"}
[2026-07-15 19:01:25] INFO - Fallback to legacy endpoint succeeded: http://localhost:5774/WebService/getSekolah?npsn=20252031
[2026-07-15 19:01:25] INFO - Successfully fetched 1 records from getSekolah
[2026-07-15 19:02:23] ERROR - Invalid JSON from Dapodik: Syntax error - snippet: { 'success' : false, 'message': 'Session telah habis. harap melakukan login kembali' }
[2026-07-15 19:02:23] WARNING - Fallback returned invalid JSON for http://localhost:5774/WebService/getSekolah: Syntax error - snippet: HTTP/1.0 403 Forbidden
Cache-Control: no-cache
Date:          Wed, 15 Jul 2026 19:02:23 GMT

{"success":false,"http_code":403,"status_code":"Forbidden","message":"Parameter NPSN harap diisi"}
[2026-07-15 19:02:24] INFO - Fallback to legacy endpoint succeeded: http://localhost:5774/WebService/getSekolah?npsn=20252031
[2026-07-15 19:02:24] INFO - Successfully fetched 1 records from getSekolah
[2026-07-15 19:02:24] ERROR - Invalid JSON from Dapodik: Syntax error - snippet: { 'success' : false, 'message': 'Session telah habis. harap melakukan login kembali' }
[2026-07-15 19:02:25] WARNING - Fallback returned invalid JSON for http://localhost:5774/WebService/getSekolah: Syntax error - snippet: HTTP/1.0 403 Forbidden
Cache-Control: no-cache
Date:          Wed, 15 Jul 2026 19:02:25 GMT

{"success":false,"http_code":403,"status_code":"Forbidden","message":"Parameter NPSN harap diisi"}
[2026-07-15 19:02:25] INFO - Fallback to legacy endpoint succeeded: http://localhost:5774/WebService/getSekolah?npsn=20252031
[2026-07-15 19:02:25] INFO - Successfully fetched 1 records from getSekolah
[2026-07-15 19:03:23] ERROR - Invalid JSON from Dapodik: Syntax error - snippet: { 'success' : false, 'message': 'Session telah habis. harap melakukan login kembali' }
[2026-07-15 19:03:23] WARNING - Fallback returned invalid JSON for http://localhost:5774/WebService/getSekolah: Syntax error - snippet: HTTP/1.0 403 Forbidden
Cache-Control: no-cache
Date:          Wed, 15 Jul 2026 19:03:23 GMT

{"success":false,"http_code":403,"status_code":"Forbidden","message":"Parameter NPSN harap diisi"}
[2026-07-15 19:03:24] INFO - Fallback to legacy endpoint succeeded: http://localhost:5774/WebService/getSekolah?npsn=20252031
[2026-07-15 19:03:24] INFO - Successfully fetched 1 records from getSekolah
[2026-07-15 19:03:25] ERROR - Invalid JSON from Dapodik: Syntax error - snippet: { 'success' : false, 'message': 'Session telah habis. harap melakukan login kembali' }
[2026-07-15 19:03:25] WARNING - Fallback returned invalid JSON for http://localhost:5774/WebService/getSekolah: Syntax error - snippet: HTTP/1.0 403 Forbidden
Cache-Control: no-cache
Date:          Wed, 15 Jul 2026 19:03:25 GMT

{"success":false,"http_code":403,"status_code":"Forbidden","message":"Parameter NPSN harap diisi"}
[2026-07-15 19:03:26] INFO - Fallback to legacy endpoint succeeded: http://localhost:5774/WebService/getSekolah?npsn=20252031
[2026-07-15 19:03:26] INFO - Successfully fetched 1 records from getSekolah
[2026-07-15 19:04:23] ERROR - Invalid JSON from Dapodik: Syntax error - snippet: { 'success' : false, 'message': 'Session telah habis. harap melakukan login kembali' }
[2026-07-15 19:04:23] WARNING - Fallback returned invalid JSON for http://localhost:5774/WebService/getSekolah: Syntax error - snippet: HTTP/1.0 403 Forbidden
Cache-Control: no-cache
Date:          Wed, 15 Jul 2026 19:04:23 GMT

{"success":false,"http_code":403,"status_code":"Forbidden","message":"Parameter NPSN harap diisi"}
[2026-07-15 19:04:24] INFO - Fallback to legacy endpoint succeeded: http://localhost:5774/WebService/getSekolah?npsn=20252031
[2026-07-15 19:04:24] INFO - Successfully fetched 1 records from getSekolah
[2026-07-15 19:04:24] ERROR - Invalid JSON from Dapodik: Syntax error - snippet: { 'success' : false, 'message': 'Session telah habis. harap melakukan login kembali' }
[2026-07-15 19:04:24] WARNING - Fallback returned invalid JSON for http://localhost:5774/WebService/getSekolah: Syntax error - snippet: HTTP/1.0 403 Forbidden
Cache-Control: no-cache
Date:          Wed, 15 Jul 2026 19:04:24 GMT

{"success":false,"http_code":403,"status_code":"Forbidden","message":"Parameter NPSN harap diisi"}
[2026-07-15 19:04:25] INFO - Fallback to legacy endpoint succeeded: http://localhost:5774/WebService/getSekolah?npsn=20252031
[2026-07-15 19:04:25] INFO - Successfully fetched 1 records from getSekolah
[2026-07-15 19:05:23] ERROR - Invalid JSON from Dapodik: Syntax error - snippet: { 'success' : false, 'message': 'Session telah habis. harap melakukan login kembali' }
[2026-07-15 19:05:23] WARNING - Fallback returned invalid JSON for http://localhost:5774/WebService/getSekolah: Syntax error - snippet: HTTP/1.0 403 Forbidden
Cache-Control: no-cache
Date:          Wed, 15 Jul 2026 19:05:23 GMT

{"success":false,"http_code":403,"status_code":"Forbidden","message":"Parameter NPSN harap diisi"}
[2026-07-15 19:05:24] INFO - Fallback to legacy endpoint succeeded: http://localhost:5774/WebService/getSekolah?npsn=20252031
[2026-07-15 19:05:24] INFO - Successfully fetched 1 records from getSekolah
[2026-07-15 19:05:24] ERROR - Invalid JSON from Dapodik: Syntax error - snippet: { 'success' : false, 'message': 'Session telah habis. harap melakukan login kembali' }
[2026-07-15 19:05:24] WARNING - Fallback returned invalid JSON for http://localhost:5774/WebService/getSekolah: Syntax error - snippet: HTTP/1.0 403 Forbidden
Cache-Control: no-cache
Date:          Wed, 15 Jul 2026 19:05:24 GMT

{"success":false,"http_code":403,"status_code":"Forbidden","message":"Parameter NPSN harap diisi"}
[2026-07-15 19:05:25] INFO - Fallback to legacy endpoint succeeded: http://localhost:5774/WebService/getSekolah?npsn=20252031
[2026-07-15 19:05:25] INFO - Successfully fetched 1 records from getSekolah
[2026-07-15 19:06:23] ERROR - Invalid JSON from Dapodik: Syntax error - snippet: { 'success' : false, 'message': 'Session telah habis. harap melakukan login kembali' }
[2026-07-15 19:06:23] WARNING - Fallback returned invalid JSON for http://localhost:5774/WebService/getSekolah: Syntax error - snippet: HTTP/1.0 403 Forbidden
Cache-Control: no-cache
Date:          Wed, 15 Jul 2026 19:06:23 GMT

{"success":false,"http_code":403,"status_code":"Forbidden","message":"Parameter NPSN harap diisi"}
[2026-07-15 19:06:24] INFO - Fallback to legacy endpoint succeeded: http://localhost:5774/WebService/getSekolah?npsn=20252031
[2026-07-15 19:06:24] INFO - Successfully fetched 1 records from getSekolah
[2026-07-15 19:06:25] ERROR - Invalid JSON from Dapodik: Syntax error - snippet: { 'success' : false, 'message': 'Session telah habis. harap melakukan login kembali' }
[2026-07-15 19:06:25] WARNING - Fallback returned invalid JSON for http://localhost:5774/WebService/getSekolah: Syntax error - snippet: HTTP/1.0 403 Forbidden
Cache-Control: no-cache
Date:          Wed, 15 Jul 2026 19:06:25 GMT

{"success":false,"http_code":403,"status_code":"Forbidden","message":"Parameter NPSN harap diisi"}
[2026-07-15 19:06:26] INFO - Fallback to legacy endpoint succeeded: http://localhost:5774/WebService/getSekolah?npsn=20252031
[2026-07-15 19:06:26] INFO - Successfully fetched 1 records from getSekolah
[2026-07-15 19:07:23] ERROR - Invalid JSON from Dapodik: Syntax error - snippet: { 'success' : false, 'message': 'Session telah habis. harap melakukan login kembali' }
[2026-07-15 19:07:23] WARNING - Fallback returned invalid JSON for http://localhost:5774/WebService/getSekolah: Syntax error - snippet: HTTP/1.0 403 Forbidden
Cache-Control: no-cache
Date:          Wed, 15 Jul 2026 19:07:23 GMT

{"success":false,"http_code":403,"status_code":"Forbidden","message":"Parameter NPSN harap diisi"}
[2026-07-15 19:07:24] INFO - Fallback to legacy endpoint succeeded: http://localhost:5774/WebService/getSekolah?npsn=20252031
[2026-07-15 19:07:24] INFO - Successfully fetched 1 records from getSekolah
[2026-07-15 19:07:24] ERROR - Invalid JSON from Dapodik: Syntax error - snippet: { 'success' : false, 'message': 'Session telah habis. harap melakukan login kembali' }
[2026-07-15 19:07:24] WARNING - Fallback returned invalid JSON for http://localhost:5774/WebService/getSekolah: Syntax error - snippet: HTTP/1.0 403 Forbidden
Cache-Control: no-cache
Date:          Wed, 15 Jul 2026 19:07:24 GMT

{"success":false,"http_code":403,"status_code":"Forbidden","message":"Parameter NPSN harap diisi"}
[2026-07-15 19:07:25] INFO - Fallback to legacy endpoint succeeded: http://localhost:5774/WebService/getSekolah?npsn=20252031
[2026-07-15 19:07:25] INFO - Successfully fetched 1 records from getSekolah
[2026-07-15 19:08:23] ERROR - Invalid JSON from Dapodik: Syntax error - snippet: { 'success' : false, 'message': 'Session telah habis. harap melakukan login kembali' }
[2026-07-15 19:08:23] WARNING - Fallback returned invalid JSON for http://localhost:5774/WebService/getSekolah: Syntax error - snippet: HTTP/1.0 403 Forbidden
Cache-Control: no-cache
Date:          Wed, 15 Jul 2026 19:08:23 GMT

{"success":false,"http_code":403,"status_code":"Forbidden","message":"Parameter NPSN harap diisi"}
[2026-07-15 19:08:24] INFO - Fallback to legacy endpoint succeeded: http://localhost:5774/WebService/getSekolah?npsn=20252031
[2026-07-15 19:08:24] INFO - Successfully fetched 1 records from getSekolah
[2026-07-15 19:08:25] ERROR - Invalid JSON from Dapodik: Syntax error - snippet: { 'success' : false, 'message': 'Session telah habis. harap melakukan login kembali' }
[2026-07-15 19:08:25] WARNING - Fallback returned invalid JSON for http://localhost:5774/WebService/getSekolah: Syntax error - snippet: HTTP/1.0 403 Forbidden
Cache-Control: no-cache
Date:          Wed, 15 Jul 2026 19:08:25 GMT

{"success":false,"http_code":403,"status_code":"Forbidden","message":"Parameter NPSN harap diisi"}
[2026-07-15 19:08:25] INFO - Fallback to legacy endpoint succeeded: http://localhost:5774/WebService/getSekolah?npsn=20252031
[2026-07-15 19:08:25] INFO - Successfully fetched 1 records from getSekolah
[2026-07-15 19:09:23] ERROR - Invalid JSON from Dapodik: Syntax error - snippet: { 'success' : false, 'message': 'Session telah habis. harap melakukan login kembali' }
[2026-07-15 19:09:23] WARNING - Fallback returned invalid JSON for http://localhost:5774/WebService/getSekolah: Syntax error - snippet: HTTP/1.0 403 Forbidden
Cache-Control: no-cache
Date:          Wed, 15 Jul 2026 19:09:23 GMT

{"success":false,"http_code":403,"status_code":"Forbidden","message":"Parameter NPSN harap diisi"}
[2026-07-15 19:09:24] INFO - Fallback to legacy endpoint succeeded: http://localhost:5774/WebService/getSekolah?npsn=20252031
[2026-07-15 19:09:24] INFO - Successfully fetched 1 records from getSekolah
[2026-07-15 19:09:24] ERROR - Invalid JSON from Dapodik: Syntax error - snippet: { 'success' : false, 'message': 'Session telah habis. harap melakukan login kembali' }
[2026-07-15 19:09:24] WARNING - Fallback returned invalid JSON for http://localhost:5774/WebService/getSekolah: Syntax error - snippet: HTTP/1.0 403 Forbidden
Cache-Control: no-cache
Date:          Wed, 15 Jul 2026 19:09:24 GMT

{"success":false,"http_code":403,"status_code":"Forbidden","message":"Parameter NPSN harap diisi"}
[2026-07-15 19:09:25] INFO - Fallback to legacy endpoint succeeded: http://localhost:5774/WebService/getSekolah?npsn=20252031
[2026-07-15 19:09:25] INFO - Successfully fetched 1 records from getSekolah
[2026-07-15 19:10:23] ERROR - Invalid JSON from Dapodik: Syntax error - snippet: { 'success' : false, 'message': 'Session telah habis. harap melakukan login kembali' }
[2026-07-15 19:10:23] WARNING - Fallback returned invalid JSON for http://localhost:5774/WebService/getSekolah: Syntax error - snippet: HTTP/1.0 403 Forbidden
Cache-Control: no-cache
Date:          Wed, 15 Jul 2026 19:10:23 GMT

{"success":false,"http_code":403,"status_code":"Forbidden","message":"Parameter NPSN harap diisi"}
[2026-07-15 19:10:24] INFO - Fallback to legacy endpoint succeeded: http://localhost:5774/WebService/getSekolah?npsn=20252031
[2026-07-15 19:10:24] INFO - Successfully fetched 1 records from getSekolah
[2026-07-15 19:10:24] ERROR - Invalid JSON from Dapodik: Syntax error - snippet: { 'success' : false, 'message': 'Session telah habis. harap melakukan login kembali' }
[2026-07-15 19:10:24] WARNING - Fallback returned invalid JSON for http://localhost:5774/WebService/getSekolah: Syntax error - snippet: HTTP/1.0 403 Forbidden
Cache-Control: no-cache
Date:          Wed, 15 Jul 2026 19:10:24 GMT

{"success":false,"http_code":403,"status_code":"Forbidden","message":"Parameter NPSN harap diisi"}
[2026-07-15 19:10:25] INFO - Fallback to legacy endpoint succeeded: http://localhost:5774/WebService/getSekolah?npsn=20252031
[2026-07-15 19:10:25] INFO - Successfully fetched 1 records from getSekolah
[2026-07-15 19:11:23] ERROR - Invalid JSON from Dapodik: Syntax error - snippet: { 'success' : false, 'message': 'Session telah habis. harap melakukan login kembali' }
[2026-07-15 19:11:23] WARNING - Fallback returned invalid JSON for http://localhost:5774/WebService/getSekolah: Syntax error - snippet: HTTP/1.0 403 Forbidden
Cache-Control: no-cache
Date:          Wed, 15 Jul 2026 19:11:23 GMT

{"success":false,"http_code":403,"status_code":"Forbidden","message":"Parameter NPSN harap diisi"}
[2026-07-15 19:11:24] INFO - Fallback to legacy endpoint succeeded: http://localhost:5774/WebService/getSekolah?npsn=20252031
[2026-07-15 19:11:24] INFO - Successfully fetched 1 records from getSekolah
[2026-07-15 19:11:24] ERROR - Invalid JSON from Dapodik: Syntax error - snippet: { 'success' : false, 'message': 'Session telah habis. harap melakukan login kembali' }
[2026-07-15 19:11:24] WARNING - Fallback returned invalid JSON for http://localhost:5774/WebService/getSekolah: Syntax error - snippet: HTTP/1.0 403 Forbidden
Cache-Control: no-cache
Date:          Wed, 15 Jul 2026 19:11:24 GMT

{"success":false,"http_code":403,"status_code":"Forbidden","message":"Parameter NPSN harap diisi"}
[2026-07-15 19:11:25] INFO - Fallback to legacy endpoint succeeded: http://localhost:5774/WebService/getSekolah?npsn=20252031
[2026-07-15 19:11:25] INFO - Successfully fetched 1 records from getSekolah
[2026-07-15 19:12:23] ERROR - Invalid JSON from Dapodik: Syntax error - snippet: { 'success' : false, 'message': 'Session telah habis. harap melakukan login kembali' }
[2026-07-15 19:12:23] WARNING - Fallback returned invalid JSON for http://localhost:5774/WebService/getSekolah: Syntax error - snippet: HTTP/1.0 403 Forbidden
Cache-Control: no-cache
Date:          Wed, 15 Jul 2026 19:12:23 GMT

{"success":false,"http_code":403,"status_code":"Forbidden","message":"Parameter NPSN harap diisi"}
[2026-07-15 19:12:24] INFO - Fallback to legacy endpoint succeeded: http://localhost:5774/WebService/getSekolah?npsn=20252031
[2026-07-15 19:12:24] INFO - Successfully fetched 1 records from getSekolah
[2026-07-15 19:12:24] ERROR - Invalid JSON from Dapodik: Syntax error - snippet: { 'success' : false, 'message': 'Session telah habis. harap melakukan login kembali' }
[2026-07-15 19:12:24] WARNING - Fallback returned invalid JSON for http://localhost:5774/WebService/getSekolah: Syntax error - snippet: HTTP/1.0 403 Forbidden
Cache-Control: no-cache
Date:          Wed, 15 Jul 2026 19:12:24 GMT

{"success":false,"http_code":403,"status_code":"Forbidden","message":"Parameter NPSN harap diisi"}
[2026-07-15 19:12:25] INFO - Fallback to legacy endpoint succeeded: http://localhost:5774/WebService/getSekolah?npsn=20252031
[2026-07-15 19:12:25] INFO - Successfully fetched 1 records from getSekolah
[2026-07-15 19:13:23] ERROR - Invalid JSON from Dapodik: Syntax error - snippet: { 'success' : false, 'message': 'Session telah habis. harap melakukan login kembali' }
[2026-07-15 19:13:23] WARNING - Fallback returned invalid JSON for http://localhost:5774/WebService/getSekolah: Syntax error - snippet: HTTP/1.0 403 Forbidden
Cache-Control: no-cache
Date:          Wed, 15 Jul 2026 19:13:23 GMT

{"success":false,"http_code":403,"status_code":"Forbidden","message":"Parameter NPSN harap diisi"}
[2026-07-15 19:13:24] INFO - Fallback to legacy endpoint succeeded: http://localhost:5774/WebService/getSekolah?npsn=20252031
[2026-07-15 19:13:24] INFO - Successfully fetched 1 records from getSekolah
[2026-07-15 19:13:24] ERROR - Invalid JSON from Dapodik: Syntax error - snippet: { 'success' : false, 'message': 'Session telah habis. harap melakukan login kembali' }
[2026-07-15 19:13:25] WARNING - Fallback returned invalid JSON for http://localhost:5774/WebService/getSekolah: Syntax error - snippet: HTTP/1.0 403 Forbidden
Cache-Control: no-cache
Date:          Wed, 15 Jul 2026 19:13:25 GMT

{"success":false,"http_code":403,"status_code":"Forbidden","message":"Parameter NPSN harap diisi"}
[2026-07-15 19:13:25] INFO - Fallback to legacy endpoint succeeded: http://localhost:5774/WebService/getSekolah?npsn=20252031
[2026-07-15 19:13:25] INFO - Successfully fetched 1 records from getSekolah
[2026-07-15 19:14:23] ERROR - Invalid JSON from Dapodik: Syntax error - snippet: { 'success' : false, 'message': 'Session telah habis. harap melakukan login kembali' }
[2026-07-15 19:14:23] WARNING - Fallback returned invalid JSON for http://localhost:5774/WebService/getSekolah: Syntax error - snippet: HTTP/1.0 403 Forbidden
Cache-Control: no-cache
Date:          Wed, 15 Jul 2026 19:14:23 GMT

{"success":false,"http_code":403,"status_code":"Forbidden","message":"Parameter NPSN harap diisi"}
[2026-07-15 19:14:24] INFO - Fallback to legacy endpoint succeeded: http://localhost:5774/WebService/getSekolah?npsn=20252031
[2026-07-15 19:14:24] INFO - Successfully fetched 1 records from getSekolah
[2026-07-15 19:14:25] ERROR - Invalid JSON from Dapodik: Syntax error - snippet: { 'success' : false, 'message': 'Session telah habis. harap melakukan login kembali' }
[2026-07-15 19:14:25] WARNING - Fallback returned invalid JSON for http://localhost:5774/WebService/getSekolah: Syntax error - snippet: HTTP/1.0 403 Forbidden
Cache-Control: no-cache
Date:          Wed, 15 Jul 2026 19:14:25 GMT

{"success":false,"http_code":403,"status_code":"Forbidden","message":"Parameter NPSN harap diisi"}
[2026-07-15 19:14:26] INFO - Fallback to legacy endpoint succeeded: http://localhost:5774/WebService/getSekolah?npsn=20252031
[2026-07-15 19:14:26] INFO - Successfully fetched 1 records from getSekolah
[2026-07-15 19:15:23] ERROR - Invalid JSON from Dapodik: Syntax error - snippet: { 'success' : false, 'message': 'Session telah habis. harap melakukan login kembali' }
[2026-07-15 19:15:23] WARNING - Fallback returned invalid JSON for http://localhost:5774/WebService/getSekolah: Syntax error - snippet: HTTP/1.0 403 Forbidden
Cache-Control: no-cache
Date:          Wed, 15 Jul 2026 19:15:23 GMT

{"success":false,"http_code":403,"status_code":"Forbidden","message":"Parameter NPSN harap diisi"}
[2026-07-15 19:15:24] INFO - Fallback to legacy endpoint succeeded: http://localhost:5774/WebService/getSekolah?npsn=20252031
[2026-07-15 19:15:24] INFO - Successfully fetched 1 records from getSekolah
[2026-07-15 19:15:24] ERROR - Invalid JSON from Dapodik: Syntax error - snippet: { 'success' : false, 'message': 'Session telah habis. harap melakukan login kembali' }
[2026-07-15 19:15:24] WARNING - Fallback returned invalid JSON for http://localhost:5774/WebService/getSekolah: Syntax error - snippet: HTTP/1.0 403 Forbidden
Cache-Control: no-cache
Date:          Wed, 15 Jul 2026 19:15:24 GMT

{"success":false,"http_code":403,"status_code":"Forbidden","message":"Parameter NPSN harap diisi"}
[2026-07-15 19:15:25] INFO - Fallback to legacy endpoint succeeded: http://localhost:5774/WebService/getSekolah?npsn=20252031
[2026-07-15 19:15:25] INFO - Successfully fetched 1 records from getSekolah
[2026-07-15 19:16:23] ERROR - Invalid JSON from Dapodik: Syntax error - snippet: { 'success' : false, 'message': 'Session telah habis. harap melakukan login kembali' }
[2026-07-15 19:16:23] WARNING - Fallback returned invalid JSON for http://localhost:5774/WebService/getSekolah: Syntax error - snippet: HTTP/1.0 403 Forbidden
Cache-Control: no-cache
Date:          Wed, 15 Jul 2026 19:16:23 GMT

{"success":false,"http_code":403,"status_code":"Forbidden","message":"Parameter NPSN harap diisi"}
[2026-07-15 19:16:24] INFO - Fallback to legacy endpoint succeeded: http://localhost:5774/WebService/getSekolah?npsn=20252031
[2026-07-15 19:16:24] INFO - Successfully fetched 1 records from getSekolah
[2026-07-15 19:16:24] ERROR - Invalid JSON from Dapodik: Syntax error - snippet: { 'success' : false, 'message': 'Session telah habis. harap melakukan login kembali' }
[2026-07-15 19:16:24] WARNING - Fallback returned invalid JSON for http://localhost:5774/WebService/getSekolah: Syntax error - snippet: HTTP/1.0 403 Forbidden
Cache-Control: no-cache
Date:          Wed, 15 Jul 2026 19:16:24 GMT

{"success":false,"http_code":403,"status_code":"Forbidden","message":"Parameter NPSN harap diisi"}
[2026-07-15 19:16:25] INFO - Fallback to legacy endpoint succeeded: http://localhost:5774/WebService/getSekolah?npsn=20252031
[2026-07-15 19:16:25] INFO - Successfully fetched 1 records from getSekolah
[2026-07-15 19:17:23] ERROR - Invalid JSON from Dapodik: Syntax error - snippet: { 'success' : false, 'message': 'Session telah habis. harap melakukan login kembali' }
[2026-07-15 19:17:23] WARNING - Fallback returned invalid JSON for http://localhost:5774/WebService/getSekolah: Syntax error - snippet: HTTP/1.0 403 Forbidden
Cache-Control: no-cache
Date:          Wed, 15 Jul 2026 19:17:23 GMT

{"success":false,"http_code":403,"status_code":"Forbidden","message":"Parameter NPSN harap diisi"}
[2026-07-15 19:17:24] INFO - Fallback to legacy endpoint succeeded: http://localhost:5774/WebService/getSekolah?npsn=20252031
[2026-07-15 19:17:24] INFO - Successfully fetched 1 records from getSekolah
[2026-07-15 19:17:24] ERROR - Invalid JSON from Dapodik: Syntax error - snippet: { 'success' : false, 'message': 'Session telah habis. harap melakukan login kembali' }
[2026-07-15 19:17:24] WARNING - Fallback returned invalid JSON for http://localhost:5774/WebService/getSekolah: Syntax error - snippet: HTTP/1.0 403 Forbidden
Cache-Control: no-cache
Date:          Wed, 15 Jul 2026 19:17:24 GMT

{"success":false,"http_code":403,"status_code":"Forbidden","message":"Parameter NPSN harap diisi"}
[2026-07-15 19:17:25] INFO - Fallback to legacy endpoint succeeded: http://localhost:5774/WebService/getSekolah?npsn=20252031
[2026-07-15 19:17:25] INFO - Successfully fetched 1 records from getSekolah
[2026-07-15 19:18:23] ERROR - Invalid JSON from Dapodik: Syntax error - snippet: { 'success' : false, 'message': 'Session telah habis. harap melakukan login kembali' }
[2026-07-15 19:18:23] WARNING - Fallback returned invalid JSON for http://localhost:5774/WebService/getSekolah: Syntax error - snippet: HTTP/1.0 403 Forbidden
Cache-Control: no-cache
Date:          Wed, 15 Jul 2026 19:18:23 GMT

{"success":false,"http_code":403,"status_code":"Forbidden","message":"Parameter NPSN harap diisi"}
[2026-07-15 19:18:24] INFO - Fallback to legacy endpoint succeeded: http://localhost:5774/WebService/getSekolah?npsn=20252031
[2026-07-15 19:18:24] INFO - Successfully fetched 1 records from getSekolah
[2026-07-15 19:18:24] ERROR - Invalid JSON from Dapodik: Syntax error - snippet: { 'success' : false, 'message': 'Session telah habis. harap melakukan login kembali' }
[2026-07-15 19:18:24] WARNING - Fallback returned invalid JSON for http://localhost:5774/WebService/getSekolah: Syntax error - snippet: HTTP/1.0 403 Forbidden
Cache-Control: no-cache
Date:          Wed, 15 Jul 2026 19:18:24 GMT

{"success":false,"http_code":403,"status_code":"Forbidden","message":"Parameter NPSN harap diisi"}
[2026-07-15 19:18:25] INFO - Fallback to legacy endpoint succeeded: http://localhost:5774/WebService/getSekolah?npsn=20252031
[2026-07-15 19:18:25] INFO - Successfully fetched 1 records from getSekolah
[2026-07-15 19:19:23] ERROR - Invalid JSON from Dapodik: Syntax error - snippet: { 'success' : false, 'message': 'Session telah habis. harap melakukan login kembali' }
[2026-07-15 19:19:24] WARNING - Fallback returned invalid JSON for http://localhost:5774/WebService/getSekolah: Syntax error - snippet: HTTP/1.0 403 Forbidden
Cache-Control: no-cache
Date:          Wed, 15 Jul 2026 19:19:24 GMT

{"success":false,"http_code":403,"status_code":"Forbidden","message":"Parameter NPSN harap diisi"}
[2026-07-15 19:19:24] INFO - Fallback to legacy endpoint succeeded: http://localhost:5774/WebService/getSekolah?npsn=20252031
[2026-07-15 19:19:24] INFO - Successfully fetched 1 records from getSekolah
[2026-07-15 19:19:25] ERROR - Invalid JSON from Dapodik: Syntax error - snippet: { 'success' : false, 'message': 'Session telah habis. harap melakukan login kembali' }
[2026-07-15 19:19:25] WARNING - Fallback returned invalid JSON for http://localhost:5774/WebService/getSekolah: Syntax error - snippet: HTTP/1.0 403 Forbidden
Cache-Control: no-cache
Date:          Wed, 15 Jul 2026 19:19:25 GMT

{"success":false,"http_code":403,"status_code":"Forbidden","message":"Parameter NPSN harap diisi"}
[2026-07-15 19:19:26] INFO - Fallback to legacy endpoint succeeded: http://localhost:5774/WebService/getSekolah?npsn=20252031
[2026-07-15 19:19:26] INFO - Successfully fetched 1 records from getSekolah
[2026-07-15 19:20:23] ERROR - Invalid JSON from Dapodik: Syntax error - snippet: { 'success' : false, 'message': 'Session telah habis. harap melakukan login kembali' }
[2026-07-15 19:20:23] WARNING - Fallback returned invalid JSON for http://localhost:5774/WebService/getSekolah: Syntax error - snippet: HTTP/1.0 403 Forbidden
Cache-Control: no-cache
Date:          Wed, 15 Jul 2026 19:20:23 GMT

{"success":false,"http_code":403,"status_code":"Forbidden","message":"Parameter NPSN harap diisi"}
[2026-07-15 19:20:24] INFO - Fallback to legacy endpoint succeeded: http://localhost:5774/WebService/getSekolah?npsn=20252031
[2026-07-15 19:20:24] INFO - Successfully fetched 1 records from getSekolah
[2026-07-15 19:20:25] ERROR - Invalid JSON from Dapodik: Syntax error - snippet: { 'success' : false, 'message': 'Session telah habis. harap melakukan login kembali' }
[2026-07-15 19:20:25] WARNING - Fallback returned invalid JSON for http://localhost:5774/WebService/getSekolah: Syntax error - snippet: HTTP/1.0 403 Forbidden
Cache-Control: no-cache
Date:          Wed, 15 Jul 2026 19:20:25 GMT

{"success":false,"http_code":403,"status_code":"Forbidden","message":"Parameter NPSN harap diisi"}
[2026-07-15 19:20:26] INFO - Fallback to legacy endpoint succeeded: http://localhost:5774/WebService/getSekolah?npsn=20252031
[2026-07-15 19:20:26] INFO - Successfully fetched 1 records from getSekolah
[2026-07-15 19:21:23] ERROR - Invalid JSON from Dapodik: Syntax error - snippet: { 'success' : false, 'message': 'Session telah habis. harap melakukan login kembali' }
[2026-07-15 19:21:23] WARNING - Fallback returned invalid JSON for http://localhost:5774/WebService/getSekolah: Syntax error - snippet: HTTP/1.0 403 Forbidden
Cache-Control: no-cache
Date:          Wed, 15 Jul 2026 19:21:23 GMT

{"success":false,"http_code":403,"status_code":"Forbidden","message":"Parameter NPSN harap diisi"}
[2026-07-15 19:21:24] INFO - Fallback to legacy endpoint succeeded: http://localhost:5774/WebService/getSekolah?npsn=20252031
[2026-07-15 19:21:24] INFO - Successfully fetched 1 records from getSekolah
[2026-07-15 19:21:25] ERROR - Invalid JSON from Dapodik: Syntax error - snippet: { 'success' : false, 'message': 'Session telah habis. harap melakukan login kembali' }
[2026-07-15 19:21:25] WARNING - Fallback returned invalid JSON for http://localhost:5774/WebService/getSekolah: Syntax error - snippet: HTTP/1.0 403 Forbidden
Cache-Control: no-cache
Date:          Wed, 15 Jul 2026 19:21:25 GMT

{"success":false,"http_code":403,"status_code":"Forbidden","message":"Parameter NPSN harap diisi"}
[2026-07-15 19:21:26] INFO - Fallback to legacy endpoint succeeded: http://localhost:5774/WebService/getSekolah?npsn=20252031
[2026-07-15 19:21:26] INFO - Successfully fetched 1 records from getSekolah
[2026-07-15 19:22:23] ERROR - Invalid JSON from Dapodik: Syntax error - snippet: { 'success' : false, 'message': 'Session telah habis. harap melakukan login kembali' }
[2026-07-15 19:22:23] WARNING - Fallback returned invalid JSON for http://localhost:5774/WebService/getSekolah: Syntax error - snippet: HTTP/1.0 403 Forbidden
Cache-Control: no-cache
Date:          Wed, 15 Jul 2026 19:22:23 GMT

{"success":false,"http_code":403,"status_code":"Forbidden","message":"Parameter NPSN harap diisi"}
[2026-07-15 19:22:24] INFO - Fallback to legacy endpoint succeeded: http://localhost:5774/WebService/getSekolah?npsn=20252031
[2026-07-15 19:22:24] INFO - Successfully fetched 1 records from getSekolah
[2026-07-15 19:22:25] ERROR - Invalid JSON from Dapodik: Syntax error - snippet: { 'success' : false, 'message': 'Session telah habis. harap melakukan login kembali' }
[2026-07-15 19:22:25] WARNING - Fallback returned invalid JSON for http://localhost:5774/WebService/getSekolah: Syntax error - snippet: HTTP/1.0 403 Forbidden
Cache-Control: no-cache
Date:          Wed, 15 Jul 2026 19:22:25 GMT

{"success":false,"http_code":403,"status_code":"Forbidden","message":"Parameter NPSN harap diisi"}
[2026-07-15 19:22:26] INFO - Fallback to legacy endpoint succeeded: http://localhost:5774/WebService/getSekolah?npsn=20252031
[2026-07-15 19:22:26] INFO - Successfully fetched 1 records from getSekolah
[2026-07-15 19:23:23] ERROR - Invalid JSON from Dapodik: Syntax error - snippet: { 'success' : false, 'message': 'Session telah habis. harap melakukan login kembali' }
[2026-07-15 19:23:23] WARNING - Fallback returned invalid JSON for http://localhost:5774/WebService/getSekolah: Syntax error - snippet: HTTP/1.0 403 Forbidden
Cache-Control: no-cache
Date:          Wed, 15 Jul 2026 19:23:23 GMT

{"success":false,"http_code":403,"status_code":"Forbidden","message":"Parameter NPSN harap diisi"}
[2026-07-15 19:23:24] INFO - Fallback to legacy endpoint succeeded: http://localhost:5774/WebService/getSekolah?npsn=20252031
[2026-07-15 19:23:24] INFO - Successfully fetched 1 records from getSekolah
[2026-07-15 19:23:25] ERROR - Invalid JSON from Dapodik: Syntax error - snippet: { 'success' : false, 'message': 'Session telah habis. harap melakukan login kembali' }
[2026-07-15 19:23:25] WARNING - Fallback returned invalid JSON for http://localhost:5774/WebService/getSekolah: Syntax error - snippet: HTTP/1.0 403 Forbidden
Cache-Control: no-cache
Date:          Wed, 15 Jul 2026 19:23:25 GMT

{"success":false,"http_code":403,"status_code":"Forbidden","message":"Parameter NPSN harap diisi"}
[2026-07-15 19:23:25] INFO - Fallback to legacy endpoint succeeded: http://localhost:5774/WebService/getSekolah?npsn=20252031
[2026-07-15 19:23:25] INFO - Successfully fetched 1 records from getSekolah
[2026-07-15 19:24:23] ERROR - Invalid JSON from Dapodik: Syntax error - snippet: { 'success' : false, 'message': 'Session telah habis. harap melakukan login kembali' }
[2026-07-15 19:24:23] WARNING - Fallback returned invalid JSON for http://localhost:5774/WebService/getSekolah: Syntax error - snippet: HTTP/1.0 403 Forbidden
Cache-Control: no-cache
Date:          Wed, 15 Jul 2026 19:24:23 GMT

{"success":false,"http_code":403,"status_code":"Forbidden","message":"Parameter NPSN harap diisi"}
[2026-07-15 19:24:24] INFO - Fallback to legacy endpoint succeeded: http://localhost:5774/WebService/getSekolah?npsn=20252031
[2026-07-15 19:24:24] INFO - Successfully fetched 1 records from getSekolah
[2026-07-15 19:24:25] ERROR - Invalid JSON from Dapodik: Syntax error - snippet: { 'success' : false, 'message': 'Session telah habis. harap melakukan login kembali' }
[2026-07-15 19:24:25] WARNING - Fallback returned invalid JSON for http://localhost:5774/WebService/getSekolah: Syntax error - snippet: HTTP/1.0 403 Forbidden
Cache-Control: no-cache
Date:          Wed, 15 Jul 2026 19:24:25 GMT

{"success":false,"http_code":403,"status_code":"Forbidden","message":"Parameter NPSN harap diisi"}
[2026-07-15 19:24:26] INFO - Fallback to legacy endpoint succeeded: http://localhost:5774/WebService/getSekolah?npsn=20252031
[2026-07-15 19:24:26] INFO - Successfully fetched 1 records from getSekolah
[2026-07-15 19:25:23] ERROR - Invalid JSON from Dapodik: Syntax error - snippet: { 'success' : false, 'message': 'Session telah habis. harap melakukan login kembali' }
[2026-07-15 19:25:23] WARNING - Fallback returned invalid JSON for http://localhost:5774/WebService/getSekolah: Syntax error - snippet: HTTP/1.0 403 Forbidden
Cache-Control: no-cache
Date:          Wed, 15 Jul 2026 19:25:23 GMT

{"success":false,"http_code":403,"status_code":"Forbidden","message":"Parameter NPSN harap diisi"}
[2026-07-15 19:25:24] INFO - Fallback to legacy endpoint succeeded: http://localhost:5774/WebService/getSekolah?npsn=20252031
[2026-07-15 19:25:24] INFO - Successfully fetched 1 records from getSekolah
[2026-07-15 19:25:25] ERROR - Invalid JSON from Dapodik: Syntax error - snippet: { 'success' : false, 'message': 'Session telah habis. harap melakukan login kembali' }
[2026-07-15 19:25:25] WARNING - Fallback returned invalid JSON for http://localhost:5774/WebService/getSekolah: Syntax error - snippet: HTTP/1.0 403 Forbidden
Cache-Control: no-cache
Date:          Wed, 15 Jul 2026 19:25:25 GMT

{"success":false,"http_code":403,"status_code":"Forbidden","message":"Parameter NPSN harap diisi"}
[2026-07-15 19:25:26] INFO - Fallback to legacy endpoint succeeded: http://localhost:5774/WebService/getSekolah?npsn=20252031
[2026-07-15 19:25:26] INFO - Successfully fetched 1 records from getSekolah
[2026-07-15 19:26:23] ERROR - Invalid JSON from Dapodik: Syntax error - snippet: { 'success' : false, 'message': 'Session telah habis. harap melakukan login kembali' }
[2026-07-15 19:26:23] WARNING - Fallback returned invalid JSON for http://localhost:5774/WebService/getSekolah: Syntax error - snippet: HTTP/1.0 403 Forbidden
Cache-Control: no-cache
Date:          Wed, 15 Jul 2026 19:26:23 GMT

{"success":false,"http_code":403,"status_code":"Forbidden","message":"Parameter NPSN harap diisi"}
[2026-07-15 19:26:24] INFO - Fallback to legacy endpoint succeeded: http://localhost:5774/WebService/getSekolah?npsn=20252031
[2026-07-15 19:26:24] INFO - Successfully fetched 1 records from getSekolah
[2026-07-15 19:26:25] ERROR - Invalid JSON from Dapodik: Syntax error - snippet: { 'success' : false, 'message': 'Session telah habis. harap melakukan login kembali' }
[2026-07-15 19:26:25] WARNING - Fallback returned invalid JSON for http://localhost:5774/WebService/getSekolah: Syntax error - snippet: HTTP/1.0 403 Forbidden
Cache-Control: no-cache
Date:          Wed, 15 Jul 2026 19:26:25 GMT

{"success":false,"http_code":403,"status_code":"Forbidden","message":"Parameter NPSN harap diisi"}
[2026-07-15 19:26:25] INFO - Fallback to legacy endpoint succeeded: http://localhost:5774/WebService/getSekolah?npsn=20252031
[2026-07-15 19:26:25] INFO - Successfully fetched 1 records from getSekolah
[2026-07-15 19:27:23] ERROR - Invalid JSON from Dapodik: Syntax error - snippet: { 'success' : false, 'message': 'Session telah habis. harap melakukan login kembali' }
[2026-07-15 19:27:23] WARNING - Fallback returned invalid JSON for http://localhost:5774/WebService/getSekolah: Syntax error - snippet: HTTP/1.0 403 Forbidden
Cache-Control: no-cache
Date:          Wed, 15 Jul 2026 19:27:23 GMT

{"success":false,"http_code":403,"status_code":"Forbidden","message":"Parameter NPSN harap diisi"}
[2026-07-15 19:27:24] INFO - Fallback to legacy endpoint succeeded: http://localhost:5774/WebService/getSekolah?npsn=20252031
[2026-07-15 19:27:24] INFO - Successfully fetched 1 records from getSekolah
[2026-07-15 19:27:25] ERROR - Invalid JSON from Dapodik: Syntax error - snippet: { 'success' : false, 'message': 'Session telah habis. harap melakukan login kembali' }
[2026-07-15 19:27:25] WARNING - Fallback returned invalid JSON for http://localhost:5774/WebService/getSekolah: Syntax error - snippet: HTTP/1.0 403 Forbidden
Cache-Control: no-cache
Date:          Wed, 15 Jul 2026 19:27:25 GMT

{"success":false,"http_code":403,"status_code":"Forbidden","message":"Parameter NPSN harap diisi"}
[2026-07-15 19:27:25] INFO - Fallback to legacy endpoint succeeded: http://localhost:5774/WebService/getSekolah?npsn=20252031
[2026-07-15 19:27:25] INFO - Successfully fetched 1 records from getSekolah
[2026-07-15 19:28:23] ERROR - Invalid JSON from Dapodik: Syntax error - snippet: { 'success' : false, 'message': 'Session telah habis. harap melakukan login kembali' }
[2026-07-15 19:28:23] WARNING - Fallback returned invalid JSON for http://localhost:5774/WebService/getSekolah: Syntax error - snippet: HTTP/1.0 403 Forbidden
Cache-Control: no-cache
Date:          Wed, 15 Jul 2026 19:28:23 GMT

{"success":false,"http_code":403,"status_code":"Forbidden","message":"Parameter NPSN harap diisi"}
[2026-07-15 19:28:24] INFO - Fallback to legacy endpoint succeeded: http://localhost:5774/WebService/getSekolah?npsn=20252031
[2026-07-15 19:28:24] INFO - Successfully fetched 1 records from getSekolah
[2026-07-15 19:28:25] ERROR - Invalid JSON from Dapodik: Syntax error - snippet: { 'success' : false, 'message': 'Session telah habis. harap melakukan login kembali' }
[2026-07-15 19:28:25] WARNING - Fallback returned invalid JSON for http://localhost:5774/WebService/getSekolah: Syntax error - snippet: HTTP/1.0 403 Forbidden
Cache-Control: no-cache
Date:          Wed, 15 Jul 2026 19:28:25 GMT

{"success":false,"http_code":403,"status_code":"Forbidden","message":"Parameter NPSN harap diisi"}
[2026-07-15 19:28:25] INFO - Fallback to legacy endpoint succeeded: http://localhost:5774/WebService/getSekolah?npsn=20252031
[2026-07-15 19:28:25] INFO - Successfully fetched 1 records from getSekolah
[2026-07-15 19:29:23] ERROR - Invalid JSON from Dapodik: Syntax error - snippet: { 'success' : false, 'message': 'Session telah habis. harap melakukan login kembali' }
[2026-07-15 19:29:23] WARNING - Fallback returned invalid JSON for http://localhost:5774/WebService/getSekolah: Syntax error - snippet: HTTP/1.0 403 Forbidden
Cache-Control: no-cache
Date:          Wed, 15 Jul 2026 19:29:23 GMT

{"success":false,"http_code":403,"status_code":"Forbidden","message":"Parameter NPSN harap diisi"}
[2026-07-15 19:29:24] INFO - Fallback to legacy endpoint succeeded: http://localhost:5774/WebService/getSekolah?npsn=20252031
[2026-07-15 19:29:24] INFO - Successfully fetched 1 records from getSekolah
[2026-07-15 19:29:25] ERROR - Invalid JSON from Dapodik: Syntax error - snippet: { 'success' : false, 'message': 'Session telah habis. harap melakukan login kembali' }
[2026-07-15 19:29:25] WARNING - Fallback returned invalid JSON for http://localhost:5774/WebService/getSekolah: Syntax error - snippet: HTTP/1.0 403 Forbidden
Cache-Control: no-cache
Date:          Wed, 15 Jul 2026 19:29:25 GMT

{"success":false,"http_code":403,"status_code":"Forbidden","message":"Parameter NPSN harap diisi"}
[2026-07-15 19:29:26] INFO - Fallback to legacy endpoint succeeded: http://localhost:5774/WebService/getSekolah?npsn=20252031
[2026-07-15 19:29:26] INFO - Successfully fetched 1 records from getSekolah
[2026-07-15 19:30:23] ERROR - Invalid JSON from Dapodik: Syntax error - snippet: { 'success' : false, 'message': 'Session telah habis. harap melakukan login kembali' }
[2026-07-15 19:30:23] WARNING - Fallback returned invalid JSON for http://localhost:5774/WebService/getSekolah: Syntax error - snippet: HTTP/1.0 403 Forbidden
Cache-Control: no-cache
Date:          Wed, 15 Jul 2026 19:30:23 GMT

{"success":false,"http_code":403,"status_code":"Forbidden","message":"Parameter NPSN harap diisi"}
[2026-07-15 19:30:24] INFO - Fallback to legacy endpoint succeeded: http://localhost:5774/WebService/getSekolah?npsn=20252031
[2026-07-15 19:30:24] INFO - Successfully fetched 1 records from getSekolah
[2026-07-15 19:30:24] ERROR - Invalid JSON from Dapodik: Syntax error - snippet: { 'success' : false, 'message': 'Session telah habis. harap melakukan login kembali' }
[2026-07-15 19:30:24] WARNING - Fallback returned invalid JSON for http://localhost:5774/WebService/getSekolah: Syntax error - snippet: HTTP/1.0 403 Forbidden
Cache-Control: no-cache
Date:          Wed, 15 Jul 2026 19:30:24 GMT

{"success":false,"http_code":403,"status_code":"Forbidden","message":"Parameter NPSN harap diisi"}
[2026-07-15 19:30:25] INFO - Fallback to legacy endpoint succeeded: http://localhost:5774/WebService/getSekolah?npsn=20252031
[2026-07-15 19:30:25] INFO - Successfully fetched 1 records from getSekolah
[2026-07-15 19:31:23] ERROR - Invalid JSON from Dapodik: Syntax error - snippet: { 'success' : false, 'message': 'Session telah habis. harap melakukan login kembali' }
[2026-07-15 19:31:23] WARNING - Fallback returned invalid JSON for http://localhost:5774/WebService/getSekolah: Syntax error - snippet: HTTP/1.0 403 Forbidden
Cache-Control: no-cache
Date:          Wed, 15 Jul 2026 19:31:23 GMT

{"success":false,"http_code":403,"status_code":"Forbidden","message":"Parameter NPSN harap diisi"}
[2026-07-15 19:31:24] INFO - Fallback to legacy endpoint succeeded: http://localhost:5774/WebService/getSekolah?npsn=20252031
[2026-07-15 19:31:24] INFO - Successfully fetched 1 records from getSekolah
[2026-07-15 19:31:24] ERROR - Invalid JSON from Dapodik: Syntax error - snippet: { 'success' : false, 'message': 'Session telah habis. harap melakukan login kembali' }
[2026-07-15 19:31:24] WARNING - Fallback returned invalid JSON for http://localhost:5774/WebService/getSekolah: Syntax error - snippet: HTTP/1.0 403 Forbidden
Cache-Control: no-cache
Date:          Wed, 15 Jul 2026 19:31:24 GMT

{"success":false,"http_code":403,"status_code":"Forbidden","message":"Parameter NPSN harap diisi"}
[2026-07-15 19:31:25] INFO - Fallback to legacy endpoint succeeded: http://localhost:5774/WebService/getSekolah?npsn=20252031
[2026-07-15 19:31:25] INFO - Successfully fetched 1 records from getSekolah
[2026-07-15 19:32:23] ERROR - Invalid JSON from Dapodik: Syntax error - snippet: { 'success' : false, 'message': 'Session telah habis. harap melakukan login kembali' }
[2026-07-15 19:32:23] WARNING - Fallback returned invalid JSON for http://localhost:5774/WebService/getSekolah: Syntax error - snippet: HTTP/1.0 403 Forbidden
Cache-Control: no-cache
Date:          Wed, 15 Jul 2026 19:32:23 GMT

{"success":false,"http_code":403,"status_code":"Forbidden","message":"Parameter NPSN harap diisi"}
[2026-07-15 19:32:24] INFO - Fallback to legacy endpoint succeeded: http://localhost:5774/WebService/getSekolah?npsn=20252031
[2026-07-15 19:32:24] INFO - Successfully fetched 1 records from getSekolah
[2026-07-15 19:32:24] ERROR - Invalid JSON from Dapodik: Syntax error - snippet: { 'success' : false, 'message': 'Session telah habis. harap melakukan login kembali' }
[2026-07-15 19:32:24] WARNING - Fallback returned invalid JSON for http://localhost:5774/WebService/getSekolah: Syntax error - snippet: HTTP/1.0 403 Forbidden
Cache-Control: no-cache
Date:          Wed, 15 Jul 2026 19:32:24 GMT

{"success":false,"http_code":403,"status_code":"Forbidden","message":"Parameter NPSN harap diisi"}
[2026-07-15 19:32:25] INFO - Fallback to legacy endpoint succeeded: http://localhost:5774/WebService/getSekolah?npsn=20252031
[2026-07-15 19:32:25] INFO - Successfully fetched 1 records from getSekolah
[2026-07-15 19:33:23] ERROR - Invalid JSON from Dapodik: Syntax error - snippet: { 'success' : false, 'message': 'Session telah habis. harap melakukan login kembali' }
[2026-07-15 19:33:23] WARNING - Fallback returned invalid JSON for http://localhost:5774/WebService/getSekolah: Syntax error - snippet: HTTP/1.0 403 Forbidden
Cache-Control: no-cache
Date:          Wed, 15 Jul 2026 19:33:23 GMT

{"success":false,"http_code":403,"status_code":"Forbidden","message":"Parameter NPSN harap diisi"}
[2026-07-15 19:33:24] INFO - Fallback to legacy endpoint succeeded: http://localhost:5774/WebService/getSekolah?npsn=20252031
[2026-07-15 19:33:24] INFO - Successfully fetched 1 records from getSekolah
[2026-07-15 19:33:24] ERROR - Invalid JSON from Dapodik: Syntax error - snippet: { 'success' : false, 'message': 'Session telah habis. harap melakukan login kembali' }
[2026-07-15 19:33:24] WARNING - Fallback returned invalid JSON for http://localhost:5774/WebService/getSekolah: Syntax error - snippet: HTTP/1.0 403 Forbidden
Cache-Control: no-cache
Date:          Wed, 15 Jul 2026 19:33:24 GMT

{"success":false,"http_code":403,"status_code":"Forbidden","message":"Parameter NPSN harap diisi"}
[2026-07-15 19:33:25] INFO - Fallback to legacy endpoint succeeded: http://localhost:5774/WebService/getSekolah?npsn=20252031
[2026-07-15 19:33:25] INFO - Successfully fetched 1 records from getSekolah
[2026-07-15 19:34:23] ERROR - Invalid JSON from Dapodik: Syntax error - snippet: { 'success' : false, 'message': 'Session telah habis. harap melakukan login kembali' }
[2026-07-15 19:34:23] WARNING - Fallback returned invalid JSON for http://localhost:5774/WebService/getSekolah: Syntax error - snippet: HTTP/1.0 403 Forbidden
Cache-Control: no-cache
Date:          Wed, 15 Jul 2026 19:34:23 GMT

{"success":false,"http_code":403,"status_code":"Forbidden","message":"Parameter NPSN harap diisi"}
[2026-07-15 19:34:24] INFO - Fallback to legacy endpoint succeeded: http://localhost:5774/WebService/getSekolah?npsn=20252031
[2026-07-15 19:34:24] INFO - Successfully fetched 1 records from getSekolah
[2026-07-15 19:34:24] ERROR - Invalid JSON from Dapodik: Syntax error - snippet: { 'success' : false, 'message': 'Session telah habis. harap melakukan login kembali' }
[2026-07-15 19:34:24] WARNING - Fallback returned invalid JSON for http://localhost:5774/WebService/getSekolah: Syntax error - snippet: HTTP/1.0 403 Forbidden
Cache-Control: no-cache
Date:          Wed, 15 Jul 2026 19:34:24 GMT

{"success":false,"http_code":403,"status_code":"Forbidden","message":"Parameter NPSN harap diisi"}
[2026-07-15 19:34:25] INFO - Fallback to legacy endpoint succeeded: http://localhost:5774/WebService/getSekolah?npsn=20252031
[2026-07-15 19:34:25] INFO - Successfully fetched 1 records from getSekolah
[2026-07-15 19:35:23] ERROR - Invalid JSON from Dapodik: Syntax error - snippet: { 'success' : false, 'message': 'Session telah habis. harap melakukan login kembali' }
[2026-07-15 19:35:23] WARNING - Fallback returned invalid JSON for http://localhost:5774/WebService/getSekolah: Syntax error - snippet: HTTP/1.0 403 Forbidden
Cache-Control: no-cache
Date:          Wed, 15 Jul 2026 19:35:23 GMT

{"success":false,"http_code":403,"status_code":"Forbidden","message":"Parameter NPSN harap diisi"}
[2026-07-15 19:35:24] INFO - Fallback to legacy endpoint succeeded: http://localhost:5774/WebService/getSekolah?npsn=20252031
[2026-07-15 19:35:24] INFO - Successfully fetched 1 records from getSekolah
[2026-07-15 19:35:24] ERROR - Invalid JSON from Dapodik: Syntax error - snippet: { 'success' : false, 'message': 'Session telah habis. harap melakukan login kembali' }
[2026-07-15 19:35:24] WARNING - Fallback returned invalid JSON for http://localhost:5774/WebService/getSekolah: Syntax error - snippet: HTTP/1.0 403 Forbidden
Cache-Control: no-cache
Date:          Wed, 15 Jul 2026 19:35:24 GMT

{"success":false,"http_code":403,"status_code":"Forbidden","message":"Parameter NPSN harap diisi"}
[2026-07-15 19:35:25] INFO - Fallback to legacy endpoint succeeded: http://localhost:5774/WebService/getSekolah?npsn=20252031
[2026-07-15 19:35:25] INFO - Successfully fetched 1 records from getSekolah
[2026-07-15 19:36:23] ERROR - Invalid JSON from Dapodik: Syntax error - snippet: { 'success' : false, 'message': 'Session telah habis. harap melakukan login kembali' }
[2026-07-15 19:36:23] WARNING - Fallback returned invalid JSON for http://localhost:5774/WebService/getSekolah: Syntax error - snippet: HTTP/1.0 403 Forbidden
Cache-Control: no-cache
Date:          Wed, 15 Jul 2026 19:36:23 GMT

{"success":false,"http_code":403,"status_code":"Forbidden","message":"Parameter NPSN harap diisi"}
[2026-07-15 19:36:24] INFO - Fallback to legacy endpoint succeeded: http://localhost:5774/WebService/getSekolah?npsn=20252031
[2026-07-15 19:36:24] INFO - Successfully fetched 1 records from getSekolah
[2026-07-15 19:36:24] ERROR - Invalid JSON from Dapodik: Syntax error - snippet: { 'success' : false, 'message': 'Session telah habis. harap melakukan login kembali' }
[2026-07-15 19:36:24] WARNING - Fallback returned invalid JSON for http://localhost:5774/WebService/getSekolah: Syntax error - snippet: HTTP/1.0 403 Forbidden
Cache-Control: no-cache
Date:          Wed, 15 Jul 2026 19:36:24 GMT

{"success":false,"http_code":403,"status_code":"Forbidden","message":"Parameter NPSN harap diisi"}
[2026-07-15 19:36:25] INFO - Fallback to legacy endpoint succeeded: http://localhost:5774/WebService/getSekolah?npsn=20252031
[2026-07-15 19:36:25] INFO - Successfully fetched 1 records from getSekolah
[2026-07-15 19:37:23] ERROR - Invalid JSON from Dapodik: Syntax error - snippet: { 'success' : false, 'message': 'Session telah habis. harap melakukan login kembali' }
[2026-07-15 19:37:23] WARNING - Fallback returned invalid JSON for http://localhost:5774/WebService/getSekolah: Syntax error - snippet: HTTP/1.0 403 Forbidden
Cache-Control: no-cache
Date:          Wed, 15 Jul 2026 19:37:23 GMT

{"success":false,"http_code":403,"status_code":"Forbidden","message":"Parameter NPSN harap diisi"}
[2026-07-15 19:37:24] INFO - Fallback to legacy endpoint succeeded: http://localhost:5774/WebService/getSekolah?npsn=20252031
[2026-07-15 19:37:24] INFO - Successfully fetched 1 records from getSekolah
[2026-07-15 19:37:24] ERROR - Invalid JSON from Dapodik: Syntax error - snippet: { 'success' : false, 'message': 'Session telah habis. harap melakukan login kembali' }
[2026-07-15 19:37:24] WARNING - Fallback returned invalid JSON for http://localhost:5774/WebService/getSekolah: Syntax error - snippet: HTTP/1.0 403 Forbidden
Cache-Control: no-cache
Date:          Wed, 15 Jul 2026 19:37:24 GMT

{"success":false,"http_code":403,"status_code":"Forbidden","message":"Parameter NPSN harap diisi"}
[2026-07-15 19:37:25] INFO - Fallback to legacy endpoint succeeded: http://localhost:5774/WebService/getSekolah?npsn=20252031
[2026-07-15 19:37:25] INFO - Successfully fetched 1 records from getSekolah
[2026-07-15 19:38:23] ERROR - Invalid JSON from Dapodik: Syntax error - snippet: { 'success' : false, 'message': 'Session telah habis. harap melakukan login kembali' }
[2026-07-15 19:38:23] WARNING - Fallback returned invalid JSON for http://localhost:5774/WebService/getSekolah: Syntax error - snippet: HTTP/1.0 403 Forbidden
Cache-Control: no-cache
Date:          Wed, 15 Jul 2026 19:38:23 GMT

{"success":false,"http_code":403,"status_code":"Forbidden","message":"Parameter NPSN harap diisi"}
[2026-07-15 19:38:24] INFO - Fallback to legacy endpoint succeeded: http://localhost:5774/WebService/getSekolah?npsn=20252031
[2026-07-15 19:38:24] INFO - Successfully fetched 1 records from getSekolah
[2026-07-15 19:38:24] ERROR - Invalid JSON from Dapodik: Syntax error - snippet: { 'success' : false, 'message': 'Session telah habis. harap melakukan login kembali' }
[2026-07-15 19:38:24] WARNING - Fallback returned invalid JSON for http://localhost:5774/WebService/getSekolah: Syntax error - snippet: HTTP/1.0 403 Forbidden
Cache-Control: no-cache
Date:          Wed, 15 Jul 2026 19:38:24 GMT

{"success":false,"http_code":403,"status_code":"Forbidden","message":"Parameter NPSN harap diisi"}
[2026-07-15 19:38:25] INFO - Fallback to legacy endpoint succeeded: http://localhost:5774/WebService/getSekolah?npsn=20252031
[2026-07-15 19:38:25] INFO - Successfully fetched 1 records from getSekolah
[2026-07-15 19:39:23] ERROR - Invalid JSON from Dapodik: Syntax error - snippet: { 'success' : false, 'message': 'Session telah habis. harap melakukan login kembali' }
[2026-07-15 19:39:23] WARNING - Fallback returned invalid JSON for http://localhost:5774/WebService/getSekolah: Syntax error - snippet: HTTP/1.0 403 Forbidden
Cache-Control: no-cache
Date:          Wed, 15 Jul 2026 19:39:23 GMT

{"success":false,"http_code":403,"status_code":"Forbidden","message":"Parameter NPSN harap diisi"}
[2026-07-15 19:39:24] INFO - Fallback to legacy endpoint succeeded: http://localhost:5774/WebService/getSekolah?npsn=20252031
[2026-07-15 19:39:24] INFO - Successfully fetched 1 records from getSekolah
[2026-07-15 19:39:24] ERROR - Invalid JSON from Dapodik: Syntax error - snippet: { 'success' : false, 'message': 'Session telah habis. harap melakukan login kembali' }
[2026-07-15 19:39:24] WARNING - Fallback returned invalid JSON for http://localhost:5774/WebService/getSekolah: Syntax error - snippet: HTTP/1.0 403 Forbidden
Cache-Control: no-cache
Date:          Wed, 15 Jul 2026 19:39:24 GMT

{"success":false,"http_code":403,"status_code":"Forbidden","message":"Parameter NPSN harap diisi"}
[2026-07-15 19:39:25] INFO - Fallback to legacy endpoint succeeded: http://localhost:5774/WebService/getSekolah?npsn=20252031
[2026-07-15 19:39:25] INFO - Successfully fetched 1 records from getSekolah
[2026-07-15 19:40:23] ERROR - Invalid JSON from Dapodik: Syntax error - snippet: { 'success' : false, 'message': 'Session telah habis. harap melakukan login kembali' }
[2026-07-15 19:40:23] WARNING - Fallback returned invalid JSON for http://localhost:5774/WebService/getSekolah: Syntax error - snippet: HTTP/1.0 403 Forbidden
Cache-Control: no-cache
Date:          Wed, 15 Jul 2026 19:40:23 GMT

{"success":false,"http_code":403,"status_code":"Forbidden","message":"Parameter NPSN harap diisi"}
[2026-07-15 19:40:24] INFO - Fallback to legacy endpoint succeeded: http://localhost:5774/WebService/getSekolah?npsn=20252031
[2026-07-15 19:40:24] INFO - Successfully fetched 1 records from getSekolah
[2026-07-15 19:40:24] ERROR - Invalid JSON from Dapodik: Syntax error - snippet: { 'success' : false, 'message': 'Session telah habis. harap melakukan login kembali' }
[2026-07-15 19:40:24] WARNING - Fallback returned invalid JSON for http://localhost:5774/WebService/getSekolah: Syntax error - snippet: HTTP/1.0 403 Forbidden
Cache-Control: no-cache
Date:          Wed, 15 Jul 2026 19:40:24 GMT

{"success":false,"http_code":403,"status_code":"Forbidden","message":"Parameter NPSN harap diisi"}
[2026-07-15 19:40:25] INFO - Fallback to legacy endpoint succeeded: http://localhost:5774/WebService/getSekolah?npsn=20252031
[2026-07-15 19:40:25] INFO - Successfully fetched 1 records from getSekolah
[2026-07-15 19:41:23] ERROR - Invalid JSON from Dapodik: Syntax error - snippet: { 'success' : false, 'message': 'Session telah habis. harap melakukan login kembali' }
[2026-07-15 19:41:23] WARNING - Fallback returned invalid JSON for http://localhost:5774/WebService/getSekolah: Syntax error - snippet: HTTP/1.0 403 Forbidden
Cache-Control: no-cache
Date:          Wed, 15 Jul 2026 19:41:23 GMT

{"success":false,"http_code":403,"status_code":"Forbidden","message":"Parameter NPSN harap diisi"}
[2026-07-15 19:41:24] INFO - Fallback to legacy endpoint succeeded: http://localhost:5774/WebService/getSekolah?npsn=20252031
[2026-07-15 19:41:24] INFO - Successfully fetched 1 records from getSekolah
[2026-07-15 19:41:24] ERROR - Invalid JSON from Dapodik: Syntax error - snippet: { 'success' : false, 'message': 'Session telah habis. harap melakukan login kembali' }
[2026-07-15 19:41:24] WARNING - Fallback returned invalid JSON for http://localhost:5774/WebService/getSekolah: Syntax error - snippet: HTTP/1.0 403 Forbidden
Cache-Control: no-cache
Date:          Wed, 15 Jul 2026 19:41:24 GMT

{"success":false,"http_code":403,"status_code":"Forbidden","message":"Parameter NPSN harap diisi"}
[2026-07-15 19:41:25] INFO - Fallback to legacy endpoint succeeded: http://localhost:5774/WebService/getSekolah?npsn=20252031
[2026-07-15 19:41:25] INFO - Successfully fetched 1 records from getSekolah
[2026-07-15 19:42:23] ERROR - Invalid JSON from Dapodik: Syntax error - snippet: { 'success' : false, 'message': 'Session telah habis. harap melakukan login kembali' }
[2026-07-15 19:42:23] WARNING - Fallback returned invalid JSON for http://localhost:5774/WebService/getSekolah: Syntax error - snippet: HTTP/1.0 403 Forbidden
Cache-Control: no-cache
Date:          Wed, 15 Jul 2026 19:42:23 GMT

{"success":false,"http_code":403,"status_code":"Forbidden","message":"Parameter NPSN harap diisi"}
[2026-07-15 19:42:24] INFO - Fallback to legacy endpoint succeeded: http://localhost:5774/WebService/getSekolah?npsn=20252031
[2026-07-15 19:42:24] INFO - Successfully fetched 1 records from getSekolah
[2026-07-15 19:42:24] ERROR - Invalid JSON from Dapodik: Syntax error - snippet: { 'success' : false, 'message': 'Session telah habis. harap melakukan login kembali' }
[2026-07-15 19:42:24] WARNING - Fallback returned invalid JSON for http://localhost:5774/WebService/getSekolah: Syntax error - snippet: HTTP/1.0 403 Forbidden
Cache-Control: no-cache
Date:          Wed, 15 Jul 2026 19:42:24 GMT

{"success":false,"http_code":403,"status_code":"Forbidden","message":"Parameter NPSN harap diisi"}
[2026-07-15 19:42:25] INFO - Fallback to legacy endpoint succeeded: http://localhost:5774/WebService/getSekolah?npsn=20252031
[2026-07-15 19:42:25] INFO - Successfully fetched 1 records from getSekolah
[2026-07-15 19:43:23] ERROR - Invalid JSON from Dapodik: Syntax error - snippet: { 'success' : false, 'message': 'Session telah habis. harap melakukan login kembali' }
[2026-07-15 19:43:23] WARNING - Fallback returned invalid JSON for http://localhost:5774/WebService/getSekolah: Syntax error - snippet: HTTP/1.0 403 Forbidden
Cache-Control: no-cache
Date:          Wed, 15 Jul 2026 19:43:23 GMT

{"success":false,"http_code":403,"status_code":"Forbidden","message":"Parameter NPSN harap diisi"}
[2026-07-15 19:43:24] INFO - Fallback to legacy endpoint succeeded: http://localhost:5774/WebService/getSekolah?npsn=20252031
[2026-07-15 19:43:24] INFO - Successfully fetched 1 records from getSekolah
[2026-07-15 19:43:24] ERROR - Invalid JSON from Dapodik: Syntax error - snippet: { 'success' : false, 'message': 'Session telah habis. harap melakukan login kembali' }
[2026-07-15 19:43:24] WARNING - Fallback returned invalid JSON for http://localhost:5774/WebService/getSekolah: Syntax error - snippet: HTTP/1.0 403 Forbidden
Cache-Control: no-cache
Date:          Wed, 15 Jul 2026 19:43:24 GMT

{"success":false,"http_code":403,"status_code":"Forbidden","message":"Parameter NPSN harap diisi"}
[2026-07-15 19:43:25] INFO - Fallback to legacy endpoint succeeded: http://localhost:5774/WebService/getSekolah?npsn=20252031
[2026-07-15 19:43:25] INFO - Successfully fetched 1 records from getSekolah
[2026-07-15 19:44:23] ERROR - Invalid JSON from Dapodik: Syntax error - snippet: { 'success' : false, 'message': 'Session telah habis. harap melakukan login kembali' }
[2026-07-15 19:44:23] WARNING - Fallback returned invalid JSON for http://localhost:5774/WebService/getSekolah: Syntax error - snippet: HTTP/1.0 403 Forbidden
Cache-Control: no-cache
Date:          Wed, 15 Jul 2026 19:44:23 GMT

{"success":false,"http_code":403,"status_code":"Forbidden","message":"Parameter NPSN harap diisi"}
[2026-07-15 19:44:24] INFO - Fallback to legacy endpoint succeeded: http://localhost:5774/WebService/getSekolah?npsn=20252031
[2026-07-15 19:44:24] INFO - Successfully fetched 1 records from getSekolah
[2026-07-15 19:44:24] ERROR - Invalid JSON from Dapodik: Syntax error - snippet: { 'success' : false, 'message': 'Session telah habis. harap melakukan login kembali' }
[2026-07-15 19:44:24] WARNING - Fallback returned invalid JSON for http://localhost:5774/WebService/getSekolah: Syntax error - snippet: HTTP/1.0 403 Forbidden
Cache-Control: no-cache
Date:          Wed, 15 Jul 2026 19:44:24 GMT

{"success":false,"http_code":403,"status_code":"Forbidden","message":"Parameter NPSN harap diisi"}
[2026-07-15 19:44:25] INFO - Fallback to legacy endpoint succeeded: http://localhost:5774/WebService/getSekolah?npsn=20252031
[2026-07-15 19:44:25] INFO - Successfully fetched 1 records from getSekolah
[2026-07-15 19:45:23] ERROR - Invalid JSON from Dapodik: Syntax error - snippet: { 'success' : false, 'message': 'Session telah habis. harap melakukan login kembali' }
[2026-07-15 19:45:23] WARNING - Fallback returned invalid JSON for http://localhost:5774/WebService/getSekolah: Syntax error - snippet: HTTP/1.0 403 Forbidden
Cache-Control: no-cache
Date:          Wed, 15 Jul 2026 19:45:23 GMT

{"success":false,"http_code":403,"status_code":"Forbidden","message":"Parameter NPSN harap diisi"}
[2026-07-15 19:45:24] INFO - Fallback to legacy endpoint succeeded: http://localhost:5774/WebService/getSekolah?npsn=20252031
[2026-07-15 19:45:24] INFO - Successfully fetched 1 records from getSekolah
[2026-07-15 19:45:24] ERROR - Invalid JSON from Dapodik: Syntax error - snippet: { 'success' : false, 'message': 'Session telah habis. harap melakukan login kembali' }
[2026-07-15 19:45:24] WARNING - Fallback returned invalid JSON for http://localhost:5774/WebService/getSekolah: Syntax error - snippet: HTTP/1.0 403 Forbidden
Cache-Control: no-cache
Date:          Wed, 15 Jul 2026 19:45:24 GMT

{"success":false,"http_code":403,"status_code":"Forbidden","message":"Parameter NPSN harap diisi"}
[2026-07-15 19:45:25] INFO - Fallback to legacy endpoint succeeded: http://localhost:5774/WebService/getSekolah?npsn=20252031
[2026-07-15 19:45:25] INFO - Successfully fetched 1 records from getSekolah
[2026-07-15 19:46:23] ERROR - Invalid JSON from Dapodik: Syntax error - snippet: { 'success' : false, 'message': 'Session telah habis. harap melakukan login kembali' }
[2026-07-15 19:46:23] WARNING - Fallback returned invalid JSON for http://localhost:5774/WebService/getSekolah: Syntax error - snippet: HTTP/1.0 403 Forbidden
Cache-Control: no-cache
Date:          Wed, 15 Jul 2026 19:46:23 GMT

{"success":false,"http_code":403,"status_code":"Forbidden","message":"Parameter NPSN harap diisi"}
[2026-07-15 19:46:24] INFO - Fallback to legacy endpoint succeeded: http://localhost:5774/WebService/getSekolah?npsn=20252031
[2026-07-15 19:46:24] INFO - Successfully fetched 1 records from getSekolah
[2026-07-15 19:46:24] ERROR - Invalid JSON from Dapodik: Syntax error - snippet: { 'success' : false, 'message': 'Session telah habis. harap melakukan login kembali' }
[2026-07-15 19:46:24] WARNING - Fallback returned invalid JSON for http://localhost:5774/WebService/getSekolah: Syntax error - snippet: HTTP/1.0 403 Forbidden
Cache-Control: no-cache
Date:          Wed, 15 Jul 2026 19:46:24 GMT

{"success":false,"http_code":403,"status_code":"Forbidden","message":"Parameter NPSN harap diisi"}
[2026-07-15 19:46:25] INFO - Fallback to legacy endpoint succeeded: http://localhost:5774/WebService/getSekolah?npsn=20252031
[2026-07-15 19:46:25] INFO - Successfully fetched 1 records from getSekolah
[2026-07-15 19:47:23] ERROR - Invalid JSON from Dapodik: Syntax error - snippet: { 'success' : false, 'message': 'Session telah habis. harap melakukan login kembali' }
[2026-07-15 19:47:23] WARNING - Fallback returned invalid JSON for http://localhost:5774/WebService/getSekolah: Syntax error - snippet: HTTP/1.0 403 Forbidden
Cache-Control: no-cache
Date:          Wed, 15 Jul 2026 19:47:23 GMT

{"success":false,"http_code":403,"status_code":"Forbidden","message":"Parameter NPSN harap diisi"}
[2026-07-15 19:47:24] INFO - Fallback to legacy endpoint succeeded: http://localhost:5774/WebService/getSekolah?npsn=20252031
[2026-07-15 19:47:24] INFO - Successfully fetched 1 records from getSekolah
[2026-07-15 19:47:24] ERROR - Invalid JSON from Dapodik: Syntax error - snippet: { 'success' : false, 'message': 'Session telah habis. harap melakukan login kembali' }
[2026-07-15 19:47:24] WARNING - Fallback returned invalid JSON for http://localhost:5774/WebService/getSekolah: Syntax error - snippet: HTTP/1.0 403 Forbidden
Cache-Control: no-cache
Date:          Wed, 15 Jul 2026 19:47:24 GMT

{"success":false,"http_code":403,"status_code":"Forbidden","message":"Parameter NPSN harap diisi"}
[2026-07-15 19:47:25] INFO - Fallback to legacy endpoint succeeded: http://localhost:5774/WebService/getSekolah?npsn=20252031
[2026-07-15 19:47:25] INFO - Successfully fetched 1 records from getSekolah
[2026-07-15 19:48:23] ERROR - Invalid JSON from Dapodik: Syntax error - snippet: { 'success' : false, 'message': 'Session telah habis. harap melakukan login kembali' }
[2026-07-15 19:48:23] WARNING - Fallback returned invalid JSON for http://localhost:5774/WebService/getSekolah: Syntax error - snippet: HTTP/1.0 403 Forbidden
Cache-Control: no-cache
Date:          Wed, 15 Jul 2026 19:48:23 GMT

{"success":false,"http_code":403,"status_code":"Forbidden","message":"Parameter NPSN harap diisi"}
[2026-07-15 19:48:24] INFO - Fallback to legacy endpoint succeeded: http://localhost:5774/WebService/getSekolah?npsn=20252031
[2026-07-15 19:48:24] INFO - Successfully fetched 1 records from getSekolah
[2026-07-15 19:48:24] ERROR - Invalid JSON from Dapodik: Syntax error - snippet: { 'success' : false, 'message': 'Session telah habis. harap melakukan login kembali' }
[2026-07-15 19:48:24] WARNING - Fallback returned invalid JSON for http://localhost:5774/WebService/getSekolah: Syntax error - snippet: HTTP/1.0 403 Forbidden
Cache-Control: no-cache
Date:          Wed, 15 Jul 2026 19:48:24 GMT

{"success":false,"http_code":403,"status_code":"Forbidden","message":"Parameter NPSN harap diisi"}
[2026-07-15 19:48:25] INFO - Fallback to legacy endpoint succeeded: http://localhost:5774/WebService/getSekolah?npsn=20252031
[2026-07-15 19:48:25] INFO - Successfully fetched 1 records from getSekolah
[2026-07-15 19:49:23] ERROR - Invalid JSON from Dapodik: Syntax error - snippet: { 'success' : false, 'message': 'Session telah habis. harap melakukan login kembali' }
[2026-07-15 19:49:23] WARNING - Fallback returned invalid JSON for http://localhost:5774/WebService/getSekolah: Syntax error - snippet: HTTP/1.0 403 Forbidden
Cache-Control: no-cache
Date:          Wed, 15 Jul 2026 19:49:23 GMT

{"success":false,"http_code":403,"status_code":"Forbidden","message":"Parameter NPSN harap diisi"}
[2026-07-15 19:49:24] INFO - Fallback to legacy endpoint succeeded: http://localhost:5774/WebService/getSekolah?npsn=20252031
[2026-07-15 19:49:24] INFO - Successfully fetched 1 records from getSekolah
[2026-07-15 19:49:24] ERROR - Invalid JSON from Dapodik: Syntax error - snippet: { 'success' : false, 'message': 'Session telah habis. harap melakukan login kembali' }
[2026-07-15 19:49:24] WARNING - Fallback returned invalid JSON for http://localhost:5774/WebService/getSekolah: Syntax error - snippet: HTTP/1.0 403 Forbidden
Cache-Control: no-cache
Date:          Wed, 15 Jul 2026 19:49:24 GMT

{"success":false,"http_code":403,"status_code":"Forbidden","message":"Parameter NPSN harap diisi"}
[2026-07-15 19:49:25] INFO - Fallback to legacy endpoint succeeded: http://localhost:5774/WebService/getSekolah?npsn=20252031
[2026-07-15 19:49:25] INFO - Successfully fetched 1 records from getSekolah
[2026-07-15 19:50:23] ERROR - Invalid JSON from Dapodik: Syntax error - snippet: { 'success' : false, 'message': 'Session telah habis. harap melakukan login kembali' }
[2026-07-15 19:50:23] WARNING - Fallback returned invalid JSON for http://localhost:5774/WebService/getSekolah: Syntax error - snippet: HTTP/1.0 403 Forbidden
Cache-Control: no-cache
Date:          Wed, 15 Jul 2026 19:50:23 GMT

{"success":false,"http_code":403,"status_code":"Forbidden","message":"Parameter NPSN harap diisi"}
[2026-07-15 19:50:24] INFO - Fallback to legacy endpoint succeeded: http://localhost:5774/WebService/getSekolah?npsn=20252031
[2026-07-15 19:50:24] INFO - Successfully fetched 1 records from getSekolah
[2026-07-15 19:50:24] ERROR - Invalid JSON from Dapodik: Syntax error - snippet: { 'success' : false, 'message': 'Session telah habis. harap melakukan login kembali' }
[2026-07-15 19:50:24] WARNING - Fallback returned invalid JSON for http://localhost:5774/WebService/getSekolah: Syntax error - snippet: HTTP/1.0 403 Forbidden
Cache-Control: no-cache
Date:          Wed, 15 Jul 2026 19:50:24 GMT

{"success":false,"http_code":403,"status_code":"Forbidden","message":"Parameter NPSN harap diisi"}
[2026-07-15 19:50:25] INFO - Fallback to legacy endpoint succeeded: http://localhost:5774/WebService/getSekolah?npsn=20252031
[2026-07-15 19:50:25] INFO - Successfully fetched 1 records from getSekolah
[2026-07-15 19:51:23] ERROR - Invalid JSON from Dapodik: Syntax error - snippet: { 'success' : false, 'message': 'Session telah habis. harap melakukan login kembali' }
[2026-07-15 19:51:23] WARNING - Fallback returned invalid JSON for http://localhost:5774/WebService/getSekolah: Syntax error - snippet: HTTP/1.0 403 Forbidden
Cache-Control: no-cache
Date:          Wed, 15 Jul 2026 19:51:23 GMT

{"success":false,"http_code":403,"status_code":"Forbidden","message":"Parameter NPSN harap diisi"}
[2026-07-15 19:51:24] INFO - Fallback to legacy endpoint succeeded: http://localhost:5774/WebService/getSekolah?npsn=20252031
[2026-07-15 19:51:24] INFO - Successfully fetched 1 records from getSekolah
[2026-07-15 19:51:24] ERROR - Invalid JSON from Dapodik: Syntax error - snippet: { 'success' : false, 'message': 'Session telah habis. harap melakukan login kembali' }
[2026-07-15 19:51:24] WARNING - Fallback returned invalid JSON for http://localhost:5774/WebService/getSekolah: Syntax error - snippet: HTTP/1.0 403 Forbidden
Cache-Control: no-cache
Date:          Wed, 15 Jul 2026 19:51:24 GMT

{"success":false,"http_code":403,"status_code":"Forbidden","message":"Parameter NPSN harap diisi"}
[2026-07-15 19:51:25] INFO - Fallback to legacy endpoint succeeded: http://localhost:5774/WebService/getSekolah?npsn=20252031
[2026-07-15 19:51:25] INFO - Successfully fetched 1 records from getSekolah
[2026-07-15 19:52:23] ERROR - Invalid JSON from Dapodik: Syntax error - snippet: { 'success' : false, 'message': 'Session telah habis. harap melakukan login kembali' }
[2026-07-15 19:52:23] WARNING - Fallback returned invalid JSON for http://localhost:5774/WebService/getSekolah: Syntax error - snippet: HTTP/1.0 403 Forbidden
Cache-Control: no-cache
Date:          Wed, 15 Jul 2026 19:52:23 GMT

{"success":false,"http_code":403,"status_code":"Forbidden","message":"Parameter NPSN harap diisi"}
[2026-07-15 19:52:24] INFO - Fallback to legacy endpoint succeeded: http://localhost:5774/WebService/getSekolah?npsn=20252031
[2026-07-15 19:52:24] INFO - Successfully fetched 1 records from getSekolah
[2026-07-15 19:52:24] ERROR - Invalid JSON from Dapodik: Syntax error - snippet: { 'success' : false, 'message': 'Session telah habis. harap melakukan login kembali' }
[2026-07-15 19:52:25] WARNING - Fallback returned invalid JSON for http://localhost:5774/WebService/getSekolah: Syntax error - snippet: HTTP/1.0 403 Forbidden
Cache-Control: no-cache
Date:          Wed, 15 Jul 2026 19:52:25 GMT

{"success":false,"http_code":403,"status_code":"Forbidden","message":"Parameter NPSN harap diisi"}
[2026-07-15 19:52:25] INFO - Fallback to legacy endpoint succeeded: http://localhost:5774/WebService/getSekolah?npsn=20252031
[2026-07-15 19:52:25] INFO - Successfully fetched 1 records from getSekolah
[2026-07-15 19:53:23] ERROR - Invalid JSON from Dapodik: Syntax error - snippet: { 'success' : false, 'message': 'Session telah habis. harap melakukan login kembali' }
[2026-07-15 19:53:23] WARNING - Fallback returned invalid JSON for http://localhost:5774/WebService/getSekolah: Syntax error - snippet: HTTP/1.0 403 Forbidden
Cache-Control: no-cache
Date:          Wed, 15 Jul 2026 19:53:23 GMT

{"success":false,"http_code":403,"status_code":"Forbidden","message":"Parameter NPSN harap diisi"}
[2026-07-15 19:53:24] INFO - Fallback to legacy endpoint succeeded: http://localhost:5774/WebService/getSekolah?npsn=20252031
[2026-07-15 19:53:24] INFO - Successfully fetched 1 records from getSekolah
[2026-07-15 19:53:24] ERROR - Invalid JSON from Dapodik: Syntax error - snippet: { 'success' : false, 'message': 'Session telah habis. harap melakukan login kembali' }
[2026-07-15 19:53:24] WARNING - Fallback returned invalid JSON for http://localhost:5774/WebService/getSekolah: Syntax error - snippet: HTTP/1.0 403 Forbidden
Cache-Control: no-cache
Date:          Wed, 15 Jul 2026 19:53:24 GMT

{"success":false,"http_code":403,"status_code":"Forbidden","message":"Parameter NPSN harap diisi"}
[2026-07-15 19:53:25] INFO - Fallback to legacy endpoint succeeded: http://localhost:5774/WebService/getSekolah?npsn=20252031
[2026-07-15 19:53:25] INFO - Successfully fetched 1 records from getSekolah
[2026-07-15 19:54:23] ERROR - Invalid JSON from Dapodik: Syntax error - snippet: { 'success' : false, 'message': 'Session telah habis. harap melakukan login kembali' }
[2026-07-15 19:54:23] WARNING - Fallback returned invalid JSON for http://localhost:5774/WebService/getSekolah: Syntax error - snippet: HTTP/1.0 403 Forbidden
Cache-Control: no-cache
Date:          Wed, 15 Jul 2026 19:54:23 GMT

{"success":false,"http_code":403,"status_code":"Forbidden","message":"Parameter NPSN harap diisi"}
[2026-07-15 19:54:24] INFO - Fallback to legacy endpoint succeeded: http://localhost:5774/WebService/getSekolah?npsn=20252031
[2026-07-15 19:54:24] INFO - Successfully fetched 1 records from getSekolah
[2026-07-15 19:54:24] ERROR - Invalid JSON from Dapodik: Syntax error - snippet: { 'success' : false, 'message': 'Session telah habis. harap melakukan login kembali' }
[2026-07-15 19:54:24] WARNING - Fallback returned invalid JSON for http://localhost:5774/WebService/getSekolah: Syntax error - snippet: HTTP/1.0 403 Forbidden
Cache-Control: no-cache
Date:          Wed, 15 Jul 2026 19:54:24 GMT

{"success":false,"http_code":403,"status_code":"Forbidden","message":"Parameter NPSN harap diisi"}
[2026-07-15 19:54:25] INFO - Fallback to legacy endpoint succeeded: http://localhost:5774/WebService/getSekolah?npsn=20252031
[2026-07-15 19:54:25] INFO - Successfully fetched 1 records from getSekolah
[2026-07-15 19:55:23] ERROR - Invalid JSON from Dapodik: Syntax error - snippet: { 'success' : false, 'message': 'Session telah habis. harap melakukan login kembali' }
[2026-07-15 19:55:23] WARNING - Fallback returned invalid JSON for http://localhost:5774/WebService/getSekolah: Syntax error - snippet: HTTP/1.0 403 Forbidden
Cache-Control: no-cache
Date:          Wed, 15 Jul 2026 19:55:23 GMT

{"success":false,"http_code":403,"status_code":"Forbidden","message":"Parameter NPSN harap diisi"}
[2026-07-15 19:55:24] INFO - Fallback to legacy endpoint succeeded: http://localhost:5774/WebService/getSekolah?npsn=20252031
[2026-07-15 19:55:24] INFO - Successfully fetched 1 records from getSekolah
[2026-07-15 19:55:24] ERROR - Invalid JSON from Dapodik: Syntax error - snippet: { 'success' : false, 'message': 'Session telah habis. harap melakukan login kembali' }
[2026-07-15 19:55:24] WARNING - Fallback returned invalid JSON for http://localhost:5774/WebService/getSekolah: Syntax error - snippet: HTTP/1.0 403 Forbidden
Cache-Control: no-cache
Date:          Wed, 15 Jul 2026 19:55:24 GMT

{"success":false,"http_code":403,"status_code":"Forbidden","message":"Parameter NPSN harap diisi"}
[2026-07-15 19:55:25] INFO - Fallback to legacy endpoint succeeded: http://localhost:5774/WebService/getSekolah?npsn=20252031
[2026-07-15 19:55:25] INFO - Successfully fetched 1 records from getSekolah
[2026-07-15 19:56:23] ERROR - Invalid JSON from Dapodik: Syntax error - snippet: { 'success' : false, 'message': 'Session telah habis. harap melakukan login kembali' }
[2026-07-15 19:56:23] WARNING - Fallback returned invalid JSON for http://localhost:5774/WebService/getSekolah: Syntax error - snippet: HTTP/1.0 403 Forbidden
Cache-Control: no-cache
Date:          Wed, 15 Jul 2026 19:56:23 GMT

{"success":false,"http_code":403,"status_code":"Forbidden","message":"Parameter NPSN harap diisi"}
[2026-07-15 19:56:24] INFO - Fallback to legacy endpoint succeeded: http://localhost:5774/WebService/getSekolah?npsn=20252031
[2026-07-15 19:56:24] INFO - Successfully fetched 1 records from getSekolah
[2026-07-15 19:56:24] ERROR - Invalid JSON from Dapodik: Syntax error - snippet: { 'success' : false, 'message': 'Session telah habis. harap melakukan login kembali' }
[2026-07-15 19:56:24] WARNING - Fallback returned invalid JSON for http://localhost:5774/WebService/getSekolah: Syntax error - snippet: HTTP/1.0 403 Forbidden
Cache-Control: no-cache
Date:          Wed, 15 Jul 2026 19:56:24 GMT

{"success":false,"http_code":403,"status_code":"Forbidden","message":"Parameter NPSN harap diisi"}
[2026-07-15 19:56:25] INFO - Fallback to legacy endpoint succeeded: http://localhost:5774/WebService/getSekolah?npsn=20252031
[2026-07-15 19:56:25] INFO - Successfully fetched 1 records from getSekolah
[2026-07-15 19:57:23] ERROR - Invalid JSON from Dapodik: Syntax error - snippet: { 'success' : false, 'message': 'Session telah habis. harap melakukan login kembali' }
[2026-07-15 19:57:23] WARNING - Fallback returned invalid JSON for http://localhost:5774/WebService/getSekolah: Syntax error - snippet: HTTP/1.0 403 Forbidden
Cache-Control: no-cache
Date:          Wed, 15 Jul 2026 19:57:23 GMT

{"success":false,"http_code":403,"status_code":"Forbidden","message":"Parameter NPSN harap diisi"}
[2026-07-15 19:57:24] INFO - Fallback to legacy endpoint succeeded: http://localhost:5774/WebService/getSekolah?npsn=20252031
[2026-07-15 19:57:24] INFO - Successfully fetched 1 records from getSekolah
[2026-07-15 19:57:24] ERROR - Invalid JSON from Dapodik: Syntax error - snippet: { 'success' : false, 'message': 'Session telah habis. harap melakukan login kembali' }
[2026-07-15 19:57:24] WARNING - Fallback returned invalid JSON for http://localhost:5774/WebService/getSekolah: Syntax error - snippet: HTTP/1.0 403 Forbidden
Cache-Control: no-cache
Date:          Wed, 15 Jul 2026 19:57:24 GMT

{"success":false,"http_code":403,"status_code":"Forbidden","message":"Parameter NPSN harap diisi"}
[2026-07-15 19:57:25] INFO - Fallback to legacy endpoint succeeded: http://localhost:5774/WebService/getSekolah?npsn=20252031
[2026-07-15 19:57:25] INFO - Successfully fetched 1 records from getSekolah
[2026-07-15 19:58:23] ERROR - Invalid JSON from Dapodik: Syntax error - snippet: { 'success' : false, 'message': 'Session telah habis. harap melakukan login kembali' }
[2026-07-15 19:58:23] WARNING - Fallback returned invalid JSON for http://localhost:5774/WebService/getSekolah: Syntax error - snippet: HTTP/1.0 403 Forbidden
Cache-Control: no-cache
Date:          Wed, 15 Jul 2026 19:58:23 GMT

{"success":false,"http_code":403,"status_code":"Forbidden","message":"Parameter NPSN harap diisi"}
[2026-07-15 19:58:24] INFO - Fallback to legacy endpoint succeeded: http://localhost:5774/WebService/getSekolah?npsn=20252031
[2026-07-15 19:58:24] INFO - Successfully fetched 1 records from getSekolah
[2026-07-15 19:58:24] ERROR - Invalid JSON from Dapodik: Syntax error - snippet: { 'success' : false, 'message': 'Session telah habis. harap melakukan login kembali' }
[2026-07-15 19:58:24] WARNING - Fallback returned invalid JSON for http://localhost:5774/WebService/getSekolah: Syntax error - snippet: HTTP/1.0 403 Forbidden
Cache-Control: no-cache
Date:          Wed, 15 Jul 2026 19:58:24 GMT

{"success":false,"http_code":403,"status_code":"Forbidden","message":"Parameter NPSN harap diisi"}
[2026-07-15 19:58:25] INFO - Fallback to legacy endpoint succeeded: http://localhost:5774/WebService/getSekolah?npsn=20252031
[2026-07-15 19:58:25] INFO - Successfully fetched 1 records from getSekolah
[2026-07-15 19:59:23] ERROR - Invalid JSON from Dapodik: Syntax error - snippet: { 'success' : false, 'message': 'Session telah habis. harap melakukan login kembali' }
[2026-07-15 19:59:23] WARNING - Fallback returned invalid JSON for http://localhost:5774/WebService/getSekolah: Syntax error - snippet: HTTP/1.0 403 Forbidden
Cache-Control: no-cache
Date:          Wed, 15 Jul 2026 19:59:23 GMT

{"success":false,"http_code":403,"status_code":"Forbidden","message":"Parameter NPSN harap diisi"}
[2026-07-15 19:59:24] INFO - Fallback to legacy endpoint succeeded: http://localhost:5774/WebService/getSekolah?npsn=20252031
[2026-07-15 19:59:24] INFO - Successfully fetched 1 records from getSekolah
[2026-07-15 19:59:24] ERROR - Invalid JSON from Dapodik: Syntax error - snippet: { 'success' : false, 'message': 'Session telah habis. harap melakukan login kembali' }
[2026-07-15 19:59:24] WARNING - Fallback returned invalid JSON for http://localhost:5774/WebService/getSekolah: Syntax error - snippet: HTTP/1.0 403 Forbidden
Cache-Control: no-cache
Date:          Wed, 15 Jul 2026 19:59:24 GMT

{"success":false,"http_code":403,"status_code":"Forbidden","message":"Parameter NPSN harap diisi"}
[2026-07-15 19:59:25] INFO - Fallback to legacy endpoint succeeded: http://localhost:5774/WebService/getSekolah?npsn=20252031
[2026-07-15 19:59:25] INFO - Successfully fetched 1 records from getSekolah
[2026-07-15 20:00:23] ERROR - Invalid JSON from Dapodik: Syntax error - snippet: { 'success' : false, 'message': 'Session telah habis. harap melakukan login kembali' }
[2026-07-15 20:00:23] WARNING - Fallback returned invalid JSON for http://localhost:5774/WebService/getSekolah: Syntax error - snippet: HTTP/1.0 403 Forbidden
Cache-Control: no-cache
Date:          Wed, 15 Jul 2026 20:00:23 GMT

{"success":false,"http_code":403,"status_code":"Forbidden","message":"Parameter NPSN harap diisi"}
[2026-07-15 20:00:24] INFO - Fallback to legacy endpoint succeeded: http://localhost:5774/WebService/getSekolah?npsn=20252031
[2026-07-15 20:00:24] INFO - Successfully fetched 1 records from getSekolah
[2026-07-15 20:00:24] ERROR - Invalid JSON from Dapodik: Syntax error - snippet: { 'success' : false, 'message': 'Session telah habis. harap melakukan login kembali' }
[2026-07-15 20:00:24] WARNING - Fallback returned invalid JSON for http://localhost:5774/WebService/getSekolah: Syntax error - snippet: HTTP/1.0 403 Forbidden
Cache-Control: no-cache
Date:          Wed, 15 Jul 2026 20:00:24 GMT

{"success":false,"http_code":403,"status_code":"Forbidden","message":"Parameter NPSN harap diisi"}
[2026-07-15 20:00:25] INFO - Fallback to legacy endpoint succeeded: http://localhost:5774/WebService/getSekolah?npsn=20252031
[2026-07-15 20:00:25] INFO - Successfully fetched 1 records from getSekolah
[2026-07-15 20:01:23] ERROR - Invalid JSON from Dapodik: Syntax error - snippet: { 'success' : false, 'message': 'Session telah habis. harap melakukan login kembali' }
[2026-07-15 20:01:23] WARNING - Fallback returned invalid JSON for http://localhost:5774/WebService/getSekolah: Syntax error - snippet: HTTP/1.0 403 Forbidden
Cache-Control: no-cache
Date:          Wed, 15 Jul 2026 20:01:23 GMT

{"success":false,"http_code":403,"status_code":"Forbidden","message":"Parameter NPSN harap diisi"}
[2026-07-15 20:01:24] INFO - Fallback to legacy endpoint succeeded: http://localhost:5774/WebService/getSekolah?npsn=20252031
[2026-07-15 20:01:24] INFO - Successfully fetched 1 records from getSekolah
[2026-07-15 20:01:24] ERROR - Invalid JSON from Dapodik: Syntax error - snippet: { 'success' : false, 'message': 'Session telah habis. harap melakukan login kembali' }
[2026-07-15 20:01:24] WARNING - Fallback returned invalid JSON for http://localhost:5774/WebService/getSekolah: Syntax error - snippet: HTTP/1.0 403 Forbidden
Cache-Control: no-cache
Date:          Wed, 15 Jul 2026 20:01:24 GMT

{"success":false,"http_code":403,"status_code":"Forbidden","message":"Parameter NPSN harap diisi"}
[2026-07-15 20:01:25] INFO - Fallback to legacy endpoint succeeded: http://localhost:5774/WebService/getSekolah?npsn=20252031
[2026-07-15 20:01:25] INFO - Successfully fetched 1 records from getSekolah
[2026-07-15 20:02:23] ERROR - Invalid JSON from Dapodik: Syntax error - snippet: { 'success' : false, 'message': 'Session telah habis. harap melakukan login kembali' }
[2026-07-15 20:02:23] WARNING - Fallback returned invalid JSON for http://localhost:5774/WebService/getSekolah: Syntax error - snippet: HTTP/1.0 403 Forbidden
Cache-Control: no-cache
Date:          Wed, 15 Jul 2026 20:02:23 GMT

{"success":false,"http_code":403,"status_code":"Forbidden","message":"Parameter NPSN harap diisi"}
[2026-07-15 20:02:24] INFO - Fallback to legacy endpoint succeeded: http://localhost:5774/WebService/getSekolah?npsn=20252031
[2026-07-15 20:02:24] INFO - Successfully fetched 1 records from getSekolah
[2026-07-15 20:02:24] ERROR - Invalid JSON from Dapodik: Syntax error - snippet: { 'success' : false, 'message': 'Session telah habis. harap melakukan login kembali' }
[2026-07-15 20:02:24] WARNING - Fallback returned invalid JSON for http://localhost:5774/WebService/getSekolah: Syntax error - snippet: HTTP/1.0 403 Forbidden
Cache-Control: no-cache
Date:          Wed, 15 Jul 2026 20:02:24 GMT

{"success":false,"http_code":403,"status_code":"Forbidden","message":"Parameter NPSN harap diisi"}
[2026-07-15 20:02:25] INFO - Fallback to legacy endpoint succeeded: http://localhost:5774/WebService/getSekolah?npsn=20252031
[2026-07-15 20:02:25] INFO - Successfully fetched 1 records from getSekolah
[2026-07-15 20:03:23] ERROR - Invalid JSON from Dapodik: Syntax error - snippet: { 'success' : false, 'message': 'Session telah habis. harap melakukan login kembali' }
[2026-07-15 20:03:23] WARNING - Fallback returned invalid JSON for http://localhost:5774/WebService/getSekolah: Syntax error - snippet: HTTP/1.0 403 Forbidden
Cache-Control: no-cache
Date:          Wed, 15 Jul 2026 20:03:23 GMT

{"success":false,"http_code":403,"status_code":"Forbidden","message":"Parameter NPSN harap diisi"}
[2026-07-15 20:03:24] INFO - Fallback to legacy endpoint succeeded: http://localhost:5774/WebService/getSekolah?npsn=20252031
[2026-07-15 20:03:24] INFO - Successfully fetched 1 records from getSekolah
[2026-07-15 20:03:24] ERROR - Invalid JSON from Dapodik: Syntax error - snippet: { 'success' : false, 'message': 'Session telah habis. harap melakukan login kembali' }
[2026-07-15 20:03:24] WARNING - Fallback returned invalid JSON for http://localhost:5774/WebService/getSekolah: Syntax error - snippet: HTTP/1.0 403 Forbidden
Cache-Control: no-cache
Date:          Wed, 15 Jul 2026 20:03:24 GMT

{"success":false,"http_code":403,"status_code":"Forbidden","message":"Parameter NPSN harap diisi"}
[2026-07-15 20:03:25] INFO - Fallback to legacy endpoint succeeded: http://localhost:5774/WebService/getSekolah?npsn=20252031
[2026-07-15 20:03:25] INFO - Successfully fetched 1 records from getSekolah
[2026-07-15 20:04:23] ERROR - Invalid JSON from Dapodik: Syntax error - snippet: { 'success' : false, 'message': 'Session telah habis. harap melakukan login kembali' }
[2026-07-15 20:04:23] WARNING - Fallback returned invalid JSON for http://localhost:5774/WebService/getSekolah: Syntax error - snippet: HTTP/1.0 403 Forbidden
Cache-Control: no-cache
Date:          Wed, 15 Jul 2026 20:04:23 GMT

{"success":false,"http_code":403,"status_code":"Forbidden","message":"Parameter NPSN harap diisi"}
[2026-07-15 20:04:24] INFO - Fallback to legacy endpoint succeeded: http://localhost:5774/WebService/getSekolah?npsn=20252031
[2026-07-15 20:04:24] INFO - Successfully fetched 1 records from getSekolah
[2026-07-15 20:04:24] ERROR - Invalid JSON from Dapodik: Syntax error - snippet: { 'success' : false, 'message': 'Session telah habis. harap melakukan login kembali' }
[2026-07-15 20:04:24] WARNING - Fallback returned invalid JSON for http://localhost:5774/WebService/getSekolah: Syntax error - snippet: HTTP/1.0 403 Forbidden
Cache-Control: no-cache
Date:          Wed, 15 Jul 2026 20:04:24 GMT

{"success":false,"http_code":403,"status_code":"Forbidden","message":"Parameter NPSN harap diisi"}
[2026-07-15 20:04:25] INFO - Fallback to legacy endpoint succeeded: http://localhost:5774/WebService/getSekolah?npsn=20252031
[2026-07-15 20:04:25] INFO - Successfully fetched 1 records from getSekolah
[2026-07-15 20:05:23] ERROR - Invalid JSON from Dapodik: Syntax error - snippet: { 'success' : false, 'message': 'Session telah habis. harap melakukan login kembali' }
[2026-07-15 20:05:23] WARNING - Fallback returned invalid JSON for http://localhost:5774/WebService/getSekolah: Syntax error - snippet: HTTP/1.0 403 Forbidden
Cache-Control: no-cache
Date:          Wed, 15 Jul 2026 20:05:23 GMT

{"success":false,"http_code":403,"status_code":"Forbidden","message":"Parameter NPSN harap diisi"}
[2026-07-15 20:05:24] INFO - Fallback to legacy endpoint succeeded: http://localhost:5774/WebService/getSekolah?npsn=20252031
[2026-07-15 20:05:24] INFO - Successfully fetched 1 records from getSekolah
[2026-07-15 20:05:24] ERROR - Invalid JSON from Dapodik: Syntax error - snippet: { 'success' : false, 'message': 'Session telah habis. harap melakukan login kembali' }
[2026-07-15 20:05:24] WARNING - Fallback returned invalid JSON for http://localhost:5774/WebService/getSekolah: Syntax error - snippet: HTTP/1.0 403 Forbidden
Cache-Control: no-cache
Date:          Wed, 15 Jul 2026 20:05:24 GMT

{"success":false,"http_code":403,"status_code":"Forbidden","message":"Parameter NPSN harap diisi"}
[2026-07-15 20:05:25] INFO - Fallback to legacy endpoint succeeded: http://localhost:5774/WebService/getSekolah?npsn=20252031
[2026-07-15 20:05:25] INFO - Successfully fetched 1 records from getSekolah
[2026-07-15 20:06:23] ERROR - Invalid JSON from Dapodik: Syntax error - snippet: { 'success' : false, 'message': 'Session telah habis. harap melakukan login kembali' }
[2026-07-15 20:06:23] WARNING - Fallback returned invalid JSON for http://localhost:5774/WebService/getSekolah: Syntax error - snippet: HTTP/1.0 403 Forbidden
Cache-Control: no-cache
Date:          Wed, 15 Jul 2026 20:06:23 GMT

{"success":false,"http_code":403,"status_code":"Forbidden","message":"Parameter NPSN harap diisi"}
[2026-07-15 20:06:24] INFO - Fallback to legacy endpoint succeeded: http://localhost:5774/WebService/getSekolah?npsn=20252031
[2026-07-15 20:06:24] INFO - Successfully fetched 1 records from getSekolah
[2026-07-15 20:06:24] ERROR - Invalid JSON from Dapodik: Syntax error - snippet: { 'success' : false, 'message': 'Session telah habis. harap melakukan login kembali' }
[2026-07-15 20:06:24] WARNING - Fallback returned invalid JSON for http://localhost:5774/WebService/getSekolah: Syntax error - snippet: HTTP/1.0 403 Forbidden
Cache-Control: no-cache
Date:          Wed, 15 Jul 2026 20:06:24 GMT

{"success":false,"http_code":403,"status_code":"Forbidden","message":"Parameter NPSN harap diisi"}
[2026-07-15 20:06:25] INFO - Fallback to legacy endpoint succeeded: http://localhost:5774/WebService/getSekolah?npsn=20252031
[2026-07-15 20:06:25] INFO - Successfully fetched 1 records from getSekolah
[2026-07-15 20:07:23] ERROR - Invalid JSON from Dapodik: Syntax error - snippet: { 'success' : false, 'message': 'Session telah habis. harap melakukan login kembali' }
[2026-07-15 20:07:23] WARNING - Fallback returned invalid JSON for http://localhost:5774/WebService/getSekolah: Syntax error - snippet: HTTP/1.0 403 Forbidden
Cache-Control: no-cache
Date:          Wed, 15 Jul 2026 20:07:23 GMT

{"success":false,"http_code":403,"status_code":"Forbidden","message":"Parameter NPSN harap diisi"}
[2026-07-15 20:07:24] INFO - Fallback to legacy endpoint succeeded: http://localhost:5774/WebService/getSekolah?npsn=20252031
[2026-07-15 20:07:24] INFO - Successfully fetched 1 records from getSekolah
[2026-07-15 20:07:24] ERROR - Invalid JSON from Dapodik: Syntax error - snippet: { 'success' : false, 'message': 'Session telah habis. harap melakukan login kembali' }
[2026-07-15 20:07:24] WARNING - Fallback returned invalid JSON for http://localhost:5774/WebService/getSekolah: Syntax error - snippet: HTTP/1.0 403 Forbidden
Cache-Control: no-cache
Date:          Wed, 15 Jul 2026 20:07:24 GMT

{"success":false,"http_code":403,"status_code":"Forbidden","message":"Parameter NPSN harap diisi"}
[2026-07-15 20:07:25] INFO - Fallback to legacy endpoint succeeded: http://localhost:5774/WebService/getSekolah?npsn=20252031
[2026-07-15 20:07:25] INFO - Successfully fetched 1 records from getSekolah
[2026-07-15 20:08:23] ERROR - Invalid JSON from Dapodik: Syntax error - snippet: { 'success' : false, 'message': 'Session telah habis. harap melakukan login kembali' }
[2026-07-15 20:08:23] WARNING - Fallback returned invalid JSON for http://localhost:5774/WebService/getSekolah: Syntax error - snippet: HTTP/1.0 403 Forbidden
Cache-Control: no-cache
Date:          Wed, 15 Jul 2026 20:08:23 GMT

{"success":false,"http_code":403,"status_code":"Forbidden","message":"Parameter NPSN harap diisi"}
[2026-07-15 20:08:24] INFO - Fallback to legacy endpoint succeeded: http://localhost:5774/WebService/getSekolah?npsn=20252031
[2026-07-15 20:08:24] INFO - Successfully fetched 1 records from getSekolah
[2026-07-15 20:08:24] ERROR - Invalid JSON from Dapodik: Syntax error - snippet: { 'success' : false, 'message': 'Session telah habis. harap melakukan login kembali' }
[2026-07-15 20:08:24] WARNING - Fallback returned invalid JSON for http://localhost:5774/WebService/getSekolah: Syntax error - snippet: HTTP/1.0 403 Forbidden
Cache-Control: no-cache
Date:          Wed, 15 Jul 2026 20:08:24 GMT

{"success":false,"http_code":403,"status_code":"Forbidden","message":"Parameter NPSN harap diisi"}
[2026-07-15 20:08:25] INFO - Fallback to legacy endpoint succeeded: http://localhost:5774/WebService/getSekolah?npsn=20252031
[2026-07-15 20:08:25] INFO - Successfully fetched 1 records from getSekolah
[2026-07-15 20:09:23] ERROR - Invalid JSON from Dapodik: Syntax error - snippet: { 'success' : false, 'message': 'Session telah habis. harap melakukan login kembali' }
[2026-07-15 20:09:23] WARNING - Fallback returned invalid JSON for http://localhost:5774/WebService/getSekolah: Syntax error - snippet: HTTP/1.0 403 Forbidden
Cache-Control: no-cache
Date:          Wed, 15 Jul 2026 20:09:23 GMT

{"success":false,"http_code":403,"status_code":"Forbidden","message":"Parameter NPSN harap diisi"}
[2026-07-15 20:09:24] INFO - Fallback to legacy endpoint succeeded: http://localhost:5774/WebService/getSekolah?npsn=20252031
[2026-07-15 20:09:24] INFO - Successfully fetched 1 records from getSekolah
[2026-07-15 20:09:24] ERROR - Invalid JSON from Dapodik: Syntax error - snippet: { 'success' : false, 'message': 'Session telah habis. harap melakukan login kembali' }
[2026-07-15 20:09:24] WARNING - Fallback returned invalid JSON for http://localhost:5774/WebService/getSekolah: Syntax error - snippet: HTTP/1.0 403 Forbidden
Cache-Control: no-cache
Date:          Wed, 15 Jul 2026 20:09:24 GMT

{"success":false,"http_code":403,"status_code":"Forbidden","message":"Parameter NPSN harap diisi"}
[2026-07-15 20:09:25] INFO - Fallback to legacy endpoint succeeded: http://localhost:5774/WebService/getSekolah?npsn=20252031
[2026-07-15 20:09:25] INFO - Successfully fetched 1 records from getSekolah
[2026-07-15 20:10:23] ERROR - Invalid JSON from Dapodik: Syntax error - snippet: { 'success' : false, 'message': 'Session telah habis. harap melakukan login kembali' }
[2026-07-15 20:10:23] WARNING - Fallback returned invalid JSON for http://localhost:5774/WebService/getSekolah: Syntax error - snippet: HTTP/1.0 403 Forbidden
Cache-Control: no-cache
Date:          Wed, 15 Jul 2026 20:10:23 GMT

{"success":false,"http_code":403,"status_code":"Forbidden","message":"Parameter NPSN harap diisi"}
[2026-07-15 20:10:24] INFO - Fallback to legacy endpoint succeeded: http://localhost:5774/WebService/getSekolah?npsn=20252031
[2026-07-15 20:10:24] INFO - Successfully fetched 1 records from getSekolah
[2026-07-15 20:10:24] ERROR - Invalid JSON from Dapodik: Syntax error - snippet: { 'success' : false, 'message': 'Session telah habis. harap melakukan login kembali' }
[2026-07-15 20:10:24] WARNING - Fallback returned invalid JSON for http://localhost:5774/WebService/getSekolah: Syntax error - snippet: HTTP/1.0 403 Forbidden
Cache-Control: no-cache
Date:          Wed, 15 Jul 2026 20:10:24 GMT

{"success":false,"http_code":403,"status_code":"Forbidden","message":"Parameter NPSN harap diisi"}
[2026-07-15 20:10:25] INFO - Fallback to legacy endpoint succeeded: http://localhost:5774/WebService/getSekolah?npsn=20252031
[2026-07-15 20:10:25] INFO - Successfully fetched 1 records from getSekolah
[2026-07-15 20:11:23] ERROR - Invalid JSON from Dapodik: Syntax error - snippet: { 'success' : false, 'message': 'Session telah habis. harap melakukan login kembali' }
[2026-07-15 20:11:23] WARNING - Fallback returned invalid JSON for http://localhost:5774/WebService/getSekolah: Syntax error - snippet: HTTP/1.0 403 Forbidden
Cache-Control: no-cache
Date:          Wed, 15 Jul 2026 20:11:23 GMT

{"success":false,"http_code":403,"status_code":"Forbidden","message":"Parameter NPSN harap diisi"}
[2026-07-15 20:11:24] INFO - Fallback to legacy endpoint succeeded: http://localhost:5774/WebService/getSekolah?npsn=20252031
[2026-07-15 20:11:24] INFO - Successfully fetched 1 records from getSekolah
[2026-07-15 20:11:24] ERROR - Invalid JSON from Dapodik: Syntax error - snippet: { 'success' : false, 'message': 'Session telah habis. harap melakukan login kembali' }
[2026-07-15 20:11:24] WARNING - Fallback returned invalid JSON for http://localhost:5774/WebService/getSekolah: Syntax error - snippet: HTTP/1.0 403 Forbidden
Cache-Control: no-cache
Date:          Wed, 15 Jul 2026 20:11:24 GMT

{"success":false,"http_code":403,"status_code":"Forbidden","message":"Parameter NPSN harap diisi"}
[2026-07-15 20:11:25] INFO - Fallback to legacy endpoint succeeded: http://localhost:5774/WebService/getSekolah?npsn=20252031
[2026-07-15 20:11:25] INFO - Successfully fetched 1 records from getSekolah
[2026-07-15 20:12:23] ERROR - Invalid JSON from Dapodik: Syntax error - snippet: { 'success' : false, 'message': 'Session telah habis. harap melakukan login kembali' }
[2026-07-15 20:12:23] WARNING - Fallback returned invalid JSON for http://localhost:5774/WebService/getSekolah: Syntax error - snippet: HTTP/1.0 403 Forbidden
Cache-Control: no-cache
Date:          Wed, 15 Jul 2026 20:12:23 GMT

{"success":false,"http_code":403,"status_code":"Forbidden","message":"Parameter NPSN harap diisi"}
[2026-07-15 20:12:24] INFO - Fallback to legacy endpoint succeeded: http://localhost:5774/WebService/getSekolah?npsn=20252031
[2026-07-15 20:12:24] INFO - Successfully fetched 1 records from getSekolah
[2026-07-15 20:12:24] ERROR - Invalid JSON from Dapodik: Syntax error - snippet: { 'success' : false, 'message': 'Session telah habis. harap melakukan login kembali' }
[2026-07-15 20:12:24] WARNING - Fallback returned invalid JSON for http://localhost:5774/WebService/getSekolah: Syntax error - snippet: HTTP/1.0 403 Forbidden
Cache-Control: no-cache
Date:          Wed, 15 Jul 2026 20:12:24 GMT

{"success":false,"http_code":403,"status_code":"Forbidden","message":"Parameter NPSN harap diisi"}
[2026-07-15 20:12:25] INFO - Fallback to legacy endpoint succeeded: http://localhost:5774/WebService/getSekolah?npsn=20252031
[2026-07-15 20:12:25] INFO - Successfully fetched 1 records from getSekolah
[2026-07-15 20:13:23] ERROR - Invalid JSON from Dapodik: Syntax error - snippet: { 'success' : false, 'message': 'Session telah habis. harap melakukan login kembali' }
[2026-07-15 20:13:23] WARNING - Fallback returned invalid JSON for http://localhost:5774/WebService/getSekolah: Syntax error - snippet: HTTP/1.0 403 Forbidden
Cache-Control: no-cache
Date:          Wed, 15 Jul 2026 20:13:23 GMT

{"success":false,"http_code":403,"status_code":"Forbidden","message":"Parameter NPSN harap diisi"}
[2026-07-15 20:13:24] INFO - Fallback to legacy endpoint succeeded: http://localhost:5774/WebService/getSekolah?npsn=20252031
[2026-07-15 20:13:24] INFO - Successfully fetched 1 records from getSekolah
[2026-07-15 20:13:24] ERROR - Invalid JSON from Dapodik: Syntax error - snippet: { 'success' : false, 'message': 'Session telah habis. harap melakukan login kembali' }
[2026-07-15 20:13:24] WARNING - Fallback returned invalid JSON for http://localhost:5774/WebService/getSekolah: Syntax error - snippet: HTTP/1.0 403 Forbidden
Cache-Control: no-cache
Date:          Wed, 15 Jul 2026 20:13:24 GMT

{"success":false,"http_code":403,"status_code":"Forbidden","message":"Parameter NPSN harap diisi"}
[2026-07-15 20:13:25] INFO - Fallback to legacy endpoint succeeded: http://localhost:5774/WebService/getSekolah?npsn=20252031
[2026-07-15 20:13:25] INFO - Successfully fetched 1 records from getSekolah
[2026-07-15 20:14:23] ERROR - Invalid JSON from Dapodik: Syntax error - snippet: { 'success' : false, 'message': 'Session telah habis. harap melakukan login kembali' }
[2026-07-15 20:14:23] WARNING - Fallback returned invalid JSON for http://localhost:5774/WebService/getSekolah: Syntax error - snippet: HTTP/1.0 403 Forbidden
Cache-Control: no-cache
Date:          Wed, 15 Jul 2026 20:14:23 GMT

{"success":false,"http_code":403,"status_code":"Forbidden","message":"Parameter NPSN harap diisi"}
[2026-07-15 20:14:24] INFO - Fallback to legacy endpoint succeeded: http://localhost:5774/WebService/getSekolah?npsn=20252031
[2026-07-15 20:14:24] INFO - Successfully fetched 1 records from getSekolah
[2026-07-15 20:14:24] ERROR - Invalid JSON from Dapodik: Syntax error - snippet: { 'success' : false, 'message': 'Session telah habis. harap melakukan login kembali' }
[2026-07-15 20:14:24] WARNING - Fallback returned invalid JSON for http://localhost:5774/WebService/getSekolah: Syntax error - snippet: HTTP/1.0 403 Forbidden
Cache-Control: no-cache
Date:          Wed, 15 Jul 2026 20:14:24 GMT

{"success":false,"http_code":403,"status_code":"Forbidden","message":"Parameter NPSN harap diisi"}
[2026-07-15 20:14:25] INFO - Fallback to legacy endpoint succeeded: http://localhost:5774/WebService/getSekolah?npsn=20252031
[2026-07-15 20:14:25] INFO - Successfully fetched 1 records from getSekolah
[2026-07-15 20:15:23] ERROR - Invalid JSON from Dapodik: Syntax error - snippet: { 'success' : false, 'message': 'Session telah habis. harap melakukan login kembali' }
[2026-07-15 20:15:23] WARNING - Fallback returned invalid JSON for http://localhost:5774/WebService/getSekolah: Syntax error - snippet: HTTP/1.0 403 Forbidden
Cache-Control: no-cache
Date:          Wed, 15 Jul 2026 20:15:23 GMT

{"success":false,"http_code":403,"status_code":"Forbidden","message":"Parameter NPSN harap diisi"}
[2026-07-15 20:15:24] INFO - Fallback to legacy endpoint succeeded: http://localhost:5774/WebService/getSekolah?npsn=20252031
[2026-07-15 20:15:24] INFO - Successfully fetched 1 records from getSekolah
[2026-07-15 20:15:24] ERROR - Invalid JSON from Dapodik: Syntax error - snippet: { 'success' : false, 'message': 'Session telah habis. harap melakukan login kembali' }
[2026-07-15 20:15:24] WARNING - Fallback returned invalid JSON for http://localhost:5774/WebService/getSekolah: Syntax error - snippet: HTTP/1.0 403 Forbidden
Cache-Control: no-cache
Date:          Wed, 15 Jul 2026 20:15:24 GMT

{"success":false,"http_code":403,"status_code":"Forbidden","message":"Parameter NPSN harap diisi"}
[2026-07-15 20:15:25] INFO - Fallback to legacy endpoint succeeded: http://localhost:5774/WebService/getSekolah?npsn=20252031
[2026-07-15 20:15:25] INFO - Successfully fetched 1 records from getSekolah
[2026-07-15 20:16:23] ERROR - Invalid JSON from Dapodik: Syntax error - snippet: { 'success' : false, 'message': 'Session telah habis. harap melakukan login kembali' }
[2026-07-15 20:16:23] WARNING - Fallback returned invalid JSON for http://localhost:5774/WebService/getSekolah: Syntax error - snippet: HTTP/1.0 403 Forbidden
Cache-Control: no-cache
Date:          Wed, 15 Jul 2026 20:16:23 GMT

{"success":false,"http_code":403,"status_code":"Forbidden","message":"Parameter NPSN harap diisi"}
[2026-07-15 20:16:24] INFO - Fallback to legacy endpoint succeeded: http://localhost:5774/WebService/getSekolah?npsn=20252031
[2026-07-15 20:16:24] INFO - Successfully fetched 1 records from getSekolah
[2026-07-15 20:16:24] ERROR - Invalid JSON from Dapodik: Syntax error - snippet: { 'success' : false, 'message': 'Session telah habis. harap melakukan login kembali' }
[2026-07-15 20:16:24] WARNING - Fallback returned invalid JSON for http://localhost:5774/WebService/getSekolah: Syntax error - snippet: HTTP/1.0 403 Forbidden
Cache-Control: no-cache
Date:          Wed, 15 Jul 2026 20:16:24 GMT

{"success":false,"http_code":403,"status_code":"Forbidden","message":"Parameter NPSN harap diisi"}
[2026-07-15 20:16:25] INFO - Fallback to legacy endpoint succeeded: http://localhost:5774/WebService/getSekolah?npsn=20252031
[2026-07-15 20:16:25] INFO - Successfully fetched 1 records from getSekolah
[2026-07-15 20:17:23] ERROR - Invalid JSON from Dapodik: Syntax error - snippet: { 'success' : false, 'message': 'Session telah habis. harap melakukan login kembali' }
[2026-07-15 20:17:23] WARNING - Fallback returned invalid JSON for http://localhost:5774/WebService/getSekolah: Syntax error - snippet: HTTP/1.0 403 Forbidden
Cache-Control: no-cache
Date:          Wed, 15 Jul 2026 20:17:23 GMT

{"success":false,"http_code":403,"status_code":"Forbidden","message":"Parameter NPSN harap diisi"}
[2026-07-15 20:17:24] INFO - Fallback to legacy endpoint succeeded: http://localhost:5774/WebService/getSekolah?npsn=20252031
[2026-07-15 20:17:24] INFO - Successfully fetched 1 records from getSekolah
[2026-07-15 20:17:24] ERROR - Invalid JSON from Dapodik: Syntax error - snippet: { 'success' : false, 'message': 'Session telah habis. harap melakukan login kembali' }
[2026-07-15 20:17:24] WARNING - Fallback returned invalid JSON for http://localhost:5774/WebService/getSekolah: Syntax error - snippet: HTTP/1.0 403 Forbidden
Cache-Control: no-cache
Date:          Wed, 15 Jul 2026 20:17:24 GMT

{"success":false,"http_code":403,"status_code":"Forbidden","message":"Parameter NPSN harap diisi"}
[2026-07-15 20:17:25] INFO - Fallback to legacy endpoint succeeded: http://localhost:5774/WebService/getSekolah?npsn=20252031
[2026-07-15 20:17:25] INFO - Successfully fetched 1 records from getSekolah
[2026-07-15 20:18:23] ERROR - Invalid JSON from Dapodik: Syntax error - snippet: { 'success' : false, 'message': 'Session telah habis. harap melakukan login kembali' }
[2026-07-15 20:18:23] WARNING - Fallback returned invalid JSON for http://localhost:5774/WebService/getSekolah: Syntax error - snippet: HTTP/1.0 403 Forbidden
Cache-Control: no-cache
Date:          Wed, 15 Jul 2026 20:18:23 GMT

{"success":false,"http_code":403,"status_code":"Forbidden","message":"Parameter NPSN harap diisi"}
[2026-07-15 20:18:24] INFO - Fallback to legacy endpoint succeeded: http://localhost:5774/WebService/getSekolah?npsn=20252031
[2026-07-15 20:18:24] INFO - Successfully fetched 1 records from getSekolah
[2026-07-15 20:18:24] ERROR - Invalid JSON from Dapodik: Syntax error - snippet: { 'success' : false, 'message': 'Session telah habis. harap melakukan login kembali' }
[2026-07-15 20:18:24] WARNING - Fallback returned invalid JSON for http://localhost:5774/WebService/getSekolah: Syntax error - snippet: HTTP/1.0 403 Forbidden
Cache-Control: no-cache
Date:          Wed, 15 Jul 2026 20:18:24 GMT

{"success":false,"http_code":403,"status_code":"Forbidden","message":"Parameter NPSN harap diisi"}
[2026-07-15 20:18:25] INFO - Fallback to legacy endpoint succeeded: http://localhost:5774/WebService/getSekolah?npsn=20252031
[2026-07-15 20:18:25] INFO - Successfully fetched 1 records from getSekolah
[2026-07-15 20:19:23] ERROR - Invalid JSON from Dapodik: Syntax error - snippet: { 'success' : false, 'message': 'Session telah habis. harap melakukan login kembali' }
[2026-07-15 20:19:23] WARNING - Fallback returned invalid JSON for http://localhost:5774/WebService/getSekolah: Syntax error - snippet: HTTP/1.0 403 Forbidden
Cache-Control: no-cache
Date:          Wed, 15 Jul 2026 20:19:23 GMT

{"success":false,"http_code":403,"status_code":"Forbidden","message":"Parameter NPSN harap diisi"}
[2026-07-15 20:19:24] INFO - Fallback to legacy endpoint succeeded: http://localhost:5774/WebService/getSekolah?npsn=20252031
[2026-07-15 20:19:24] INFO - Successfully fetched 1 records from getSekolah
[2026-07-15 20:19:24] ERROR - Invalid JSON from Dapodik: Syntax error - snippet: { 'success' : false, 'message': 'Session telah habis. harap melakukan login kembali' }
[2026-07-15 20:19:24] WARNING - Fallback returned invalid JSON for http://localhost:5774/WebService/getSekolah: Syntax error - snippet: HTTP/1.0 403 Forbidden
Cache-Control: no-cache
Date:          Wed, 15 Jul 2026 20:19:24 GMT

{"success":false,"http_code":403,"status_code":"Forbidden","message":"Parameter NPSN harap diisi"}
[2026-07-15 20:19:25] INFO - Fallback to legacy endpoint succeeded: http://localhost:5774/WebService/getSekolah?npsn=20252031
[2026-07-15 20:19:25] INFO - Successfully fetched 1 records from getSekolah
[2026-07-15 20:20:23] ERROR - Invalid JSON from Dapodik: Syntax error - snippet: { 'success' : false, 'message': 'Session telah habis. harap melakukan login kembali' }
[2026-07-15 20:20:23] WARNING - Fallback returned invalid JSON for http://localhost:5774/WebService/getSekolah: Syntax error - snippet: HTTP/1.0 403 Forbidden
Cache-Control: no-cache
Date:          Wed, 15 Jul 2026 20:20:23 GMT

{"success":false,"http_code":403,"status_code":"Forbidden","message":"Parameter NPSN harap diisi"}
[2026-07-15 20:20:24] INFO - Fallback to legacy endpoint succeeded: http://localhost:5774/WebService/getSekolah?npsn=20252031
[2026-07-15 20:20:24] INFO - Successfully fetched 1 records from getSekolah
[2026-07-15 20:20:24] ERROR - Invalid JSON from Dapodik: Syntax error - snippet: { 'success' : false, 'message': 'Session telah habis. harap melakukan login kembali' }
[2026-07-15 20:20:24] WARNING - Fallback returned invalid JSON for http://localhost:5774/WebService/getSekolah: Syntax error - snippet: HTTP/1.0 403 Forbidden
Cache-Control: no-cache
Date:          Wed, 15 Jul 2026 20:20:24 GMT

{"success":false,"http_code":403,"status_code":"Forbidden","message":"Parameter NPSN harap diisi"}
[2026-07-15 20:20:25] INFO - Fallback to legacy endpoint succeeded: http://localhost:5774/WebService/getSekolah?npsn=20252031
[2026-07-15 20:20:25] INFO - Successfully fetched 1 records from getSekolah
[2026-07-15 20:21:23] ERROR - Invalid JSON from Dapodik: Syntax error - snippet: { 'success' : false, 'message': 'Session telah habis. harap melakukan login kembali' }
[2026-07-15 20:21:23] WARNING - Fallback returned invalid JSON for http://localhost:5774/WebService/getSekolah: Syntax error - snippet: HTTP/1.0 403 Forbidden
Cache-Control: no-cache
Date:          Wed, 15 Jul 2026 20:21:23 GMT

{"success":false,"http_code":403,"status_code":"Forbidden","message":"Parameter NPSN harap diisi"}
[2026-07-15 20:21:24] INFO - Fallback to legacy endpoint succeeded: http://localhost:5774/WebService/getSekolah?npsn=20252031
[2026-07-15 20:21:24] INFO - Successfully fetched 1 records from getSekolah
[2026-07-15 20:21:24] ERROR - Invalid JSON from Dapodik: Syntax error - snippet: { 'success' : false, 'message': 'Session telah habis. harap melakukan login kembali' }
[2026-07-15 20:21:24] WARNING - Fallback returned invalid JSON for http://localhost:5774/WebService/getSekolah: Syntax error - snippet: HTTP/1.0 403 Forbidden
Cache-Control: no-cache
Date:          Wed, 15 Jul 2026 20:21:24 GMT

{"success":false,"http_code":403,"status_code":"Forbidden","message":"Parameter NPSN harap diisi"}
[2026-07-15 20:21:25] INFO - Fallback to legacy endpoint succeeded: http://localhost:5774/WebService/getSekolah?npsn=20252031
[2026-07-15 20:21:25] INFO - Successfully fetched 1 records from getSekolah
[2026-07-15 20:22:23] ERROR - Invalid JSON from Dapodik: Syntax error - snippet: { 'success' : false, 'message': 'Session telah habis. harap melakukan login kembali' }
[2026-07-15 20:22:23] WARNING - Fallback returned invalid JSON for http://localhost:5774/WebService/getSekolah: Syntax error - snippet: HTTP/1.0 403 Forbidden
Cache-Control: no-cache
Date:          Wed, 15 Jul 2026 20:22:23 GMT

{"success":false,"http_code":403,"status_code":"Forbidden","message":"Parameter NPSN harap diisi"}
[2026-07-15 20:22:24] INFO - Fallback to legacy endpoint succeeded: http://localhost:5774/WebService/getSekolah?npsn=20252031
[2026-07-15 20:22:24] INFO - Successfully fetched 1 records from getSekolah
[2026-07-15 20:22:24] ERROR - Invalid JSON from Dapodik: Syntax error - snippet: { 'success' : false, 'message': 'Session telah habis. harap melakukan login kembali' }
[2026-07-15 20:22:24] WARNING - Fallback returned invalid JSON for http://localhost:5774/WebService/getSekolah: Syntax error - snippet: HTTP/1.0 403 Forbidden
Cache-Control: no-cache
Date:          Wed, 15 Jul 2026 20:22:24 GMT

{"success":false,"http_code":403,"status_code":"Forbidden","message":"Parameter NPSN harap diisi"}
[2026-07-15 20:22:25] INFO - Fallback to legacy endpoint succeeded: http://localhost:5774/WebService/getSekolah?npsn=20252031
[2026-07-15 20:22:25] INFO - Successfully fetched 1 records from getSekolah
[2026-07-15 20:23:23] ERROR - Invalid JSON from Dapodik: Syntax error - snippet: { 'success' : false, 'message': 'Session telah habis. harap melakukan login kembali' }
[2026-07-15 20:23:23] WARNING - Fallback returned invalid JSON for http://localhost:5774/WebService/getSekolah: Syntax error - snippet: HTTP/1.0 403 Forbidden
Cache-Control: no-cache
Date:          Wed, 15 Jul 2026 20:23:23 GMT

{"success":false,"http_code":403,"status_code":"Forbidden","message":"Parameter NPSN harap diisi"}
[2026-07-15 20:23:24] INFO - Fallback to legacy endpoint succeeded: http://localhost:5774/WebService/getSekolah?npsn=20252031
[2026-07-15 20:23:24] INFO - Successfully fetched 1 records from getSekolah
[2026-07-15 20:23:24] ERROR - Invalid JSON from Dapodik: Syntax error - snippet: { 'success' : false, 'message': 'Session telah habis. harap melakukan login kembali' }
[2026-07-15 20:23:24] WARNING - Fallback returned invalid JSON for http://localhost:5774/WebService/getSekolah: Syntax error - snippet: HTTP/1.0 403 Forbidden
Cache-Control: no-cache
Date:          Wed, 15 Jul 2026 20:23:24 GMT

{"success":false,"http_code":403,"status_code":"Forbidden","message":"Parameter NPSN harap diisi"}
[2026-07-15 20:23:25] INFO - Fallback to legacy endpoint succeeded: http://localhost:5774/WebService/getSekolah?npsn=20252031
[2026-07-15 20:23:25] INFO - Successfully fetched 1 records from getSekolah
[2026-07-15 20:24:23] ERROR - Invalid JSON from Dapodik: Syntax error - snippet: { 'success' : false, 'message': 'Session telah habis. harap melakukan login kembali' }
[2026-07-15 20:24:23] WARNING - Fallback returned invalid JSON for http://localhost:5774/WebService/getSekolah: Syntax error - snippet: HTTP/1.0 403 Forbidden
Cache-Control: no-cache
Date:          Wed, 15 Jul 2026 20:24:23 GMT

{"success":false,"http_code":403,"status_code":"Forbidden","message":"Parameter NPSN harap diisi"}
[2026-07-15 20:24:24] INFO - Fallback to legacy endpoint succeeded: http://localhost:5774/WebService/getSekolah?npsn=20252031
[2026-07-15 20:24:24] INFO - Successfully fetched 1 records from getSekolah
[2026-07-15 20:24:24] ERROR - Invalid JSON from Dapodik: Syntax error - snippet: { 'success' : false, 'message': 'Session telah habis. harap melakukan login kembali' }
[2026-07-15 20:24:24] WARNING - Fallback returned invalid JSON for http://localhost:5774/WebService/getSekolah: Syntax error - snippet: HTTP/1.0 403 Forbidden
Cache-Control: no-cache
Date:          Wed, 15 Jul 2026 20:24:24 GMT

{"success":false,"http_code":403,"status_code":"Forbidden","message":"Parameter NPSN harap diisi"}
[2026-07-15 20:24:25] INFO - Fallback to legacy endpoint succeeded: http://localhost:5774/WebService/getSekolah?npsn=20252031
[2026-07-15 20:24:25] INFO - Successfully fetched 1 records from getSekolah
[2026-07-15 20:25:23] ERROR - Invalid JSON from Dapodik: Syntax error - snippet: { 'success' : false, 'message': 'Session telah habis. harap melakukan login kembali' }
[2026-07-15 20:25:23] WARNING - Fallback returned invalid JSON for http://localhost:5774/WebService/getSekolah: Syntax error - snippet: HTTP/1.0 403 Forbidden
Cache-Control: no-cache
Date:          Wed, 15 Jul 2026 20:25:23 GMT

{"success":false,"http_code":403,"status_code":"Forbidden","message":"Parameter NPSN harap diisi"}
[2026-07-15 20:25:24] INFO - Fallback to legacy endpoint succeeded: http://localhost:5774/WebService/getSekolah?npsn=20252031
[2026-07-15 20:25:24] INFO - Successfully fetched 1 records from getSekolah
[2026-07-15 20:25:24] ERROR - Invalid JSON from Dapodik: Syntax error - snippet: { 'success' : false, 'message': 'Session telah habis. harap melakukan login kembali' }
[2026-07-15 20:25:24] WARNING - Fallback returned invalid JSON for http://localhost:5774/WebService/getSekolah: Syntax error - snippet: HTTP/1.0 403 Forbidden
Cache-Control: no-cache
Date:          Wed, 15 Jul 2026 20:25:24 GMT

{"success":false,"http_code":403,"status_code":"Forbidden","message":"Parameter NPSN harap diisi"}
[2026-07-15 20:25:25] INFO - Fallback to legacy endpoint succeeded: http://localhost:5774/WebService/getSekolah?npsn=20252031
[2026-07-15 20:25:25] INFO - Successfully fetched 1 records from getSekolah
[2026-07-15 20:26:23] ERROR - Invalid JSON from Dapodik: Syntax error - snippet: { 'success' : false, 'message': 'Session telah habis. harap melakukan login kembali' }
[2026-07-15 20:26:23] WARNING - Fallback returned invalid JSON for http://localhost:5774/WebService/getSekolah: Syntax error - snippet: HTTP/1.0 403 Forbidden
Cache-Control: no-cache
Date:          Wed, 15 Jul 2026 20:26:23 GMT

{"success":false,"http_code":403,"status_code":"Forbidden","message":"Parameter NPSN harap diisi"}
[2026-07-15 20:26:24] INFO - Fallback to legacy endpoint succeeded: http://localhost:5774/WebService/getSekolah?npsn=20252031
[2026-07-15 20:26:24] INFO - Successfully fetched 1 records from getSekolah
[2026-07-15 20:26:24] ERROR - Invalid JSON from Dapodik: Syntax error - snippet: { 'success' : false, 'message': 'Session telah habis. harap melakukan login kembali' }
[2026-07-15 20:26:24] WARNING - Fallback returned invalid JSON for http://localhost:5774/WebService/getSekolah: Syntax error - snippet: HTTP/1.0 403 Forbidden
Cache-Control: no-cache
Date:          Wed, 15 Jul 2026 20:26:24 GMT

{"success":false,"http_code":403,"status_code":"Forbidden","message":"Parameter NPSN harap diisi"}
[2026-07-15 20:26:25] INFO - Fallback to legacy endpoint succeeded: http://localhost:5774/WebService/getSekolah?npsn=20252031
[2026-07-15 20:26:25] INFO - Successfully fetched 1 records from getSekolah
[2026-07-15 20:27:23] ERROR - Invalid JSON from Dapodik: Syntax error - snippet: { 'success' : false, 'message': 'Session telah habis. harap melakukan login kembali' }
[2026-07-15 20:27:23] WARNING - Fallback returned invalid JSON for http://localhost:5774/WebService/getSekolah: Syntax error - snippet: HTTP/1.0 403 Forbidden
Cache-Control: no-cache
Date:          Wed, 15 Jul 2026 20:27:23 GMT

{"success":false,"http_code":403,"status_code":"Forbidden","message":"Parameter NPSN harap diisi"}
[2026-07-15 20:27:24] INFO - Fallback to legacy endpoint succeeded: http://localhost:5774/WebService/getSekolah?npsn=20252031
[2026-07-15 20:27:24] INFO - Successfully fetched 1 records from getSekolah
[2026-07-15 20:27:24] ERROR - Invalid JSON from Dapodik: Syntax error - snippet: { 'success' : false, 'message': 'Session telah habis. harap melakukan login kembali' }
[2026-07-15 20:27:24] WARNING - Fallback returned invalid JSON for http://localhost:5774/WebService/getSekolah: Syntax error - snippet: HTTP/1.0 403 Forbidden
Cache-Control: no-cache
Date:          Wed, 15 Jul 2026 20:27:24 GMT

{"success":false,"http_code":403,"status_code":"Forbidden","message":"Parameter NPSN harap diisi"}
[2026-07-15 20:27:25] INFO - Fallback to legacy endpoint succeeded: http://localhost:5774/WebService/getSekolah?npsn=20252031
[2026-07-15 20:27:25] INFO - Successfully fetched 1 records from getSekolah
[2026-07-15 20:28:23] ERROR - Invalid JSON from Dapodik: Syntax error - snippet: { 'success' : false, 'message': 'Session telah habis. harap melakukan login kembali' }
[2026-07-15 20:28:23] WARNING - Fallback returned invalid JSON for http://localhost:5774/WebService/getSekolah: Syntax error - snippet: HTTP/1.0 403 Forbidden
Cache-Control: no-cache
Date:          Wed, 15 Jul 2026 20:28:23 GMT

{"success":false,"http_code":403,"status_code":"Forbidden","message":"Parameter NPSN harap diisi"}
[2026-07-15 20:28:24] INFO - Fallback to legacy endpoint succeeded: http://localhost:5774/WebService/getSekolah?npsn=20252031
[2026-07-15 20:28:24] INFO - Successfully fetched 1 records from getSekolah
[2026-07-15 20:28:24] ERROR - Invalid JSON from Dapodik: Syntax error - snippet: { 'success' : false, 'message': 'Session telah habis. harap melakukan login kembali' }
[2026-07-15 20:28:24] WARNING - Fallback returned invalid JSON for http://localhost:5774/WebService/getSekolah: Syntax error - snippet: HTTP/1.0 403 Forbidden
Cache-Control: no-cache
Date:          Wed, 15 Jul 2026 20:28:24 GMT

{"success":false,"http_code":403,"status_code":"Forbidden","message":"Parameter NPSN harap diisi"}
[2026-07-15 20:28:25] INFO - Fallback to legacy endpoint succeeded: http://localhost:5774/WebService/getSekolah?npsn=20252031
[2026-07-15 20:28:25] INFO - Successfully fetched 1 records from getSekolah
[2026-07-15 20:29:23] ERROR - Invalid JSON from Dapodik: Syntax error - snippet: { 'success' : false, 'message': 'Session telah habis. harap melakukan login kembali' }
[2026-07-15 20:29:23] WARNING - Fallback returned invalid JSON for http://localhost:5774/WebService/getSekolah: Syntax error - snippet: HTTP/1.0 403 Forbidden
Cache-Control: no-cache
Date:          Wed, 15 Jul 2026 20:29:23 GMT

{"success":false,"http_code":403,"status_code":"Forbidden","message":"Parameter NPSN harap diisi"}
[2026-07-15 20:29:24] INFO - Fallback to legacy endpoint succeeded: http://localhost:5774/WebService/getSekolah?npsn=20252031
[2026-07-15 20:29:24] INFO - Successfully fetched 1 records from getSekolah
[2026-07-15 20:29:24] ERROR - Invalid JSON from Dapodik: Syntax error - snippet: { 'success' : false, 'message': 'Session telah habis. harap melakukan login kembali' }
[2026-07-15 20:29:24] WARNING - Fallback returned invalid JSON for http://localhost:5774/WebService/getSekolah: Syntax error - snippet: HTTP/1.0 403 Forbidden
Cache-Control: no-cache
Date:          Wed, 15 Jul 2026 20:29:24 GMT

{"success":false,"http_code":403,"status_code":"Forbidden","message":"Parameter NPSN harap diisi"}
[2026-07-15 20:29:25] INFO - Fallback to legacy endpoint succeeded: http://localhost:5774/WebService/getSekolah?npsn=20252031
[2026-07-15 20:29:25] INFO - Successfully fetched 1 records from getSekolah
[2026-07-15 20:30:23] ERROR - Invalid JSON from Dapodik: Syntax error - snippet: { 'success' : false, 'message': 'Session telah habis. harap melakukan login kembali' }
[2026-07-15 20:30:23] WARNING - Fallback returned invalid JSON for http://localhost:5774/WebService/getSekolah: Syntax error - snippet: HTTP/1.0 403 Forbidden
Cache-Control: no-cache
Date:          Wed, 15 Jul 2026 20:30:23 GMT

{"success":false,"http_code":403,"status_code":"Forbidden","message":"Parameter NPSN harap diisi"}
[2026-07-15 20:30:24] INFO - Fallback to legacy endpoint succeeded: http://localhost:5774/WebService/getSekolah?npsn=20252031
[2026-07-15 20:30:24] INFO - Successfully fetched 1 records from getSekolah
[2026-07-15 20:30:24] ERROR - Invalid JSON from Dapodik: Syntax error - snippet: { 'success' : false, 'message': 'Session telah habis. harap melakukan login kembali' }
[2026-07-15 20:30:24] WARNING - Fallback returned invalid JSON for http://localhost:5774/WebService/getSekolah: Syntax error - snippet: HTTP/1.0 403 Forbidden
Cache-Control: no-cache
Date:          Wed, 15 Jul 2026 20:30:24 GMT

{"success":false,"http_code":403,"status_code":"Forbidden","message":"Parameter NPSN harap diisi"}
[2026-07-15 20:30:25] INFO - Fallback to legacy endpoint succeeded: http://localhost:5774/WebService/getSekolah?npsn=20252031
[2026-07-15 20:30:25] INFO - Successfully fetched 1 records from getSekolah
[2026-07-15 20:31:23] ERROR - Invalid JSON from Dapodik: Syntax error - snippet: { 'success' : false, 'message': 'Session telah habis. harap melakukan login kembali' }
[2026-07-15 20:31:23] WARNING - Fallback returned invalid JSON for http://localhost:5774/WebService/getSekolah: Syntax error - snippet: HTTP/1.0 403 Forbidden
Cache-Control: no-cache
Date:          Wed, 15 Jul 2026 20:31:23 GMT

{"success":false,"http_code":403,"status_code":"Forbidden","message":"Parameter NPSN harap diisi"}
[2026-07-15 20:31:24] INFO - Fallback to legacy endpoint succeeded: http://localhost:5774/WebService/getSekolah?npsn=20252031
[2026-07-15 20:31:24] INFO - Successfully fetched 1 records from getSekolah
[2026-07-15 20:31:24] ERROR - Invalid JSON from Dapodik: Syntax error - snippet: { 'success' : false, 'message': 'Session telah habis. harap melakukan login kembali' }
[2026-07-15 20:31:24] WARNING - Fallback returned invalid JSON for http://localhost:5774/WebService/getSekolah: Syntax error - snippet: HTTP/1.0 403 Forbidden
Cache-Control: no-cache
Date:          Wed, 15 Jul 2026 20:31:24 GMT

{"success":false,"http_code":403,"status_code":"Forbidden","message":"Parameter NPSN harap diisi"}
[2026-07-15 20:31:25] INFO - Fallback to legacy endpoint succeeded: http://localhost:5774/WebService/getSekolah?npsn=20252031
[2026-07-15 20:31:25] INFO - Successfully fetched 1 records from getSekolah
[2026-07-15 20:32:23] ERROR - Invalid JSON from Dapodik: Syntax error - snippet: { 'success' : false, 'message': 'Session telah habis. harap melakukan login kembali' }
[2026-07-15 20:32:23] WARNING - Fallback returned invalid JSON for http://localhost:5774/WebService/getSekolah: Syntax error - snippet: HTTP/1.0 403 Forbidden
Cache-Control: no-cache
Date:          Wed, 15 Jul 2026 20:32:23 GMT

{"success":false,"http_code":403,"status_code":"Forbidden","message":"Parameter NPSN harap diisi"}
[2026-07-15 20:32:24] INFO - Fallback to legacy endpoint succeeded: http://localhost:5774/WebService/getSekolah?npsn=20252031
[2026-07-15 20:32:24] INFO - Successfully fetched 1 records from getSekolah
[2026-07-15 20:32:24] ERROR - Invalid JSON from Dapodik: Syntax error - snippet: { 'success' : false, 'message': 'Session telah habis. harap melakukan login kembali' }
[2026-07-15 20:32:24] WARNING - Fallback returned invalid JSON for http://localhost:5774/WebService/getSekolah: Syntax error - snippet: HTTP/1.0 403 Forbidden
Cache-Control: no-cache
Date:          Wed, 15 Jul 2026 20:32:24 GMT

{"success":false,"http_code":403,"status_code":"Forbidden","message":"Parameter NPSN harap diisi"}
[2026-07-15 20:32:25] INFO - Fallback to legacy endpoint succeeded: http://localhost:5774/WebService/getSekolah?npsn=20252031
[2026-07-15 20:32:25] INFO - Successfully fetched 1 records from getSekolah
[2026-07-15 20:33:23] ERROR - Invalid JSON from Dapodik: Syntax error - snippet: { 'success' : false, 'message': 'Session telah habis. harap melakukan login kembali' }
[2026-07-15 20:33:23] WARNING - Fallback returned invalid JSON for http://localhost:5774/WebService/getSekolah: Syntax error - snippet: HTTP/1.0 403 Forbidden
Cache-Control: no-cache
Date:          Wed, 15 Jul 2026 20:33:23 GMT

{"success":false,"http_code":403,"status_code":"Forbidden","message":"Parameter NPSN harap diisi"}
[2026-07-15 20:33:24] INFO - Fallback to legacy endpoint succeeded: http://localhost:5774/WebService/getSekolah?npsn=20252031
[2026-07-15 20:33:24] INFO - Successfully fetched 1 records from getSekolah
[2026-07-15 20:33:24] ERROR - Invalid JSON from Dapodik: Syntax error - snippet: { 'success' : false, 'message': 'Session telah habis. harap melakukan login kembali' }
[2026-07-15 20:33:24] WARNING - Fallback returned invalid JSON for http://localhost:5774/WebService/getSekolah: Syntax error - snippet: HTTP/1.0 403 Forbidden
Cache-Control: no-cache
Date:          Wed, 15 Jul 2026 20:33:24 GMT

{"success":false,"http_code":403,"status_code":"Forbidden","message":"Parameter NPSN harap diisi"}
[2026-07-15 20:33:25] INFO - Fallback to legacy endpoint succeeded: http://localhost:5774/WebService/getSekolah?npsn=20252031
[2026-07-15 20:33:25] INFO - Successfully fetched 1 records from getSekolah
[2026-07-15 20:34:23] ERROR - Invalid JSON from Dapodik: Syntax error - snippet: { 'success' : false, 'message': 'Session telah habis. harap melakukan login kembali' }
[2026-07-15 20:34:23] WARNING - Fallback returned invalid JSON for http://localhost:5774/WebService/getSekolah: Syntax error - snippet: HTTP/1.0 403 Forbidden
Cache-Control: no-cache
Date:          Wed, 15 Jul 2026 20:34:23 GMT

{"success":false,"http_code":403,"status_code":"Forbidden","message":"Parameter NPSN harap diisi"}
[2026-07-15 20:34:24] INFO - Fallback to legacy endpoint succeeded: http://localhost:5774/WebService/getSekolah?npsn=20252031
[2026-07-15 20:34:24] INFO - Successfully fetched 1 records from getSekolah
[2026-07-15 20:34:24] ERROR - Invalid JSON from Dapodik: Syntax error - snippet: { 'success' : false, 'message': 'Session telah habis. harap melakukan login kembali' }
[2026-07-15 20:34:24] WARNING - Fallback returned invalid JSON for http://localhost:5774/WebService/getSekolah: Syntax error - snippet: HTTP/1.0 403 Forbidden
Cache-Control: no-cache
Date:          Wed, 15 Jul 2026 20:34:24 GMT

{"success":false,"http_code":403,"status_code":"Forbidden","message":"Parameter NPSN harap diisi"}
[2026-07-15 20:34:25] INFO - Fallback to legacy endpoint succeeded: http://localhost:5774/WebService/getSekolah?npsn=20252031
[2026-07-15 20:34:25] INFO - Successfully fetched 1 records from getSekolah
[2026-07-15 20:35:23] ERROR - Invalid JSON from Dapodik: Syntax error - snippet: { 'success' : false, 'message': 'Session telah habis. harap melakukan login kembali' }
[2026-07-15 20:35:23] WARNING - Fallback returned invalid JSON for http://localhost:5774/WebService/getSekolah: Syntax error - snippet: HTTP/1.0 403 Forbidden
Cache-Control: no-cache
Date:          Wed, 15 Jul 2026 20:35:23 GMT

{"success":false,"http_code":403,"status_code":"Forbidden","message":"Parameter NPSN harap diisi"}
[2026-07-15 20:35:24] INFO - Fallback to legacy endpoint succeeded: http://localhost:5774/WebService/getSekolah?npsn=20252031
[2026-07-15 20:35:24] INFO - Successfully fetched 1 records from getSekolah
[2026-07-15 20:35:24] ERROR - Invalid JSON from Dapodik: Syntax error - snippet: { 'success' : false, 'message': 'Session telah habis. harap melakukan login kembali' }
[2026-07-15 20:35:24] WARNING - Fallback returned invalid JSON for http://localhost:5774/WebService/getSekolah: Syntax error - snippet: HTTP/1.0 403 Forbidden
Cache-Control: no-cache
Date:          Wed, 15 Jul 2026 20:35:24 GMT

{"success":false,"http_code":403,"status_code":"Forbidden","message":"Parameter NPSN harap diisi"}
[2026-07-15 20:35:25] INFO - Fallback to legacy endpoint succeeded: http://localhost:5774/WebService/getSekolah?npsn=20252031
[2026-07-15 20:35:25] INFO - Successfully fetched 1 records from getSekolah
[2026-07-15 20:36:23] ERROR - Invalid JSON from Dapodik: Syntax error - snippet: { 'success' : false, 'message': 'Session telah habis. harap melakukan login kembali' }
[2026-07-15 20:36:23] WARNING - Fallback returned invalid JSON for http://localhost:5774/WebService/getSekolah: Syntax error - snippet: HTTP/1.0 403 Forbidden
Cache-Control: no-cache
Date:          Wed, 15 Jul 2026 20:36:23 GMT

{"success":false,"http_code":403,"status_code":"Forbidden","message":"Parameter NPSN harap diisi"}
[2026-07-15 20:36:24] INFO - Fallback to legacy endpoint succeeded: http://localhost:5774/WebService/getSekolah?npsn=20252031
[2026-07-15 20:36:24] INFO - Successfully fetched 1 records from getSekolah
[2026-07-15 20:36:24] ERROR - Invalid JSON from Dapodik: Syntax error - snippet: { 'success' : false, 'message': 'Session telah habis. harap melakukan login kembali' }
[2026-07-15 20:36:24] WARNING - Fallback returned invalid JSON for http://localhost:5774/WebService/getSekolah: Syntax error - snippet: HTTP/1.0 403 Forbidden
Cache-Control: no-cache
Date:          Wed, 15 Jul 2026 20:36:24 GMT

{"success":false,"http_code":403,"status_code":"Forbidden","message":"Parameter NPSN harap diisi"}
[2026-07-15 20:36:25] INFO - Fallback to legacy endpoint succeeded: http://localhost:5774/WebService/getSekolah?npsn=20252031
[2026-07-15 20:36:25] INFO - Successfully fetched 1 records from getSekolah
[2026-07-15 20:37:23] ERROR - Invalid JSON from Dapodik: Syntax error - snippet: { 'success' : false, 'message': 'Session telah habis. harap melakukan login kembali' }
[2026-07-15 20:37:23] WARNING - Fallback returned invalid JSON for http://localhost:5774/WebService/getSekolah: Syntax error - snippet: HTTP/1.0 403 Forbidden
Cache-Control: no-cache
Date:          Wed, 15 Jul 2026 20:37:23 GMT

{"success":false,"http_code":403,"status_code":"Forbidden","message":"Parameter NPSN harap diisi"}
[2026-07-15 20:37:24] INFO - Fallback to legacy endpoint succeeded: http://localhost:5774/WebService/getSekolah?npsn=20252031
[2026-07-15 20:37:24] INFO - Successfully fetched 1 records from getSekolah
[2026-07-15 20:37:24] ERROR - Invalid JSON from Dapodik: Syntax error - snippet: { 'success' : false, 'message': 'Session telah habis. harap melakukan login kembali' }
[2026-07-15 20:37:24] WARNING - Fallback returned invalid JSON for http://localhost:5774/WebService/getSekolah: Syntax error - snippet: HTTP/1.0 403 Forbidden
Cache-Control: no-cache
Date:          Wed, 15 Jul 2026 20:37:24 GMT

{"success":false,"http_code":403,"status_code":"Forbidden","message":"Parameter NPSN harap diisi"}
[2026-07-15 20:37:25] INFO - Fallback to legacy endpoint succeeded: http://localhost:5774/WebService/getSekolah?npsn=20252031
[2026-07-15 20:37:25] INFO - Successfully fetched 1 records from getSekolah
[2026-07-15 20:38:23] ERROR - Invalid JSON from Dapodik: Syntax error - snippet: { 'success' : false, 'message': 'Session telah habis. harap melakukan login kembali' }
[2026-07-15 20:38:23] WARNING - Fallback returned invalid JSON for http://localhost:5774/WebService/getSekolah: Syntax error - snippet: HTTP/1.0 403 Forbidden
Cache-Control: no-cache
Date:          Wed, 15 Jul 2026 20:38:23 GMT

{"success":false,"http_code":403,"status_code":"Forbidden","message":"Parameter NPSN harap diisi"}
[2026-07-15 20:38:24] INFO - Fallback to legacy endpoint succeeded: http://localhost:5774/WebService/getSekolah?npsn=20252031
[2026-07-15 20:38:24] INFO - Successfully fetched 1 records from getSekolah
[2026-07-15 20:38:24] ERROR - Invalid JSON from Dapodik: Syntax error - snippet: { 'success' : false, 'message': 'Session telah habis. harap melakukan login kembali' }
[2026-07-15 20:38:24] WARNING - Fallback returned invalid JSON for http://localhost:5774/WebService/getSekolah: Syntax error - snippet: HTTP/1.0 403 Forbidden
Cache-Control: no-cache
Date:          Wed, 15 Jul 2026 20:38:24 GMT

{"success":false,"http_code":403,"status_code":"Forbidden","message":"Parameter NPSN harap diisi"}
[2026-07-15 20:38:25] INFO - Fallback to legacy endpoint succeeded: http://localhost:5774/WebService/getSekolah?npsn=20252031
[2026-07-15 20:38:25] INFO - Successfully fetched 1 records from getSekolah
[2026-07-15 20:39:23] ERROR - Invalid JSON from Dapodik: Syntax error - snippet: { 'success' : false, 'message': 'Session telah habis. harap melakukan login kembali' }
[2026-07-15 20:39:23] WARNING - Fallback returned invalid JSON for http://localhost:5774/WebService/getSekolah: Syntax error - snippet: HTTP/1.0 403 Forbidden
Cache-Control: no-cache
Date:          Wed, 15 Jul 2026 20:39:23 GMT

{"success":false,"http_code":403,"status_code":"Forbidden","message":"Parameter NPSN harap diisi"}
[2026-07-15 20:39:24] INFO - Fallback to legacy endpoint succeeded: http://localhost:5774/WebService/getSekolah?npsn=20252031
[2026-07-15 20:39:24] INFO - Successfully fetched 1 records from getSekolah
[2026-07-15 20:39:24] ERROR - Invalid JSON from Dapodik: Syntax error - snippet: { 'success' : false, 'message': 'Session telah habis. harap melakukan login kembali' }
[2026-07-15 20:39:24] WARNING - Fallback returned invalid JSON for http://localhost:5774/WebService/getSekolah: Syntax error - snippet: HTTP/1.0 403 Forbidden
Cache-Control: no-cache
Date:          Wed, 15 Jul 2026 20:39:24 GMT

{"success":false,"http_code":403,"status_code":"Forbidden","message":"Parameter NPSN harap diisi"}
[2026-07-15 20:39:25] INFO - Fallback to legacy endpoint succeeded: http://localhost:5774/WebService/getSekolah?npsn=20252031
[2026-07-15 20:39:25] INFO - Successfully fetched 1 records from getSekolah
[2026-07-15 20:40:23] ERROR - Invalid JSON from Dapodik: Syntax error - snippet: { 'success' : false, 'message': 'Session telah habis. harap melakukan login kembali' }
[2026-07-15 20:40:23] WARNING - Fallback returned invalid JSON for http://localhost:5774/WebService/getSekolah: Syntax error - snippet: HTTP/1.0 403 Forbidden
Cache-Control: no-cache
Date:          Wed, 15 Jul 2026 20:40:23 GMT

{"success":false,"http_code":403,"status_code":"Forbidden","message":"Parameter NPSN harap diisi"}
[2026-07-15 20:40:24] INFO - Fallback to legacy endpoint succeeded: http://localhost:5774/WebService/getSekolah?npsn=20252031
[2026-07-15 20:40:24] INFO - Successfully fetched 1 records from getSekolah
[2026-07-15 20:40:24] ERROR - Invalid JSON from Dapodik: Syntax error - snippet: { 'success' : false, 'message': 'Session telah habis. harap melakukan login kembali' }
[2026-07-15 20:40:24] WARNING - Fallback returned invalid JSON for http://localhost:5774/WebService/getSekolah: Syntax error - snippet: HTTP/1.0 403 Forbidden
Cache-Control: no-cache
Date:          Wed, 15 Jul 2026 20:40:24 GMT

{"success":false,"http_code":403,"status_code":"Forbidden","message":"Parameter NPSN harap diisi"}
[2026-07-15 20:40:25] INFO - Fallback to legacy endpoint succeeded: http://localhost:5774/WebService/getSekolah?npsn=20252031
[2026-07-15 20:40:25] INFO - Successfully fetched 1 records from getSekolah
[2026-07-15 20:41:23] ERROR - Invalid JSON from Dapodik: Syntax error - snippet: { 'success' : false, 'message': 'Session telah habis. harap melakukan login kembali' }
[2026-07-15 20:41:23] WARNING - Fallback returned invalid JSON for http://localhost:5774/WebService/getSekolah: Syntax error - snippet: HTTP/1.0 403 Forbidden
Cache-Control: no-cache
Date:          Wed, 15 Jul 2026 20:41:23 GMT

{"success":false,"http_code":403,"status_code":"Forbidden","message":"Parameter NPSN harap diisi"}
[2026-07-15 20:41:24] INFO - Fallback to legacy endpoint succeeded: http://localhost:5774/WebService/getSekolah?npsn=20252031
[2026-07-15 20:41:24] INFO - Successfully fetched 1 records from getSekolah
[2026-07-15 20:41:24] ERROR - Invalid JSON from Dapodik: Syntax error - snippet: { 'success' : false, 'message': 'Session telah habis. harap melakukan login kembali' }
[2026-07-15 20:41:24] WARNING - Fallback returned invalid JSON for http://localhost:5774/WebService/getSekolah: Syntax error - snippet: HTTP/1.0 403 Forbidden
Cache-Control: no-cache
Date:          Wed, 15 Jul 2026 20:41:24 GMT

{"success":false,"http_code":403,"status_code":"Forbidden","message":"Parameter NPSN harap diisi"}
[2026-07-15 20:41:25] INFO - Fallback to legacy endpoint succeeded: http://localhost:5774/WebService/getSekolah?npsn=20252031
[2026-07-15 20:41:25] INFO - Successfully fetched 1 records from getSekolah
[2026-07-15 20:42:23] ERROR - Invalid JSON from Dapodik: Syntax error - snippet: { 'success' : false, 'message': 'Session telah habis. harap melakukan login kembali' }
[2026-07-15 20:42:23] WARNING - Fallback returned invalid JSON for http://localhost:5774/WebService/getSekolah: Syntax error - snippet: HTTP/1.0 403 Forbidden
Cache-Control: no-cache
Date:          Wed, 15 Jul 2026 20:42:23 GMT

{"success":false,"http_code":403,"status_code":"Forbidden","message":"Parameter NPSN harap diisi"}
[2026-07-15 20:42:24] INFO - Fallback to legacy endpoint succeeded: http://localhost:5774/WebService/getSekolah?npsn=20252031
[2026-07-15 20:42:24] INFO - Successfully fetched 1 records from getSekolah
[2026-07-15 20:42:24] ERROR - Invalid JSON from Dapodik: Syntax error - snippet: { 'success' : false, 'message': 'Session telah habis. harap melakukan login kembali' }
[2026-07-15 20:42:24] WARNING - Fallback returned invalid JSON for http://localhost:5774/WebService/getSekolah: Syntax error - snippet: HTTP/1.0 403 Forbidden
Cache-Control: no-cache
Date:          Wed, 15 Jul 2026 20:42:24 GMT

{"success":false,"http_code":403,"status_code":"Forbidden","message":"Parameter NPSN harap diisi"}
[2026-07-15 20:42:25] INFO - Fallback to legacy endpoint succeeded: http://localhost:5774/WebService/getSekolah?npsn=20252031
[2026-07-15 20:42:25] INFO - Successfully fetched 1 records from getSekolah
[2026-07-15 20:43:23] ERROR - Invalid JSON from Dapodik: Syntax error - snippet: { 'success' : false, 'message': 'Session telah habis. harap melakukan login kembali' }
[2026-07-15 20:43:23] WARNING - Fallback returned invalid JSON for http://localhost:5774/WebService/getSekolah: Syntax error - snippet: HTTP/1.0 403 Forbidden
Cache-Control: no-cache
Date:          Wed, 15 Jul 2026 20:43:23 GMT

{"success":false,"http_code":403,"status_code":"Forbidden","message":"Parameter NPSN harap diisi"}
[2026-07-15 20:43:24] INFO - Fallback to legacy endpoint succeeded: http://localhost:5774/WebService/getSekolah?npsn=20252031
[2026-07-15 20:43:24] INFO - Successfully fetched 1 records from getSekolah
[2026-07-15 20:43:24] ERROR - Invalid JSON from Dapodik: Syntax error - snippet: { 'success' : false, 'message': 'Session telah habis. harap melakukan login kembali' }
[2026-07-15 20:43:24] WARNING - Fallback returned invalid JSON for http://localhost:5774/WebService/getSekolah: Syntax error - snippet: HTTP/1.0 403 Forbidden
Cache-Control: no-cache
Date:          Wed, 15 Jul 2026 20:43:24 GMT

{"success":false,"http_code":403,"status_code":"Forbidden","message":"Parameter NPSN harap diisi"}
[2026-07-15 20:43:25] INFO - Fallback to legacy endpoint succeeded: http://localhost:5774/WebService/getSekolah?npsn=20252031
[2026-07-15 20:43:25] INFO - Successfully fetched 1 records from getSekolah
[2026-07-15 20:44:23] ERROR - Invalid JSON from Dapodik: Syntax error - snippet: { 'success' : false, 'message': 'Session telah habis. harap melakukan login kembali' }
[2026-07-15 20:44:23] WARNING - Fallback returned invalid JSON for http://localhost:5774/WebService/getSekolah: Syntax error - snippet: HTTP/1.0 403 Forbidden
Cache-Control: no-cache
Date:          Wed, 15 Jul 2026 20:44:23 GMT

{"success":false,"http_code":403,"status_code":"Forbidden","message":"Parameter NPSN harap diisi"}
[2026-07-15 20:44:24] INFO - Fallback to legacy endpoint succeeded: http://localhost:5774/WebService/getSekolah?npsn=20252031
[2026-07-15 20:44:24] INFO - Successfully fetched 1 records from getSekolah
[2026-07-15 20:44:24] ERROR - Invalid JSON from Dapodik: Syntax error - snippet: { 'success' : false, 'message': 'Session telah habis. harap melakukan login kembali' }
[2026-07-15 20:44:24] WARNING - Fallback returned invalid JSON for http://localhost:5774/WebService/getSekolah: Syntax error - snippet: HTTP/1.0 403 Forbidden
Cache-Control: no-cache
Date:          Wed, 15 Jul 2026 20:44:24 GMT

{"success":false,"http_code":403,"status_code":"Forbidden","message":"Parameter NPSN harap diisi"}
[2026-07-15 20:44:25] INFO - Fallback to legacy endpoint succeeded: http://localhost:5774/WebService/getSekolah?npsn=20252031
[2026-07-15 20:44:25] INFO - Successfully fetched 1 records from getSekolah
[2026-07-15 20:45:23] ERROR - Invalid JSON from Dapodik: Syntax error - snippet: { 'success' : false, 'message': 'Session telah habis. harap melakukan login kembali' }
[2026-07-15 20:45:23] WARNING - Fallback returned invalid JSON for http://localhost:5774/WebService/getSekolah: Syntax error - snippet: HTTP/1.0 403 Forbidden
Cache-Control: no-cache
Date:          Wed, 15 Jul 2026 20:45:23 GMT

{"success":false,"http_code":403,"status_code":"Forbidden","message":"Parameter NPSN harap diisi"}
[2026-07-15 20:45:24] INFO - Fallback to legacy endpoint succeeded: http://localhost:5774/WebService/getSekolah?npsn=20252031
[2026-07-15 20:45:24] INFO - Successfully fetched 1 records from getSekolah
[2026-07-15 20:45:24] ERROR - Invalid JSON from Dapodik: Syntax error - snippet: { 'success' : false, 'message': 'Session telah habis. harap melakukan login kembali' }
[2026-07-15 20:45:24] WARNING - Fallback returned invalid JSON for http://localhost:5774/WebService/getSekolah: Syntax error - snippet: HTTP/1.0 403 Forbidden
Cache-Control: no-cache
Date:          Wed, 15 Jul 2026 20:45:24 GMT

{"success":false,"http_code":403,"status_code":"Forbidden","message":"Parameter NPSN harap diisi"}
[2026-07-15 20:45:25] INFO - Fallback to legacy endpoint succeeded: http://localhost:5774/WebService/getSekolah?npsn=20252031
[2026-07-15 20:45:25] INFO - Successfully fetched 1 records from getSekolah
[2026-07-15 20:46:23] ERROR - Invalid JSON from Dapodik: Syntax error - snippet: { 'success' : false, 'message': 'Session telah habis. harap melakukan login kembali' }
[2026-07-15 20:46:23] WARNING - Fallback returned invalid JSON for http://localhost:5774/WebService/getSekolah: Syntax error - snippet: HTTP/1.0 403 Forbidden
Cache-Control: no-cache
Date:          Wed, 15 Jul 2026 20:46:23 GMT

{"success":false,"http_code":403,"status_code":"Forbidden","message":"Parameter NPSN harap diisi"}
[2026-07-15 20:46:24] INFO - Fallback to legacy endpoint succeeded: http://localhost:5774/WebService/getSekolah?npsn=20252031
[2026-07-15 20:46:24] INFO - Successfully fetched 1 records from getSekolah
[2026-07-15 20:46:24] ERROR - Invalid JSON from Dapodik: Syntax error - snippet: { 'success' : false, 'message': 'Session telah habis. harap melakukan login kembali' }
[2026-07-15 20:46:24] WARNING - Fallback returned invalid JSON for http://localhost:5774/WebService/getSekolah: Syntax error - snippet: HTTP/1.0 403 Forbidden
Cache-Control: no-cache
Date:          Wed, 15 Jul 2026 20:46:24 GMT

{"success":false,"http_code":403,"status_code":"Forbidden","message":"Parameter NPSN harap diisi"}
[2026-07-15 20:46:25] INFO - Fallback to legacy endpoint succeeded: http://localhost:5774/WebService/getSekolah?npsn=20252031
[2026-07-15 20:46:25] INFO - Successfully fetched 1 records from getSekolah
[2026-07-15 20:47:23] ERROR - Invalid JSON from Dapodik: Syntax error - snippet: { 'success' : false, 'message': 'Session telah habis. harap melakukan login kembali' }
[2026-07-15 20:47:23] WARNING - Fallback returned invalid JSON for http://localhost:5774/WebService/getSekolah: Syntax error - snippet: HTTP/1.0 403 Forbidden
Cache-Control: no-cache
Date:          Wed, 15 Jul 2026 20:47:23 GMT

{"success":false,"http_code":403,"status_code":"Forbidden","message":"Parameter NPSN harap diisi"}
[2026-07-15 20:47:24] INFO - Fallback to legacy endpoint succeeded: http://localhost:5774/WebService/getSekolah?npsn=20252031
[2026-07-15 20:47:24] INFO - Successfully fetched 1 records from getSekolah
[2026-07-15 20:47:24] ERROR - Invalid JSON from Dapodik: Syntax error - snippet: { 'success' : false, 'message': 'Session telah habis. harap melakukan login kembali' }
[2026-07-15 20:47:24] WARNING - Fallback returned invalid JSON for http://localhost:5774/WebService/getSekolah: Syntax error - snippet: HTTP/1.0 403 Forbidden
Cache-Control: no-cache
Date:          Wed, 15 Jul 2026 20:47:24 GMT

{"success":false,"http_code":403,"status_code":"Forbidden","message":"Parameter NPSN harap diisi"}
[2026-07-15 20:47:25] INFO - Fallback to legacy endpoint succeeded: http://localhost:5774/WebService/getSekolah?npsn=20252031
[2026-07-15 20:47:25] INFO - Successfully fetched 1 records from getSekolah
[2026-07-15 20:48:23] ERROR - Invalid JSON from Dapodik: Syntax error - snippet: { 'success' : false, 'message': 'Session telah habis. harap melakukan login kembali' }
[2026-07-15 20:48:23] WARNING - Fallback returned invalid JSON for http://localhost:5774/WebService/getSekolah: Syntax error - snippet: HTTP/1.0 403 Forbidden
Cache-Control: no-cache
Date:          Wed, 15 Jul 2026 20:48:23 GMT

{"success":false,"http_code":403,"status_code":"Forbidden","message":"Parameter NPSN harap diisi"}
[2026-07-15 20:48:24] INFO - Fallback to legacy endpoint succeeded: http://localhost:5774/WebService/getSekolah?npsn=20252031
[2026-07-15 20:48:24] INFO - Successfully fetched 1 records from getSekolah
[2026-07-15 20:48:24] ERROR - Invalid JSON from Dapodik: Syntax error - snippet: { 'success' : false, 'message': 'Session telah habis. harap melakukan login kembali' }
[2026-07-15 20:48:24] WARNING - Fallback returned invalid JSON for http://localhost:5774/WebService/getSekolah: Syntax error - snippet: HTTP/1.0 403 Forbidden
Cache-Control: no-cache
Date:          Wed, 15 Jul 2026 20:48:24 GMT

{"success":false,"http_code":403,"status_code":"Forbidden","message":"Parameter NPSN harap diisi"}
[2026-07-15 20:48:25] INFO - Fallback to legacy endpoint succeeded: http://localhost:5774/WebService/getSekolah?npsn=20252031
[2026-07-15 20:48:25] INFO - Successfully fetched 1 records from getSekolah
[2026-07-15 20:49:23] ERROR - Invalid JSON from Dapodik: Syntax error - snippet: { 'success' : false, 'message': 'Session telah habis. harap melakukan login kembali' }
[2026-07-15 20:49:23] WARNING - Fallback returned invalid JSON for http://localhost:5774/WebService/getSekolah: Syntax error - snippet: HTTP/1.0 403 Forbidden
Cache-Control: no-cache
Date:          Wed, 15 Jul 2026 20:49:23 GMT

{"success":false,"http_code":403,"status_code":"Forbidden","message":"Parameter NPSN harap diisi"}
[2026-07-15 20:49:24] INFO - Fallback to legacy endpoint succeeded: http://localhost:5774/WebService/getSekolah?npsn=20252031
[2026-07-15 20:49:24] INFO - Successfully fetched 1 records from getSekolah
[2026-07-15 20:49:24] ERROR - Invalid JSON from Dapodik: Syntax error - snippet: { 'success' : false, 'message': 'Session telah habis. harap melakukan login kembali' }
[2026-07-15 20:49:24] WARNING - Fallback returned invalid JSON for http://localhost:5774/WebService/getSekolah: Syntax error - snippet: HTTP/1.0 403 Forbidden
Cache-Control: no-cache
Date:          Wed, 15 Jul 2026 20:49:24 GMT

{"success":false,"http_code":403,"status_code":"Forbidden","message":"Parameter NPSN harap diisi"}
[2026-07-15 20:49:25] INFO - Fallback to legacy endpoint succeeded: http://localhost:5774/WebService/getSekolah?npsn=20252031
[2026-07-15 20:49:25] INFO - Successfully fetched 1 records from getSekolah
[2026-07-15 20:50:23] ERROR - Invalid JSON from Dapodik: Syntax error - snippet: { 'success' : false, 'message': 'Session telah habis. harap melakukan login kembali' }
[2026-07-15 20:50:23] WARNING - Fallback returned invalid JSON for http://localhost:5774/WebService/getSekolah: Syntax error - snippet: HTTP/1.0 403 Forbidden
Cache-Control: no-cache
Date:          Wed, 15 Jul 2026 20:50:23 GMT

{"success":false,"http_code":403,"status_code":"Forbidden","message":"Parameter NPSN harap diisi"}
[2026-07-15 20:50:24] INFO - Fallback to legacy endpoint succeeded: http://localhost:5774/WebService/getSekolah?npsn=20252031
[2026-07-15 20:50:24] INFO - Successfully fetched 1 records from getSekolah
[2026-07-15 20:50:24] ERROR - Invalid JSON from Dapodik: Syntax error - snippet: { 'success' : false, 'message': 'Session telah habis. harap melakukan login kembali' }
[2026-07-15 20:50:24] WARNING - Fallback returned invalid JSON for http://localhost:5774/WebService/getSekolah: Syntax error - snippet: HTTP/1.0 403 Forbidden
Cache-Control: no-cache
Date:          Wed, 15 Jul 2026 20:50:24 GMT

{"success":false,"http_code":403,"status_code":"Forbidden","message":"Parameter NPSN harap diisi"}
[2026-07-15 20:50:25] INFO - Fallback to legacy endpoint succeeded: http://localhost:5774/WebService/getSekolah?npsn=20252031
[2026-07-15 20:50:25] INFO - Successfully fetched 1 records from getSekolah
[2026-07-15 20:51:23] ERROR - Invalid JSON from Dapodik: Syntax error - snippet: { 'success' : false, 'message': 'Session telah habis. harap melakukan login kembali' }
[2026-07-15 20:51:23] WARNING - Fallback returned invalid JSON for http://localhost:5774/WebService/getSekolah: Syntax error - snippet: HTTP/1.0 403 Forbidden
Cache-Control: no-cache
Date:          Wed, 15 Jul 2026 20:51:23 GMT

{"success":false,"http_code":403,"status_code":"Forbidden","message":"Parameter NPSN harap diisi"}
[2026-07-15 20:51:24] INFO - Fallback to legacy endpoint succeeded: http://localhost:5774/WebService/getSekolah?npsn=20252031
[2026-07-15 20:51:24] INFO - Successfully fetched 1 records from getSekolah
[2026-07-15 20:51:24] ERROR - Invalid JSON from Dapodik: Syntax error - snippet: { 'success' : false, 'message': 'Session telah habis. harap melakukan login kembali' }
[2026-07-15 20:51:24] WARNING - Fallback returned invalid JSON for http://localhost:5774/WebService/getSekolah: Syntax error - snippet: HTTP/1.0 403 Forbidden
Cache-Control: no-cache
Date:          Wed, 15 Jul 2026 20:51:24 GMT

{"success":false,"http_code":403,"status_code":"Forbidden","message":"Parameter NPSN harap diisi"}
[2026-07-15 20:51:25] INFO - Fallback to legacy endpoint succeeded: http://localhost:5774/WebService/getSekolah?npsn=20252031
[2026-07-15 20:51:25] INFO - Successfully fetched 1 records from getSekolah
[2026-07-15 20:52:23] ERROR - Invalid JSON from Dapodik: Syntax error - snippet: { 'success' : false, 'message': 'Session telah habis. harap melakukan login kembali' }
[2026-07-15 20:52:23] WARNING - Fallback returned invalid JSON for http://localhost:5774/WebService/getSekolah: Syntax error - snippet: HTTP/1.0 403 Forbidden
Cache-Control: no-cache
Date:          Wed, 15 Jul 2026 20:52:23 GMT

{"success":false,"http_code":403,"status_code":"Forbidden","message":"Parameter NPSN harap diisi"}
[2026-07-15 20:52:24] INFO - Fallback to legacy endpoint succeeded: http://localhost:5774/WebService/getSekolah?npsn=20252031
[2026-07-15 20:52:24] INFO - Successfully fetched 1 records from getSekolah
[2026-07-15 20:52:24] ERROR - Invalid JSON from Dapodik: Syntax error - snippet: { 'success' : false, 'message': 'Session telah habis. harap melakukan login kembali' }
[2026-07-15 20:52:24] WARNING - Fallback returned invalid JSON for http://localhost:5774/WebService/getSekolah: Syntax error - snippet: HTTP/1.0 403 Forbidden
Cache-Control: no-cache
Date:          Wed, 15 Jul 2026 20:52:24 GMT

{"success":false,"http_code":403,"status_code":"Forbidden","message":"Parameter NPSN harap diisi"}
[2026-07-15 20:52:25] INFO - Fallback to legacy endpoint succeeded: http://localhost:5774/WebService/getSekolah?npsn=20252031
[2026-07-15 20:52:25] INFO - Successfully fetched 1 records from getSekolah
[2026-07-15 20:53:23] ERROR - Invalid JSON from Dapodik: Syntax error - snippet: { 'success' : false, 'message': 'Session telah habis. harap melakukan login kembali' }
[2026-07-15 20:53:23] WARNING - Fallback returned invalid JSON for http://localhost:5774/WebService/getSekolah: Syntax error - snippet: HTTP/1.0 403 Forbidden
Cache-Control: no-cache
Date:          Wed, 15 Jul 2026 20:53:23 GMT

{"success":false,"http_code":403,"status_code":"Forbidden","message":"Parameter NPSN harap diisi"}
[2026-07-15 20:53:24] INFO - Fallback to legacy endpoint succeeded: http://localhost:5774/WebService/getSekolah?npsn=20252031
[2026-07-15 20:53:24] INFO - Successfully fetched 1 records from getSekolah
[2026-07-15 20:53:24] ERROR - Invalid JSON from Dapodik: Syntax error - snippet: { 'success' : false, 'message': 'Session telah habis. harap melakukan login kembali' }
[2026-07-15 20:53:24] WARNING - Fallback returned invalid JSON for http://localhost:5774/WebService/getSekolah: Syntax error - snippet: HTTP/1.0 403 Forbidden
Cache-Control: no-cache
Date:          Wed, 15 Jul 2026 20:53:24 GMT

{"success":false,"http_code":403,"status_code":"Forbidden","message":"Parameter NPSN harap diisi"}
[2026-07-15 20:53:25] INFO - Fallback to legacy endpoint succeeded: http://localhost:5774/WebService/getSekolah?npsn=20252031
[2026-07-15 20:53:25] INFO - Successfully fetched 1 records from getSekolah
[2026-07-15 20:54:23] ERROR - Invalid JSON from Dapodik: Syntax error - snippet: { 'success' : false, 'message': 'Session telah habis. harap melakukan login kembali' }
[2026-07-15 20:54:23] WARNING - Fallback returned invalid JSON for http://localhost:5774/WebService/getSekolah: Syntax error - snippet: HTTP/1.0 403 Forbidden
Cache-Control: no-cache
Date:          Wed, 15 Jul 2026 20:54:23 GMT

{"success":false,"http_code":403,"status_code":"Forbidden","message":"Parameter NPSN harap diisi"}
[2026-07-15 20:54:24] INFO - Fallback to legacy endpoint succeeded: http://localhost:5774/WebService/getSekolah?npsn=20252031
[2026-07-15 20:54:24] INFO - Successfully fetched 1 records from getSekolah
[2026-07-15 20:54:24] ERROR - Invalid JSON from Dapodik: Syntax error - snippet: { 'success' : false, 'message': 'Session telah habis. harap melakukan login kembali' }
[2026-07-15 20:54:24] WARNING - Fallback returned invalid JSON for http://localhost:5774/WebService/getSekolah: Syntax error - snippet: HTTP/1.0 403 Forbidden
Cache-Control: no-cache
Date:          Wed, 15 Jul 2026 20:54:24 GMT

{"success":false,"http_code":403,"status_code":"Forbidden","message":"Parameter NPSN harap diisi"}
[2026-07-15 20:54:25] INFO - Fallback to legacy endpoint succeeded: http://localhost:5774/WebService/getSekolah?npsn=20252031
[2026-07-15 20:54:25] INFO - Successfully fetched 1 records from getSekolah
[2026-07-15 20:55:23] ERROR - Invalid JSON from Dapodik: Syntax error - snippet: { 'success' : false, 'message': 'Session telah habis. harap melakukan login kembali' }
[2026-07-15 20:55:23] WARNING - Fallback returned invalid JSON for http://localhost:5774/WebService/getSekolah: Syntax error - snippet: HTTP/1.0 403 Forbidden
Cache-Control: no-cache
Date:          Wed, 15 Jul 2026 20:55:23 GMT

{"success":false,"http_code":403,"status_code":"Forbidden","message":"Parameter NPSN harap diisi"}
[2026-07-15 20:55:24] INFO - Fallback to legacy endpoint succeeded: http://localhost:5774/WebService/getSekolah?npsn=20252031
[2026-07-15 20:55:24] INFO - Successfully fetched 1 records from getSekolah
[2026-07-15 20:55:24] ERROR - Invalid JSON from Dapodik: Syntax error - snippet: { 'success' : false, 'message': 'Session telah habis. harap melakukan login kembali' }
[2026-07-15 20:55:24] WARNING - Fallback returned invalid JSON for http://localhost:5774/WebService/getSekolah: Syntax error - snippet: HTTP/1.0 403 Forbidden
Cache-Control: no-cache
Date:          Wed, 15 Jul 2026 20:55:24 GMT

{"success":false,"http_code":403,"status_code":"Forbidden","message":"Parameter NPSN harap diisi"}
[2026-07-15 20:55:25] INFO - Fallback to legacy endpoint succeeded: http://localhost:5774/WebService/getSekolah?npsn=20252031
[2026-07-15 20:55:25] INFO - Successfully fetched 1 records from getSekolah
[2026-07-15 20:56:23] ERROR - Invalid JSON from Dapodik: Syntax error - snippet: { 'success' : false, 'message': 'Session telah habis. harap melakukan login kembali' }
[2026-07-15 20:56:23] WARNING - Fallback returned invalid JSON for http://localhost:5774/WebService/getSekolah: Syntax error - snippet: HTTP/1.0 403 Forbidden
Cache-Control: no-cache
Date:          Wed, 15 Jul 2026 20:56:23 GMT

{"success":false,"http_code":403,"status_code":"Forbidden","message":"Parameter NPSN harap diisi"}
[2026-07-15 20:56:24] INFO - Fallback to legacy endpoint succeeded: http://localhost:5774/WebService/getSekolah?npsn=20252031
[2026-07-15 20:56:24] INFO - Successfully fetched 1 records from getSekolah
[2026-07-15 20:56:24] ERROR - Invalid JSON from Dapodik: Syntax error - snippet: { 'success' : false, 'message': 'Session telah habis. harap melakukan login kembali' }
[2026-07-15 20:56:24] WARNING - Fallback returned invalid JSON for http://localhost:5774/WebService/getSekolah: Syntax error - snippet: HTTP/1.0 403 Forbidden
Cache-Control: no-cache
Date:          Wed, 15 Jul 2026 20:56:24 GMT

{"success":false,"http_code":403,"status_code":"Forbidden","message":"Parameter NPSN harap diisi"}
[2026-07-15 20:56:25] INFO - Fallback to legacy endpoint succeeded: http://localhost:5774/WebService/getSekolah?npsn=20252031
[2026-07-15 20:56:25] INFO - Successfully fetched 1 records from getSekolah
[2026-07-15 20:57:23] ERROR - Invalid JSON from Dapodik: Syntax error - snippet: { 'success' : false, 'message': 'Session telah habis. harap melakukan login kembali' }
[2026-07-15 20:57:23] WARNING - Fallback returned invalid JSON for http://localhost:5774/WebService/getSekolah: Syntax error - snippet: HTTP/1.0 403 Forbidden
Cache-Control: no-cache
Date:          Wed, 15 Jul 2026 20:57:23 GMT

{"success":false,"http_code":403,"status_code":"Forbidden","message":"Parameter NPSN harap diisi"}
[2026-07-15 20:57:24] INFO - Fallback to legacy endpoint succeeded: http://localhost:5774/WebService/getSekolah?npsn=20252031
[2026-07-15 20:57:24] INFO - Successfully fetched 1 records from getSekolah
[2026-07-15 20:57:24] ERROR - Invalid JSON from Dapodik: Syntax error - snippet: { 'success' : false, 'message': 'Session telah habis. harap melakukan login kembali' }
[2026-07-15 20:57:24] WARNING - Fallback returned invalid JSON for http://localhost:5774/WebService/getSekolah: Syntax error - snippet: HTTP/1.0 403 Forbidden
Cache-Control: no-cache
Date:          Wed, 15 Jul 2026 20:57:24 GMT

{"success":false,"http_code":403,"status_code":"Forbidden","message":"Parameter NPSN harap diisi"}
[2026-07-15 20:57:25] INFO - Fallback to legacy endpoint succeeded: http://localhost:5774/WebService/getSekolah?npsn=20252031
[2026-07-15 20:57:25] INFO - Successfully fetched 1 records from getSekolah
[2026-07-15 20:58:23] ERROR - Invalid JSON from Dapodik: Syntax error - snippet: { 'success' : false, 'message': 'Session telah habis. harap melakukan login kembali' }
[2026-07-15 20:58:23] WARNING - Fallback returned invalid JSON for http://localhost:5774/WebService/getSekolah: Syntax error - snippet: HTTP/1.0 403 Forbidden
Cache-Control: no-cache
Date:          Wed, 15 Jul 2026 20:58:23 GMT

{"success":false,"http_code":403,"status_code":"Forbidden","message":"Parameter NPSN harap diisi"}
[2026-07-15 20:58:24] INFO - Fallback to legacy endpoint succeeded: http://localhost:5774/WebService/getSekolah?npsn=20252031
[2026-07-15 20:58:24] INFO - Successfully fetched 1 records from getSekolah
[2026-07-15 20:58:24] ERROR - Invalid JSON from Dapodik: Syntax error - snippet: { 'success' : false, 'message': 'Session telah habis. harap melakukan login kembali' }
[2026-07-15 20:58:24] WARNING - Fallback returned invalid JSON for http://localhost:5774/WebService/getSekolah: Syntax error - snippet: HTTP/1.0 403 Forbidden
Cache-Control: no-cache
Date:          Wed, 15 Jul 2026 20:58:24 GMT

{"success":false,"http_code":403,"status_code":"Forbidden","message":"Parameter NPSN harap diisi"}
[2026-07-15 20:58:25] INFO - Fallback to legacy endpoint succeeded: http://localhost:5774/WebService/getSekolah?npsn=20252031
[2026-07-15 20:58:25] INFO - Successfully fetched 1 records from getSekolah
[2026-07-15 20:59:23] ERROR - Invalid JSON from Dapodik: Syntax error - snippet: { 'success' : false, 'message': 'Session telah habis. harap melakukan login kembali' }
[2026-07-15 20:59:23] WARNING - Fallback returned invalid JSON for http://localhost:5774/WebService/getSekolah: Syntax error - snippet: HTTP/1.0 403 Forbidden
Cache-Control: no-cache
Date:          Wed, 15 Jul 2026 20:59:23 GMT

{"success":false,"http_code":403,"status_code":"Forbidden","message":"Parameter NPSN harap diisi"}
[2026-07-15 20:59:24] INFO - Fallback to legacy endpoint succeeded: http://localhost:5774/WebService/getSekolah?npsn=20252031
[2026-07-15 20:59:24] INFO - Successfully fetched 1 records from getSekolah
[2026-07-15 20:59:24] ERROR - Invalid JSON from Dapodik: Syntax error - snippet: { 'success' : false, 'message': 'Session telah habis. harap melakukan login kembali' }
[2026-07-15 20:59:24] WARNING - Fallback returned invalid JSON for http://localhost:5774/WebService/getSekolah: Syntax error - snippet: HTTP/1.0 403 Forbidden
Cache-Control: no-cache
Date:          Wed, 15 Jul 2026 20:59:24 GMT

{"success":false,"http_code":403,"status_code":"Forbidden","message":"Parameter NPSN harap diisi"}
[2026-07-15 20:59:25] INFO - Fallback to legacy endpoint succeeded: http://localhost:5774/WebService/getSekolah?npsn=20252031
[2026-07-15 20:59:25] INFO - Successfully fetched 1 records from getSekolah
[2026-07-15 21:00:23] ERROR - Invalid JSON from Dapodik: Syntax error - snippet: { 'success' : false, 'message': 'Session telah habis. harap melakukan login kembali' }
[2026-07-15 21:00:23] WARNING - Fallback returned invalid JSON for http://localhost:5774/WebService/getSekolah: Syntax error - snippet: HTTP/1.0 403 Forbidden
Cache-Control: no-cache
Date:          Wed, 15 Jul 2026 21:00:23 GMT

{"success":false,"http_code":403,"status_code":"Forbidden","message":"Parameter NPSN harap diisi"}
[2026-07-15 21:00:24] INFO - Fallback to legacy endpoint succeeded: http://localhost:5774/WebService/getSekolah?npsn=20252031
[2026-07-15 21:00:24] INFO - Successfully fetched 1 records from getSekolah
[2026-07-15 21:00:24] ERROR - Invalid JSON from Dapodik: Syntax error - snippet: { 'success' : false, 'message': 'Session telah habis. harap melakukan login kembali' }
[2026-07-15 21:00:24] WARNING - Fallback returned invalid JSON for http://localhost:5774/WebService/getSekolah: Syntax error - snippet: HTTP/1.0 403 Forbidden
Cache-Control: no-cache
Date:          Wed, 15 Jul 2026 21:00:24 GMT

{"success":false,"http_code":403,"status_code":"Forbidden","message":"Parameter NPSN harap diisi"}
[2026-07-15 21:00:25] INFO - Fallback to legacy endpoint succeeded: http://localhost:5774/WebService/getSekolah?npsn=20252031
[2026-07-15 21:00:25] INFO - Successfully fetched 1 records from getSekolah
[2026-07-15 21:01:23] ERROR - Invalid JSON from Dapodik: Syntax error - snippet: { 'success' : false, 'message': 'Session telah habis. harap melakukan login kembali' }
[2026-07-15 21:01:23] WARNING - Fallback returned invalid JSON for http://localhost:5774/WebService/getSekolah: Syntax error - snippet: HTTP/1.0 403 Forbidden
Cache-Control: no-cache
Date:          Wed, 15 Jul 2026 21:01:23 GMT

{"success":false,"http_code":403,"status_code":"Forbidden","message":"Parameter NPSN harap diisi"}
[2026-07-15 21:01:24] INFO - Fallback to legacy endpoint succeeded: http://localhost:5774/WebService/getSekolah?npsn=20252031
[2026-07-15 21:01:24] INFO - Successfully fetched 1 records from getSekolah
[2026-07-15 21:01:24] ERROR - Invalid JSON from Dapodik: Syntax error - snippet: { 'success' : false, 'message': 'Session telah habis. harap melakukan login kembali' }
[2026-07-15 21:01:24] WARNING - Fallback returned invalid JSON for http://localhost:5774/WebService/getSekolah: Syntax error - snippet: HTTP/1.0 403 Forbidden
Cache-Control: no-cache
Date:          Wed, 15 Jul 2026 21:01:24 GMT

{"success":false,"http_code":403,"status_code":"Forbidden","message":"Parameter NPSN harap diisi"}
[2026-07-15 21:01:25] INFO - Fallback to legacy endpoint succeeded: http://localhost:5774/WebService/getSekolah?npsn=20252031
[2026-07-15 21:01:25] INFO - Successfully fetched 1 records from getSekolah
[2026-07-15 21:02:23] ERROR - Invalid JSON from Dapodik: Syntax error - snippet: { 'success' : false, 'message': 'Session telah habis. harap melakukan login kembali' }
[2026-07-15 21:02:23] WARNING - Fallback returned invalid JSON for http://localhost:5774/WebService/getSekolah: Syntax error - snippet: HTTP/1.0 403 Forbidden
Cache-Control: no-cache
Date:          Wed, 15 Jul 2026 21:02:23 GMT

{"success":false,"http_code":403,"status_code":"Forbidden","message":"Parameter NPSN harap diisi"}
[2026-07-15 21:02:24] INFO - Fallback to legacy endpoint succeeded: http://localhost:5774/WebService/getSekolah?npsn=20252031
[2026-07-15 21:02:24] INFO - Successfully fetched 1 records from getSekolah
[2026-07-15 21:02:24] ERROR - Invalid JSON from Dapodik: Syntax error - snippet: { 'success' : false, 'message': 'Session telah habis. harap melakukan login kembali' }
[2026-07-15 21:02:24] WARNING - Fallback returned invalid JSON for http://localhost:5774/WebService/getSekolah: Syntax error - snippet: HTTP/1.0 403 Forbidden
Cache-Control: no-cache
Date:          Wed, 15 Jul 2026 21:02:24 GMT

{"success":false,"http_code":403,"status_code":"Forbidden","message":"Parameter NPSN harap diisi"}
[2026-07-15 21:02:25] INFO - Fallback to legacy endpoint succeeded: http://localhost:5774/WebService/getSekolah?npsn=20252031
[2026-07-15 21:02:25] INFO - Successfully fetched 1 records from getSekolah
[2026-07-15 21:03:23] ERROR - Invalid JSON from Dapodik: Syntax error - snippet: { 'success' : false, 'message': 'Session telah habis. harap melakukan login kembali' }
[2026-07-15 21:03:23] WARNING - Fallback returned invalid JSON for http://localhost:5774/WebService/getSekolah: Syntax error - snippet: HTTP/1.0 403 Forbidden
Cache-Control: no-cache
Date:          Wed, 15 Jul 2026 21:03:23 GMT

{"success":false,"http_code":403,"status_code":"Forbidden","message":"Parameter NPSN harap diisi"}
[2026-07-15 21:03:24] INFO - Fallback to legacy endpoint succeeded: http://localhost:5774/WebService/getSekolah?npsn=20252031
[2026-07-15 21:03:24] INFO - Successfully fetched 1 records from getSekolah
[2026-07-15 21:03:24] ERROR - Invalid JSON from Dapodik: Syntax error - snippet: { 'success' : false, 'message': 'Session telah habis. harap melakukan login kembali' }
[2026-07-15 21:03:24] WARNING - Fallback returned invalid JSON for http://localhost:5774/WebService/getSekolah: Syntax error - snippet: HTTP/1.0 403 Forbidden
Cache-Control: no-cache
Date:          Wed, 15 Jul 2026 21:03:24 GMT

{"success":false,"http_code":403,"status_code":"Forbidden","message":"Parameter NPSN harap diisi"}
[2026-07-15 21:03:25] INFO - Fallback to legacy endpoint succeeded: http://localhost:5774/WebService/getSekolah?npsn=20252031
[2026-07-15 21:03:25] INFO - Successfully fetched 1 records from getSekolah
[2026-07-15 21:04:23] ERROR - Invalid JSON from Dapodik: Syntax error - snippet: { 'success' : false, 'message': 'Session telah habis. harap melakukan login kembali' }
[2026-07-15 21:04:23] WARNING - Fallback returned invalid JSON for http://localhost:5774/WebService/getSekolah: Syntax error - snippet: HTTP/1.0 403 Forbidden
Cache-Control: no-cache
Date:          Wed, 15 Jul 2026 21:04:23 GMT

{"success":false,"http_code":403,"status_code":"Forbidden","message":"Parameter NPSN harap diisi"}
[2026-07-15 21:04:24] INFO - Fallback to legacy endpoint succeeded: http://localhost:5774/WebService/getSekolah?npsn=20252031
[2026-07-15 21:04:24] INFO - Successfully fetched 1 records from getSekolah
[2026-07-15 21:04:24] ERROR - Invalid JSON from Dapodik: Syntax error - snippet: { 'success' : false, 'message': 'Session telah habis. harap melakukan login kembali' }
[2026-07-15 21:04:24] WARNING - Fallback returned invalid JSON for http://localhost:5774/WebService/getSekolah: Syntax error - snippet: HTTP/1.0 403 Forbidden
Cache-Control: no-cache
Date:          Wed, 15 Jul 2026 21:04:24 GMT

{"success":false,"http_code":403,"status_code":"Forbidden","message":"Parameter NPSN harap diisi"}
[2026-07-15 21:04:25] INFO - Fallback to legacy endpoint succeeded: http://localhost:5774/WebService/getSekolah?npsn=20252031
[2026-07-15 21:04:25] INFO - Successfully fetched 1 records from getSekolah
[2026-07-15 21:05:23] ERROR - Invalid JSON from Dapodik: Syntax error - snippet: { 'success' : false, 'message': 'Session telah habis. harap melakukan login kembali' }
[2026-07-15 21:05:23] WARNING - Fallback returned invalid JSON for http://localhost:5774/WebService/getSekolah: Syntax error - snippet: HTTP/1.0 403 Forbidden
Cache-Control: no-cache
Date:          Wed, 15 Jul 2026 21:05:23 GMT

{"success":false,"http_code":403,"status_code":"Forbidden","message":"Parameter NPSN harap diisi"}
[2026-07-15 21:05:24] INFO - Fallback to legacy endpoint succeeded: http://localhost:5774/WebService/getSekolah?npsn=20252031
[2026-07-15 21:05:24] INFO - Successfully fetched 1 records from getSekolah
[2026-07-15 21:05:24] ERROR - Invalid JSON from Dapodik: Syntax error - snippet: { 'success' : false, 'message': 'Session telah habis. harap melakukan login kembali' }
[2026-07-15 21:05:24] WARNING - Fallback returned invalid JSON for http://localhost:5774/WebService/getSekolah: Syntax error - snippet: HTTP/1.0 403 Forbidden
Cache-Control: no-cache
Date:          Wed, 15 Jul 2026 21:05:24 GMT

{"success":false,"http_code":403,"status_code":"Forbidden","message":"Parameter NPSN harap diisi"}
[2026-07-15 21:05:25] INFO - Fallback to legacy endpoint succeeded: http://localhost:5774/WebService/getSekolah?npsn=20252031
[2026-07-15 21:05:25] INFO - Successfully fetched 1 records from getSekolah
[2026-07-15 21:06:23] ERROR - Invalid JSON from Dapodik: Syntax error - snippet: { 'success' : false, 'message': 'Session telah habis. harap melakukan login kembali' }
[2026-07-15 21:06:23] WARNING - Fallback returned invalid JSON for http://localhost:5774/WebService/getSekolah: Syntax error - snippet: HTTP/1.0 403 Forbidden
Cache-Control: no-cache
Date:          Wed, 15 Jul 2026 21:06:23 GMT

{"success":false,"http_code":403,"status_code":"Forbidden","message":"Parameter NPSN harap diisi"}
[2026-07-15 21:06:24] INFO - Fallback to legacy endpoint succeeded: http://localhost:5774/WebService/getSekolah?npsn=20252031
[2026-07-15 21:06:24] INFO - Successfully fetched 1 records from getSekolah
[2026-07-15 21:06:24] ERROR - Invalid JSON from Dapodik: Syntax error - snippet: { 'success' : false, 'message': 'Session telah habis. harap melakukan login kembali' }
[2026-07-15 21:06:24] WARNING - Fallback returned invalid JSON for http://localhost:5774/WebService/getSekolah: Syntax error - snippet: HTTP/1.0 403 Forbidden
Cache-Control: no-cache
Date:          Wed, 15 Jul 2026 21:06:24 GMT

{"success":false,"http_code":403,"status_code":"Forbidden","message":"Parameter NPSN harap diisi"}
[2026-07-15 21:06:25] INFO - Fallback to legacy endpoint succeeded: http://localhost:5774/WebService/getSekolah?npsn=20252031
[2026-07-15 21:06:25] INFO - Successfully fetched 1 records from getSekolah
[2026-07-15 21:07:23] ERROR - Invalid JSON from Dapodik: Syntax error - snippet: { 'success' : false, 'message': 'Session telah habis. harap melakukan login kembali' }
[2026-07-15 21:07:23] WARNING - Fallback returned invalid JSON for http://localhost:5774/WebService/getSekolah: Syntax error - snippet: HTTP/1.0 403 Forbidden
Cache-Control: no-cache
Date:          Wed, 15 Jul 2026 21:07:23 GMT

{"success":false,"http_code":403,"status_code":"Forbidden","message":"Parameter NPSN harap diisi"}
[2026-07-15 21:07:24] INFO - Fallback to legacy endpoint succeeded: http://localhost:5774/WebService/getSekolah?npsn=20252031
[2026-07-15 21:07:24] INFO - Successfully fetched 1 records from getSekolah
[2026-07-15 21:07:24] ERROR - Invalid JSON from Dapodik: Syntax error - snippet: { 'success' : false, 'message': 'Session telah habis. harap melakukan login kembali' }
[2026-07-15 21:07:24] WARNING - Fallback returned invalid JSON for http://localhost:5774/WebService/getSekolah: Syntax error - snippet: HTTP/1.0 403 Forbidden
Cache-Control: no-cache
Date:          Wed, 15 Jul 2026 21:07:24 GMT

{"success":false,"http_code":403,"status_code":"Forbidden","message":"Parameter NPSN harap diisi"}
[2026-07-15 21:07:25] INFO - Fallback to legacy endpoint succeeded: http://localhost:5774/WebService/getSekolah?npsn=20252031
[2026-07-15 21:07:25] INFO - Successfully fetched 1 records from getSekolah
[2026-07-15 21:08:23] ERROR - Invalid JSON from Dapodik: Syntax error - snippet: { 'success' : false, 'message': 'Session telah habis. harap melakukan login kembali' }
[2026-07-15 21:08:23] WARNING - Fallback returned invalid JSON for http://localhost:5774/WebService/getSekolah: Syntax error - snippet: HTTP/1.0 403 Forbidden
Cache-Control: no-cache
Date:          Wed, 15 Jul 2026 21:08:23 GMT

{"success":false,"http_code":403,"status_code":"Forbidden","message":"Parameter NPSN harap diisi"}
[2026-07-15 21:08:24] INFO - Fallback to legacy endpoint succeeded: http://localhost:5774/WebService/getSekolah?npsn=20252031
[2026-07-15 21:08:24] INFO - Successfully fetched 1 records from getSekolah
[2026-07-15 21:08:24] ERROR - Invalid JSON from Dapodik: Syntax error - snippet: { 'success' : false, 'message': 'Session telah habis. harap melakukan login kembali' }
[2026-07-15 21:08:24] WARNING - Fallback returned invalid JSON for http://localhost:5774/WebService/getSekolah: Syntax error - snippet: HTTP/1.0 403 Forbidden
Cache-Control: no-cache
Date:          Wed, 15 Jul 2026 21:08:24 GMT

{"success":false,"http_code":403,"status_code":"Forbidden","message":"Parameter NPSN harap diisi"}
[2026-07-15 21:08:25] INFO - Fallback to legacy endpoint succeeded: http://localhost:5774/WebService/getSekolah?npsn=20252031
[2026-07-15 21:08:25] INFO - Successfully fetched 1 records from getSekolah
[2026-07-15 21:09:23] ERROR - Invalid JSON from Dapodik: Syntax error - snippet: { 'success' : false, 'message': 'Session telah habis. harap melakukan login kembali' }
[2026-07-15 21:09:23] WARNING - Fallback returned invalid JSON for http://localhost:5774/WebService/getSekolah: Syntax error - snippet: HTTP/1.0 403 Forbidden
Cache-Control: no-cache
Date:          Wed, 15 Jul 2026 21:09:23 GMT

{"success":false,"http_code":403,"status_code":"Forbidden","message":"Parameter NPSN harap diisi"}
[2026-07-15 21:09:24] INFO - Fallback to legacy endpoint succeeded: http://localhost:5774/WebService/getSekolah?npsn=20252031
[2026-07-15 21:09:24] INFO - Successfully fetched 1 records from getSekolah
[2026-07-15 21:09:24] ERROR - Invalid JSON from Dapodik: Syntax error - snippet: { 'success' : false, 'message': 'Session telah habis. harap melakukan login kembali' }
[2026-07-15 21:09:24] WARNING - Fallback returned invalid JSON for http://localhost:5774/WebService/getSekolah: Syntax error - snippet: HTTP/1.0 403 Forbidden
Cache-Control: no-cache
Date:          Wed, 15 Jul 2026 21:09:24 GMT

{"success":false,"http_code":403,"status_code":"Forbidden","message":"Parameter NPSN harap diisi"}
[2026-07-15 21:09:25] INFO - Fallback to legacy endpoint succeeded: http://localhost:5774/WebService/getSekolah?npsn=20252031
[2026-07-15 21:09:25] INFO - Successfully fetched 1 records from getSekolah
[2026-07-15 21:10:23] ERROR - Invalid JSON from Dapodik: Syntax error - snippet: { 'success' : false, 'message': 'Session telah habis. harap melakukan login kembali' }
[2026-07-15 21:10:23] WARNING - Fallback returned invalid JSON for http://localhost:5774/WebService/getSekolah: Syntax error - snippet: HTTP/1.0 403 Forbidden
Cache-Control: no-cache
Date:          Wed, 15 Jul 2026 21:10:23 GMT

{"success":false,"http_code":403,"status_code":"Forbidden","message":"Parameter NPSN harap diisi"}
[2026-07-15 21:10:24] INFO - Fallback to legacy endpoint succeeded: http://localhost:5774/WebService/getSekolah?npsn=20252031
[2026-07-15 21:10:24] INFO - Successfully fetched 1 records from getSekolah
[2026-07-15 21:10:24] ERROR - Invalid JSON from Dapodik: Syntax error - snippet: { 'success' : false, 'message': 'Session telah habis. harap melakukan login kembali' }
[2026-07-15 21:10:24] WARNING - Fallback returned invalid JSON for http://localhost:5774/WebService/getSekolah: Syntax error - snippet: HTTP/1.0 403 Forbidden
Cache-Control: no-cache
Date:          Wed, 15 Jul 2026 21:10:24 GMT

{"success":false,"http_code":403,"status_code":"Forbidden","message":"Parameter NPSN harap diisi"}
[2026-07-15 21:10:25] INFO - Fallback to legacy endpoint succeeded: http://localhost:5774/WebService/getSekolah?npsn=20252031
[2026-07-15 21:10:25] INFO - Successfully fetched 1 records from getSekolah
[2026-07-15 21:11:23] ERROR - Invalid JSON from Dapodik: Syntax error - snippet: { 'success' : false, 'message': 'Session telah habis. harap melakukan login kembali' }
[2026-07-15 21:11:23] WARNING - Fallback returned invalid JSON for http://localhost:5774/WebService/getSekolah: Syntax error - snippet: HTTP/1.0 403 Forbidden
Cache-Control: no-cache
Date:          Wed, 15 Jul 2026 21:11:23 GMT

{"success":false,"http_code":403,"status_code":"Forbidden","message":"Parameter NPSN harap diisi"}
[2026-07-15 21:11:24] INFO - Fallback to legacy endpoint succeeded: http://localhost:5774/WebService/getSekolah?npsn=20252031
[2026-07-15 21:11:24] INFO - Successfully fetched 1 records from getSekolah
[2026-07-15 21:11:24] ERROR - Invalid JSON from Dapodik: Syntax error - snippet: { 'success' : false, 'message': 'Session telah habis. harap melakukan login kembali' }
[2026-07-15 21:11:24] WARNING - Fallback returned invalid JSON for http://localhost:5774/WebService/getSekolah: Syntax error - snippet: HTTP/1.0 403 Forbidden
Cache-Control: no-cache
Date:          Wed, 15 Jul 2026 21:11:24 GMT

{"success":false,"http_code":403,"status_code":"Forbidden","message":"Parameter NPSN harap diisi"}
[2026-07-15 21:11:25] INFO - Fallback to legacy endpoint succeeded: http://localhost:5774/WebService/getSekolah?npsn=20252031
[2026-07-15 21:11:25] INFO - Successfully fetched 1 records from getSekolah
[2026-07-15 21:12:23] ERROR - Invalid JSON from Dapodik: Syntax error - snippet: { 'success' : false, 'message': 'Session telah habis. harap melakukan login kembali' }
[2026-07-15 21:12:23] WARNING - Fallback returned invalid JSON for http://localhost:5774/WebService/getSekolah: Syntax error - snippet: HTTP/1.0 403 Forbidden
Cache-Control: no-cache
Date:          Wed, 15 Jul 2026 21:12:23 GMT

{"success":false,"http_code":403,"status_code":"Forbidden","message":"Parameter NPSN harap diisi"}
[2026-07-15 21:12:24] INFO - Fallback to legacy endpoint succeeded: http://localhost:5774/WebService/getSekolah?npsn=20252031
[2026-07-15 21:12:24] INFO - Successfully fetched 1 records from getSekolah
[2026-07-15 21:12:24] ERROR - Invalid JSON from Dapodik: Syntax error - snippet: { 'success' : false, 'message': 'Session telah habis. harap melakukan login kembali' }
[2026-07-15 21:12:24] WARNING - Fallback returned invalid JSON for http://localhost:5774/WebService/getSekolah: Syntax error - snippet: HTTP/1.0 403 Forbidden
Cache-Control: no-cache
Date:          Wed, 15 Jul 2026 21:12:24 GMT

{"success":false,"http_code":403,"status_code":"Forbidden","message":"Parameter NPSN harap diisi"}
[2026-07-15 21:12:25] INFO - Fallback to legacy endpoint succeeded: http://localhost:5774/WebService/getSekolah?npsn=20252031
[2026-07-15 21:12:25] INFO - Successfully fetched 1 records from getSekolah
[2026-07-15 21:13:23] ERROR - Invalid JSON from Dapodik: Syntax error - snippet: { 'success' : false, 'message': 'Session telah habis. harap melakukan login kembali' }
[2026-07-15 21:13:23] WARNING - Fallback returned invalid JSON for http://localhost:5774/WebService/getSekolah: Syntax error - snippet: HTTP/1.0 403 Forbidden
Cache-Control: no-cache
Date:          Wed, 15 Jul 2026 21:13:23 GMT

{"success":false,"http_code":403,"status_code":"Forbidden","message":"Parameter NPSN harap diisi"}
[2026-07-15 21:13:24] INFO - Fallback to legacy endpoint succeeded: http://localhost:5774/WebService/getSekolah?npsn=20252031
[2026-07-15 21:13:24] INFO - Successfully fetched 1 records from getSekolah
[2026-07-15 21:13:24] ERROR - Invalid JSON from Dapodik: Syntax error - snippet: { 'success' : false, 'message': 'Session telah habis. harap melakukan login kembali' }
[2026-07-15 21:13:24] WARNING - Fallback returned invalid JSON for http://localhost:5774/WebService/getSekolah: Syntax error - snippet: HTTP/1.0 403 Forbidden
Cache-Control: no-cache
Date:          Wed, 15 Jul 2026 21:13:24 GMT

{"success":false,"http_code":403,"status_code":"Forbidden","message":"Parameter NPSN harap diisi"}
[2026-07-15 21:13:25] INFO - Fallback to legacy endpoint succeeded: http://localhost:5774/WebService/getSekolah?npsn=20252031
[2026-07-15 21:13:25] INFO - Successfully fetched 1 records from getSekolah
[2026-07-15 21:14:23] ERROR - Invalid JSON from Dapodik: Syntax error - snippet: { 'success' : false, 'message': 'Session telah habis. harap melakukan login kembali' }
[2026-07-15 21:14:23] WARNING - Fallback returned invalid JSON for http://localhost:5774/WebService/getSekolah: Syntax error - snippet: HTTP/1.0 403 Forbidden
Cache-Control: no-cache
Date:          Wed, 15 Jul 2026 21:14:23 GMT

{"success":false,"http_code":403,"status_code":"Forbidden","message":"Parameter NPSN harap diisi"}
[2026-07-15 21:14:24] INFO - Fallback to legacy endpoint succeeded: http://localhost:5774/WebService/getSekolah?npsn=20252031
[2026-07-15 21:14:24] INFO - Successfully fetched 1 records from getSekolah
[2026-07-15 21:14:24] ERROR - Invalid JSON from Dapodik: Syntax error - snippet: { 'success' : false, 'message': 'Session telah habis. harap melakukan login kembali' }
[2026-07-15 21:14:24] WARNING - Fallback returned invalid JSON for http://localhost:5774/WebService/getSekolah: Syntax error - snippet: HTTP/1.0 403 Forbidden
Cache-Control: no-cache
Date:          Wed, 15 Jul 2026 21:14:24 GMT

{"success":false,"http_code":403,"status_code":"Forbidden","message":"Parameter NPSN harap diisi"}
[2026-07-15 21:14:25] INFO - Fallback to legacy endpoint succeeded: http://localhost:5774/WebService/getSekolah?npsn=20252031
[2026-07-15 21:14:25] INFO - Successfully fetched 1 records from getSekolah
[2026-07-15 21:15:23] ERROR - Invalid JSON from Dapodik: Syntax error - snippet: { 'success' : false, 'message': 'Session telah habis. harap melakukan login kembali' }
[2026-07-15 21:15:23] WARNING - Fallback returned invalid JSON for http://localhost:5774/WebService/getSekolah: Syntax error - snippet: HTTP/1.0 403 Forbidden
Cache-Control: no-cache
Date:          Wed, 15 Jul 2026 21:15:23 GMT

{"success":false,"http_code":403,"status_code":"Forbidden","message":"Parameter NPSN harap diisi"}
[2026-07-15 21:15:24] INFO - Fallback to legacy endpoint succeeded: http://localhost:5774/WebService/getSekolah?npsn=20252031
[2026-07-15 21:15:24] INFO - Successfully fetched 1 records from getSekolah
[2026-07-15 21:15:24] ERROR - Invalid JSON from Dapodik: Syntax error - snippet: { 'success' : false, 'message': 'Session telah habis. harap melakukan login kembali' }
[2026-07-15 21:15:24] WARNING - Fallback returned invalid JSON for http://localhost:5774/WebService/getSekolah: Syntax error - snippet: HTTP/1.0 403 Forbidden
Cache-Control: no-cache
Date:          Wed, 15 Jul 2026 21:15:24 GMT

{"success":false,"http_code":403,"status_code":"Forbidden","message":"Parameter NPSN harap diisi"}
[2026-07-15 21:15:25] INFO - Fallback to legacy endpoint succeeded: http://localhost:5774/WebService/getSekolah?npsn=20252031
[2026-07-15 21:15:25] INFO - Successfully fetched 1 records from getSekolah
[2026-07-15 21:16:23] ERROR - Invalid JSON from Dapodik: Syntax error - snippet: { 'success' : false, 'message': 'Session telah habis. harap melakukan login kembali' }
[2026-07-15 21:16:23] WARNING - Fallback returned invalid JSON for http://localhost:5774/WebService/getSekolah: Syntax error - snippet: HTTP/1.0 403 Forbidden
Cache-Control: no-cache
Date:          Wed, 15 Jul 2026 21:16:23 GMT

{"success":false,"http_code":403,"status_code":"Forbidden","message":"Parameter NPSN harap diisi"}
[2026-07-15 21:16:24] INFO - Fallback to legacy endpoint succeeded: http://localhost:5774/WebService/getSekolah?npsn=20252031
[2026-07-15 21:16:24] INFO - Successfully fetched 1 records from getSekolah
[2026-07-15 21:16:24] ERROR - Invalid JSON from Dapodik: Syntax error - snippet: { 'success' : false, 'message': 'Session telah habis. harap melakukan login kembali' }
[2026-07-15 21:16:24] WARNING - Fallback returned invalid JSON for http://localhost:5774/WebService/getSekolah: Syntax error - snippet: HTTP/1.0 403 Forbidden
Cache-Control: no-cache
Date:          Wed, 15 Jul 2026 21:16:24 GMT

{"success":false,"http_code":403,"status_code":"Forbidden","message":"Parameter NPSN harap diisi"}
[2026-07-15 21:16:25] INFO - Fallback to legacy endpoint succeeded: http://localhost:5774/WebService/getSekolah?npsn=20252031
[2026-07-15 21:16:25] INFO - Successfully fetched 1 records from getSekolah
[2026-07-15 21:17:23] ERROR - Invalid JSON from Dapodik: Syntax error - snippet: { 'success' : false, 'message': 'Session telah habis. harap melakukan login kembali' }
[2026-07-15 21:17:23] WARNING - Fallback returned invalid JSON for http://localhost:5774/WebService/getSekolah: Syntax error - snippet: HTTP/1.0 403 Forbidden
Cache-Control: no-cache
Date:          Wed, 15 Jul 2026 21:17:23 GMT

{"success":false,"http_code":403,"status_code":"Forbidden","message":"Parameter NPSN harap diisi"}
[2026-07-15 21:17:24] INFO - Fallback to legacy endpoint succeeded: http://localhost:5774/WebService/getSekolah?npsn=20252031
[2026-07-15 21:17:24] INFO - Successfully fetched 1 records from getSekolah
[2026-07-15 21:17:24] ERROR - Invalid JSON from Dapodik: Syntax error - snippet: { 'success' : false, 'message': 'Session telah habis. harap melakukan login kembali' }
[2026-07-15 21:17:24] WARNING - Fallback returned invalid JSON for http://localhost:5774/WebService/getSekolah: Syntax error - snippet: HTTP/1.0 403 Forbidden
Cache-Control: no-cache
Date:          Wed, 15 Jul 2026 21:17:24 GMT

{"success":false,"http_code":403,"status_code":"Forbidden","message":"Parameter NPSN harap diisi"}
[2026-07-15 21:17:25] INFO - Fallback to legacy endpoint succeeded: http://localhost:5774/WebService/getSekolah?npsn=20252031
[2026-07-15 21:17:25] INFO - Successfully fetched 1 records from getSekolah
[2026-07-15 21:18:23] ERROR - Invalid JSON from Dapodik: Syntax error - snippet: { 'success' : false, 'message': 'Session telah habis. harap melakukan login kembali' }
[2026-07-15 21:18:23] WARNING - Fallback returned invalid JSON for http://localhost:5774/WebService/getSekolah: Syntax error - snippet: HTTP/1.0 403 Forbidden
Cache-Control: no-cache
Date:          Wed, 15 Jul 2026 21:18:23 GMT

{"success":false,"http_code":403,"status_code":"Forbidden","message":"Parameter NPSN harap diisi"}
[2026-07-15 21:18:24] INFO - Fallback to legacy endpoint succeeded: http://localhost:5774/WebService/getSekolah?npsn=20252031
[2026-07-15 21:18:24] INFO - Successfully fetched 1 records from getSekolah
[2026-07-15 21:18:24] ERROR - Invalid JSON from Dapodik: Syntax error - snippet: { 'success' : false, 'message': 'Session telah habis. harap melakukan login kembali' }
[2026-07-15 21:18:24] WARNING - Fallback returned invalid JSON for http://localhost:5774/WebService/getSekolah: Syntax error - snippet: HTTP/1.0 403 Forbidden
Cache-Control: no-cache
Date:          Wed, 15 Jul 2026 21:18:24 GMT

{"success":false,"http_code":403,"status_code":"Forbidden","message":"Parameter NPSN harap diisi"}
[2026-07-15 21:18:25] INFO - Fallback to legacy endpoint succeeded: http://localhost:5774/WebService/getSekolah?npsn=20252031
[2026-07-15 21:18:25] INFO - Successfully fetched 1 records from getSekolah
[2026-07-15 21:19:23] ERROR - Invalid JSON from Dapodik: Syntax error - snippet: { 'success' : false, 'message': 'Session telah habis. harap melakukan login kembali' }
[2026-07-15 21:19:23] WARNING - Fallback returned invalid JSON for http://localhost:5774/WebService/getSekolah: Syntax error - snippet: HTTP/1.0 403 Forbidden
Cache-Control: no-cache
Date:          Wed, 15 Jul 2026 21:19:23 GMT

{"success":false,"http_code":403,"status_code":"Forbidden","message":"Parameter NPSN harap diisi"}
[2026-07-15 21:19:24] INFO - Fallback to legacy endpoint succeeded: http://localhost:5774/WebService/getSekolah?npsn=20252031
[2026-07-15 21:19:24] INFO - Successfully fetched 1 records from getSekolah
[2026-07-15 21:19:24] ERROR - Invalid JSON from Dapodik: Syntax error - snippet: { 'success' : false, 'message': 'Session telah habis. harap melakukan login kembali' }
[2026-07-15 21:19:24] WARNING - Fallback returned invalid JSON for http://localhost:5774/WebService/getSekolah: Syntax error - snippet: HTTP/1.0 403 Forbidden
Cache-Control: no-cache
Date:          Wed, 15 Jul 2026 21:19:24 GMT

{"success":false,"http_code":403,"status_code":"Forbidden","message":"Parameter NPSN harap diisi"}
[2026-07-15 21:19:25] INFO - Fallback to legacy endpoint succeeded: http://localhost:5774/WebService/getSekolah?npsn=20252031
[2026-07-15 21:19:25] INFO - Successfully fetched 1 records from getSekolah
[2026-07-15 21:20:23] ERROR - Invalid JSON from Dapodik: Syntax error - snippet: { 'success' : false, 'message': 'Session telah habis. harap melakukan login kembali' }
[2026-07-15 21:20:23] WARNING - Fallback returned invalid JSON for http://localhost:5774/WebService/getSekolah: Syntax error - snippet: HTTP/1.0 403 Forbidden
Cache-Control: no-cache
Date:          Wed, 15 Jul 2026 21:20:23 GMT

{"success":false,"http_code":403,"status_code":"Forbidden","message":"Parameter NPSN harap diisi"}
[2026-07-15 21:20:24] INFO - Fallback to legacy endpoint succeeded: http://localhost:5774/WebService/getSekolah?npsn=20252031
[2026-07-15 21:20:24] INFO - Successfully fetched 1 records from getSekolah
[2026-07-15 21:20:24] ERROR - Invalid JSON from Dapodik: Syntax error - snippet: { 'success' : false, 'message': 'Session telah habis. harap melakukan login kembali' }
[2026-07-15 21:20:24] WARNING - Fallback returned invalid JSON for http://localhost:5774/WebService/getSekolah: Syntax error - snippet: HTTP/1.0 403 Forbidden
Cache-Control: no-cache
Date:          Wed, 15 Jul 2026 21:20:24 GMT

{"success":false,"http_code":403,"status_code":"Forbidden","message":"Parameter NPSN harap diisi"}
[2026-07-15 21:20:25] INFO - Fallback to legacy endpoint succeeded: http://localhost:5774/WebService/getSekolah?npsn=20252031
[2026-07-15 21:20:25] INFO - Successfully fetched 1 records from getSekolah
[2026-07-15 21:21:23] ERROR - Invalid JSON from Dapodik: Syntax error - snippet: { 'success' : false, 'message': 'Session telah habis. harap melakukan login kembali' }
[2026-07-15 21:21:23] WARNING - Fallback returned invalid JSON for http://localhost:5774/WebService/getSekolah: Syntax error - snippet: HTTP/1.0 403 Forbidden
Cache-Control: no-cache
Date:          Wed, 15 Jul 2026 21:21:23 GMT

{"success":false,"http_code":403,"status_code":"Forbidden","message":"Parameter NPSN harap diisi"}
[2026-07-15 21:21:24] INFO - Fallback to legacy endpoint succeeded: http://localhost:5774/WebService/getSekolah?npsn=20252031
[2026-07-15 21:21:24] INFO - Successfully fetched 1 records from getSekolah
[2026-07-15 21:21:24] ERROR - Invalid JSON from Dapodik: Syntax error - snippet: { 'success' : false, 'message': 'Session telah habis. harap melakukan login kembali' }
[2026-07-15 21:21:24] WARNING - Fallback returned invalid JSON for http://localhost:5774/WebService/getSekolah: Syntax error - snippet: HTTP/1.0 403 Forbidden
Cache-Control: no-cache
Date:          Wed, 15 Jul 2026 21:21:24 GMT

{"success":false,"http_code":403,"status_code":"Forbidden","message":"Parameter NPSN harap diisi"}
[2026-07-15 21:21:25] INFO - Fallback to legacy endpoint succeeded: http://localhost:5774/WebService/getSekolah?npsn=20252031
[2026-07-15 21:21:25] INFO - Successfully fetched 1 records from getSekolah
[2026-07-15 21:22:23] ERROR - Invalid JSON from Dapodik: Syntax error - snippet: { 'success' : false, 'message': 'Session telah habis. harap melakukan login kembali' }
[2026-07-15 21:22:23] WARNING - Fallback returned invalid JSON for http://localhost:5774/WebService/getSekolah: Syntax error - snippet: HTTP/1.0 403 Forbidden
Cache-Control: no-cache
Date:          Wed, 15 Jul 2026 21:22:23 GMT

{"success":false,"http_code":403,"status_code":"Forbidden","message":"Parameter NPSN harap diisi"}
[2026-07-15 21:22:24] INFO - Fallback to legacy endpoint succeeded: http://localhost:5774/WebService/getSekolah?npsn=20252031
[2026-07-15 21:22:24] INFO - Successfully fetched 1 records from getSekolah
[2026-07-15 21:22:24] ERROR - Invalid JSON from Dapodik: Syntax error - snippet: { 'success' : false, 'message': 'Session telah habis. harap melakukan login kembali' }
[2026-07-15 21:22:24] WARNING - Fallback returned invalid JSON for http://localhost:5774/WebService/getSekolah: Syntax error - snippet: HTTP/1.0 403 Forbidden
Cache-Control: no-cache
Date:          Wed, 15 Jul 2026 21:22:24 GMT

{"success":false,"http_code":403,"status_code":"Forbidden","message":"Parameter NPSN harap diisi"}
[2026-07-15 21:22:25] INFO - Fallback to legacy endpoint succeeded: http://localhost:5774/WebService/getSekolah?npsn=20252031
[2026-07-15 21:22:25] INFO - Successfully fetched 1 records from getSekolah
[2026-07-15 21:23:23] ERROR - Invalid JSON from Dapodik: Syntax error - snippet: { 'success' : false, 'message': 'Session telah habis. harap melakukan login kembali' }
[2026-07-15 21:23:23] WARNING - Fallback returned invalid JSON for http://localhost:5774/WebService/getSekolah: Syntax error - snippet: HTTP/1.0 403 Forbidden
Cache-Control: no-cache
Date:          Wed, 15 Jul 2026 21:23:23 GMT

{"success":false,"http_code":403,"status_code":"Forbidden","message":"Parameter NPSN harap diisi"}
[2026-07-15 21:23:24] INFO - Fallback to legacy endpoint succeeded: http://localhost:5774/WebService/getSekolah?npsn=20252031
[2026-07-15 21:23:24] INFO - Successfully fetched 1 records from getSekolah
[2026-07-15 21:23:24] ERROR - Invalid JSON from Dapodik: Syntax error - snippet: { 'success' : false, 'message': 'Session telah habis. harap melakukan login kembali' }
[2026-07-15 21:23:24] WARNING - Fallback returned invalid JSON for http://localhost:5774/WebService/getSekolah: Syntax error - snippet: HTTP/1.0 403 Forbidden
Cache-Control: no-cache
Date:          Wed, 15 Jul 2026 21:23:24 GMT

{"success":false,"http_code":403,"status_code":"Forbidden","message":"Parameter NPSN harap diisi"}
[2026-07-15 21:23:25] INFO - Fallback to legacy endpoint succeeded: http://localhost:5774/WebService/getSekolah?npsn=20252031
[2026-07-15 21:23:25] INFO - Successfully fetched 1 records from getSekolah
[2026-07-15 21:24:23] ERROR - Invalid JSON from Dapodik: Syntax error - snippet: { 'success' : false, 'message': 'Session telah habis. harap melakukan login kembali' }
[2026-07-15 21:24:23] WARNING - Fallback returned invalid JSON for http://localhost:5774/WebService/getSekolah: Syntax error - snippet: HTTP/1.0 403 Forbidden
Cache-Control: no-cache
Date:          Wed, 15 Jul 2026 21:24:23 GMT

{"success":false,"http_code":403,"status_code":"Forbidden","message":"Parameter NPSN harap diisi"}
[2026-07-15 21:24:24] INFO - Fallback to legacy endpoint succeeded: http://localhost:5774/WebService/getSekolah?npsn=20252031
[2026-07-15 21:24:24] INFO - Successfully fetched 1 records from getSekolah
[2026-07-15 21:24:24] ERROR - Invalid JSON from Dapodik: Syntax error - snippet: { 'success' : false, 'message': 'Session telah habis. harap melakukan login kembali' }
[2026-07-15 21:24:24] WARNING - Fallback returned invalid JSON for http://localhost:5774/WebService/getSekolah: Syntax error - snippet: HTTP/1.0 403 Forbidden
Cache-Control: no-cache
Date:          Wed, 15 Jul 2026 21:24:24 GMT

{"success":false,"http_code":403,"status_code":"Forbidden","message":"Parameter NPSN harap diisi"}
[2026-07-15 21:24:25] INFO - Fallback to legacy endpoint succeeded: http://localhost:5774/WebService/getSekolah?npsn=20252031
[2026-07-15 21:24:25] INFO - Successfully fetched 1 records from getSekolah
[2026-07-15 21:25:23] ERROR - Invalid JSON from Dapodik: Syntax error - snippet: { 'success' : false, 'message': 'Session telah habis. harap melakukan login kembali' }
[2026-07-15 21:25:23] WARNING - Fallback returned invalid JSON for http://localhost:5774/WebService/getSekolah: Syntax error - snippet: HTTP/1.0 403 Forbidden
Cache-Control: no-cache
Date:          Wed, 15 Jul 2026 21:25:23 GMT

{"success":false,"http_code":403,"status_code":"Forbidden","message":"Parameter NPSN harap diisi"}
[2026-07-15 21:25:24] INFO - Fallback to legacy endpoint succeeded: http://localhost:5774/WebService/getSekolah?npsn=20252031
[2026-07-15 21:25:24] INFO - Successfully fetched 1 records from getSekolah
[2026-07-15 21:25:24] ERROR - Invalid JSON from Dapodik: Syntax error - snippet: { 'success' : false, 'message': 'Session telah habis. harap melakukan login kembali' }
[2026-07-15 21:25:24] WARNING - Fallback returned invalid JSON for http://localhost:5774/WebService/getSekolah: Syntax error - snippet: HTTP/1.0 403 Forbidden
Cache-Control: no-cache
Date:          Wed, 15 Jul 2026 21:25:24 GMT

{"success":false,"http_code":403,"status_code":"Forbidden","message":"Parameter NPSN harap diisi"}
[2026-07-15 21:25:25] INFO - Fallback to legacy endpoint succeeded: http://localhost:5774/WebService/getSekolah?npsn=20252031
[2026-07-15 21:25:25] INFO - Successfully fetched 1 records from getSekolah
[2026-07-15 21:26:23] ERROR - Invalid JSON from Dapodik: Syntax error - snippet: { 'success' : false, 'message': 'Session telah habis. harap melakukan login kembali' }
[2026-07-15 21:26:23] WARNING - Fallback returned invalid JSON for http://localhost:5774/WebService/getSekolah: Syntax error - snippet: HTTP/1.0 403 Forbidden
Cache-Control: no-cache
Date:          Wed, 15 Jul 2026 21:26:23 GMT

{"success":false,"http_code":403,"status_code":"Forbidden","message":"Parameter NPSN harap diisi"}
[2026-07-15 21:26:24] INFO - Fallback to legacy endpoint succeeded: http://localhost:5774/WebService/getSekolah?npsn=20252031
[2026-07-15 21:26:24] INFO - Successfully fetched 1 records from getSekolah
[2026-07-15 21:26:24] ERROR - Invalid JSON from Dapodik: Syntax error - snippet: { 'success' : false, 'message': 'Session telah habis. harap melakukan login kembali' }
[2026-07-15 21:26:24] WARNING - Fallback returned invalid JSON for http://localhost:5774/WebService/getSekolah: Syntax error - snippet: HTTP/1.0 403 Forbidden
Cache-Control: no-cache
Date:          Wed, 15 Jul 2026 21:26:24 GMT

{"success":false,"http_code":403,"status_code":"Forbidden","message":"Parameter NPSN harap diisi"}
[2026-07-15 21:26:25] INFO - Fallback to legacy endpoint succeeded: http://localhost:5774/WebService/getSekolah?npsn=20252031
[2026-07-15 21:26:25] INFO - Successfully fetched 1 records from getSekolah
[2026-07-15 21:27:23] ERROR - Invalid JSON from Dapodik: Syntax error - snippet: { 'success' : false, 'message': 'Session telah habis. harap melakukan login kembali' }
[2026-07-15 21:27:23] WARNING - Fallback returned invalid JSON for http://localhost:5774/WebService/getSekolah: Syntax error - snippet: HTTP/1.0 403 Forbidden
Cache-Control: no-cache
Date:          Wed, 15 Jul 2026 21:27:23 GMT

{"success":false,"http_code":403,"status_code":"Forbidden","message":"Parameter NPSN harap diisi"}
[2026-07-15 21:27:24] INFO - Fallback to legacy endpoint succeeded: http://localhost:5774/WebService/getSekolah?npsn=20252031
[2026-07-15 21:27:24] INFO - Successfully fetched 1 records from getSekolah
[2026-07-15 21:27:24] ERROR - Invalid JSON from Dapodik: Syntax error - snippet: { 'success' : false, 'message': 'Session telah habis. harap melakukan login kembali' }
[2026-07-15 21:27:24] WARNING - Fallback returned invalid JSON for http://localhost:5774/WebService/getSekolah: Syntax error - snippet: HTTP/1.0 403 Forbidden
Cache-Control: no-cache
Date:          Wed, 15 Jul 2026 21:27:24 GMT

{"success":false,"http_code":403,"status_code":"Forbidden","message":"Parameter NPSN harap diisi"}
[2026-07-15 21:27:25] INFO - Fallback to legacy endpoint succeeded: http://localhost:5774/WebService/getSekolah?npsn=20252031
[2026-07-15 21:27:25] INFO - Successfully fetched 1 records from getSekolah
[2026-07-15 21:28:23] ERROR - Invalid JSON from Dapodik: Syntax error - snippet: { 'success' : false, 'message': 'Session telah habis. harap melakukan login kembali' }
[2026-07-15 21:28:23] WARNING - Fallback returned invalid JSON for http://localhost:5774/WebService/getSekolah: Syntax error - snippet: HTTP/1.0 403 Forbidden
Cache-Control: no-cache
Date:          Wed, 15 Jul 2026 21:28:23 GMT

{"success":false,"http_code":403,"status_code":"Forbidden","message":"Parameter NPSN harap diisi"}
[2026-07-15 21:28:24] INFO - Fallback to legacy endpoint succeeded: http://localhost:5774/WebService/getSekolah?npsn=20252031
[2026-07-15 21:28:24] INFO - Successfully fetched 1 records from getSekolah
[2026-07-15 21:28:24] ERROR - Invalid JSON from Dapodik: Syntax error - snippet: { 'success' : false, 'message': 'Session telah habis. harap melakukan login kembali' }
[2026-07-15 21:28:24] WARNING - Fallback returned invalid JSON for http://localhost:5774/WebService/getSekolah: Syntax error - snippet: HTTP/1.0 403 Forbidden
Cache-Control: no-cache
Date:          Wed, 15 Jul 2026 21:28:24 GMT

{"success":false,"http_code":403,"status_code":"Forbidden","message":"Parameter NPSN harap diisi"}
[2026-07-15 21:28:25] INFO - Fallback to legacy endpoint succeeded: http://localhost:5774/WebService/getSekolah?npsn=20252031
[2026-07-15 21:28:25] INFO - Successfully fetched 1 records from getSekolah
[2026-07-15 21:29:23] ERROR - Invalid JSON from Dapodik: Syntax error - snippet: { 'success' : false, 'message': 'Session telah habis. harap melakukan login kembali' }
[2026-07-15 21:29:23] WARNING - Fallback returned invalid JSON for http://localhost:5774/WebService/getSekolah: Syntax error - snippet: HTTP/1.0 403 Forbidden
Cache-Control: no-cache
Date:          Wed, 15 Jul 2026 21:29:23 GMT

{"success":false,"http_code":403,"status_code":"Forbidden","message":"Parameter NPSN harap diisi"}
[2026-07-15 21:29:24] INFO - Fallback to legacy endpoint succeeded: http://localhost:5774/WebService/getSekolah?npsn=20252031
[2026-07-15 21:29:24] INFO - Successfully fetched 1 records from getSekolah
[2026-07-15 21:29:24] ERROR - Invalid JSON from Dapodik: Syntax error - snippet: { 'success' : false, 'message': 'Session telah habis. harap melakukan login kembali' }
[2026-07-15 21:29:24] WARNING - Fallback returned invalid JSON for http://localhost:5774/WebService/getSekolah: Syntax error - snippet: HTTP/1.0 403 Forbidden
Cache-Control: no-cache
Date:          Wed, 15 Jul 2026 21:29:24 GMT

{"success":false,"http_code":403,"status_code":"Forbidden","message":"Parameter NPSN harap diisi"}
[2026-07-15 21:29:25] INFO - Fallback to legacy endpoint succeeded: http://localhost:5774/WebService/getSekolah?npsn=20252031
[2026-07-15 21:29:25] INFO - Successfully fetched 1 records from getSekolah
[2026-07-15 21:30:23] ERROR - Invalid JSON from Dapodik: Syntax error - snippet: { 'success' : false, 'message': 'Session telah habis. harap melakukan login kembali' }
[2026-07-15 21:30:23] WARNING - Fallback returned invalid JSON for http://localhost:5774/WebService/getSekolah: Syntax error - snippet: HTTP/1.0 403 Forbidden
Cache-Control: no-cache
Date:          Wed, 15 Jul 2026 21:30:23 GMT

{"success":false,"http_code":403,"status_code":"Forbidden","message":"Parameter NPSN harap diisi"}
[2026-07-15 21:30:24] INFO - Fallback to legacy endpoint succeeded: http://localhost:5774/WebService/getSekolah?npsn=20252031
[2026-07-15 21:30:24] INFO - Successfully fetched 1 records from getSekolah
[2026-07-15 21:30:24] ERROR - Invalid JSON from Dapodik: Syntax error - snippet: { 'success' : false, 'message': 'Session telah habis. harap melakukan login kembali' }
[2026-07-15 21:30:24] WARNING - Fallback returned invalid JSON for http://localhost:5774/WebService/getSekolah: Syntax error - snippet: HTTP/1.0 403 Forbidden
Cache-Control: no-cache
Date:          Wed, 15 Jul 2026 21:30:24 GMT

{"success":false,"http_code":403,"status_code":"Forbidden","message":"Parameter NPSN harap diisi"}
[2026-07-15 21:30:25] INFO - Fallback to legacy endpoint succeeded: http://localhost:5774/WebService/getSekolah?npsn=20252031
[2026-07-15 21:30:25] INFO - Successfully fetched 1 records from getSekolah
[2026-07-15 21:31:23] ERROR - Invalid JSON from Dapodik: Syntax error - snippet: { 'success' : false, 'message': 'Session telah habis. harap melakukan login kembali' }
[2026-07-15 21:31:23] WARNING - Fallback returned invalid JSON for http://localhost:5774/WebService/getSekolah: Syntax error - snippet: HTTP/1.0 403 Forbidden
Cache-Control: no-cache
Date:          Wed, 15 Jul 2026 21:31:23 GMT

{"success":false,"http_code":403,"status_code":"Forbidden","message":"Parameter NPSN harap diisi"}
[2026-07-15 21:31:24] INFO - Fallback to legacy endpoint succeeded: http://localhost:5774/WebService/getSekolah?npsn=20252031
[2026-07-15 21:31:24] INFO - Successfully fetched 1 records from getSekolah
[2026-07-15 21:31:24] ERROR - Invalid JSON from Dapodik: Syntax error - snippet: { 'success' : false, 'message': 'Session telah habis. harap melakukan login kembali' }
[2026-07-15 21:31:24] WARNING - Fallback returned invalid JSON for http://localhost:5774/WebService/getSekolah: Syntax error - snippet: HTTP/1.0 403 Forbidden
Cache-Control: no-cache
Date:          Wed, 15 Jul 2026 21:31:24 GMT

{"success":false,"http_code":403,"status_code":"Forbidden","message":"Parameter NPSN harap diisi"}
[2026-07-15 21:31:25] INFO - Fallback to legacy endpoint succeeded: http://localhost:5774/WebService/getSekolah?npsn=20252031
[2026-07-15 21:31:25] INFO - Successfully fetched 1 records from getSekolah
[2026-07-15 21:32:23] ERROR - Invalid JSON from Dapodik: Syntax error - snippet: { 'success' : false, 'message': 'Session telah habis. harap melakukan login kembali' }
[2026-07-15 21:32:23] WARNING - Fallback returned invalid JSON for http://localhost:5774/WebService/getSekolah: Syntax error - snippet: HTTP/1.0 403 Forbidden
Cache-Control: no-cache
Date:          Wed, 15 Jul 2026 21:32:23 GMT

{"success":false,"http_code":403,"status_code":"Forbidden","message":"Parameter NPSN harap diisi"}
[2026-07-15 21:32:24] INFO - Fallback to legacy endpoint succeeded: http://localhost:5774/WebService/getSekolah?npsn=20252031
[2026-07-15 21:32:24] INFO - Successfully fetched 1 records from getSekolah
[2026-07-15 21:32:24] ERROR - Invalid JSON from Dapodik: Syntax error - snippet: { 'success' : false, 'message': 'Session telah habis. harap melakukan login kembali' }
[2026-07-15 21:32:24] WARNING - Fallback returned invalid JSON for http://localhost:5774/WebService/getSekolah: Syntax error - snippet: HTTP/1.0 403 Forbidden
Cache-Control: no-cache
Date:          Wed, 15 Jul 2026 21:32:24 GMT

{"success":false,"http_code":403,"status_code":"Forbidden","message":"Parameter NPSN harap diisi"}
[2026-07-15 21:32:25] INFO - Fallback to legacy endpoint succeeded: http://localhost:5774/WebService/getSekolah?npsn=20252031
[2026-07-15 21:32:25] INFO - Successfully fetched 1 records from getSekolah
[2026-07-15 21:33:23] ERROR - Invalid JSON from Dapodik: Syntax error - snippet: { 'success' : false, 'message': 'Session telah habis. harap melakukan login kembali' }
[2026-07-15 21:33:23] WARNING - Fallback returned invalid JSON for http://localhost:5774/WebService/getSekolah: Syntax error - snippet: HTTP/1.0 403 Forbidden
Cache-Control: no-cache
Date:          Wed, 15 Jul 2026 21:33:23 GMT

{"success":false,"http_code":403,"status_code":"Forbidden","message":"Parameter NPSN harap diisi"}
[2026-07-15 21:33:24] INFO - Fallback to legacy endpoint succeeded: http://localhost:5774/WebService/getSekolah?npsn=20252031
[2026-07-15 21:33:24] INFO - Successfully fetched 1 records from getSekolah
[2026-07-15 21:33:24] ERROR - Invalid JSON from Dapodik: Syntax error - snippet: { 'success' : false, 'message': 'Session telah habis. harap melakukan login kembali' }
[2026-07-15 21:33:24] WARNING - Fallback returned invalid JSON for http://localhost:5774/WebService/getSekolah: Syntax error - snippet: HTTP/1.0 403 Forbidden
Cache-Control: no-cache
Date:          Wed, 15 Jul 2026 21:33:24 GMT

{"success":false,"http_code":403,"status_code":"Forbidden","message":"Parameter NPSN harap diisi"}
[2026-07-15 21:33:25] INFO - Fallback to legacy endpoint succeeded: http://localhost:5774/WebService/getSekolah?npsn=20252031
[2026-07-15 21:33:25] INFO - Successfully fetched 1 records from getSekolah
[2026-07-15 21:34:23] ERROR - Invalid JSON from Dapodik: Syntax error - snippet: { 'success' : false, 'message': 'Session telah habis. harap melakukan login kembali' }
[2026-07-15 21:34:23] WARNING - Fallback returned invalid JSON for http://localhost:5774/WebService/getSekolah: Syntax error - snippet: HTTP/1.0 403 Forbidden
Cache-Control: no-cache
Date:          Wed, 15 Jul 2026 21:34:23 GMT

{"success":false,"http_code":403,"status_code":"Forbidden","message":"Parameter NPSN harap diisi"}
[2026-07-15 21:34:24] INFO - Fallback to legacy endpoint succeeded: http://localhost:5774/WebService/getSekolah?npsn=20252031
[2026-07-15 21:34:24] INFO - Successfully fetched 1 records from getSekolah
[2026-07-15 21:34:24] ERROR - Invalid JSON from Dapodik: Syntax error - snippet: { 'success' : false, 'message': 'Session telah habis. harap melakukan login kembali' }
[2026-07-15 21:34:24] WARNING - Fallback returned invalid JSON for http://localhost:5774/WebService/getSekolah: Syntax error - snippet: HTTP/1.0 403 Forbidden
Cache-Control: no-cache
Date:          Wed, 15 Jul 2026 21:34:24 GMT

{"success":false,"http_code":403,"status_code":"Forbidden","message":"Parameter NPSN harap diisi"}
[2026-07-15 21:34:25] INFO - Fallback to legacy endpoint succeeded: http://localhost:5774/WebService/getSekolah?npsn=20252031
[2026-07-15 21:34:25] INFO - Successfully fetched 1 records from getSekolah
[2026-07-15 21:35:23] ERROR - Invalid JSON from Dapodik: Syntax error - snippet: { 'success' : false, 'message': 'Session telah habis. harap melakukan login kembali' }
[2026-07-15 21:35:23] WARNING - Fallback returned invalid JSON for http://localhost:5774/WebService/getSekolah: Syntax error - snippet: HTTP/1.0 403 Forbidden
Cache-Control: no-cache
Date:          Wed, 15 Jul 2026 21:35:23 GMT

{"success":false,"http_code":403,"status_code":"Forbidden","message":"Parameter NPSN harap diisi"}
[2026-07-15 21:35:24] INFO - Fallback to legacy endpoint succeeded: http://localhost:5774/WebService/getSekolah?npsn=20252031
[2026-07-15 21:35:24] INFO - Successfully fetched 1 records from getSekolah
[2026-07-15 21:35:24] ERROR - Invalid JSON from Dapodik: Syntax error - snippet: { 'success' : false, 'message': 'Session telah habis. harap melakukan login kembali' }
[2026-07-15 21:35:24] WARNING - Fallback returned invalid JSON for http://localhost:5774/WebService/getSekolah: Syntax error - snippet: HTTP/1.0 403 Forbidden
Cache-Control: no-cache
Date:          Wed, 15 Jul 2026 21:35:24 GMT

{"success":false,"http_code":403,"status_code":"Forbidden","message":"Parameter NPSN harap diisi"}
[2026-07-15 21:35:25] INFO - Fallback to legacy endpoint succeeded: http://localhost:5774/WebService/getSekolah?npsn=20252031
[2026-07-15 21:35:25] INFO - Successfully fetched 1 records from getSekolah
[2026-07-15 21:36:23] ERROR - Invalid JSON from Dapodik: Syntax error - snippet: { 'success' : false, 'message': 'Session telah habis. harap melakukan login kembali' }
[2026-07-15 21:36:23] WARNING - Fallback returned invalid JSON for http://localhost:5774/WebService/getSekolah: Syntax error - snippet: HTTP/1.0 403 Forbidden
Cache-Control: no-cache
Date:          Wed, 15 Jul 2026 21:36:23 GMT

{"success":false,"http_code":403,"status_code":"Forbidden","message":"Parameter NPSN harap diisi"}
[2026-07-15 21:36:24] INFO - Fallback to legacy endpoint succeeded: http://localhost:5774/WebService/getSekolah?npsn=20252031
[2026-07-15 21:36:24] INFO - Successfully fetched 1 records from getSekolah
[2026-07-15 21:36:24] ERROR - Invalid JSON from Dapodik: Syntax error - snippet: { 'success' : false, 'message': 'Session telah habis. harap melakukan login kembali' }
[2026-07-15 21:36:24] WARNING - Fallback returned invalid JSON for http://localhost:5774/WebService/getSekolah: Syntax error - snippet: HTTP/1.0 403 Forbidden
Cache-Control: no-cache
Date:          Wed, 15 Jul 2026 21:36:24 GMT

{"success":false,"http_code":403,"status_code":"Forbidden","message":"Parameter NPSN harap diisi"}
[2026-07-15 21:36:25] INFO - Fallback to legacy endpoint succeeded: http://localhost:5774/WebService/getSekolah?npsn=20252031
[2026-07-15 21:36:25] INFO - Successfully fetched 1 records from getSekolah
[2026-07-15 21:37:23] ERROR - Invalid JSON from Dapodik: Syntax error - snippet: { 'success' : false, 'message': 'Session telah habis. harap melakukan login kembali' }
[2026-07-15 21:37:23] WARNING - Fallback returned invalid JSON for http://localhost:5774/WebService/getSekolah: Syntax error - snippet: HTTP/1.0 403 Forbidden
Cache-Control: no-cache
Date:          Wed, 15 Jul 2026 21:37:23 GMT

{"success":false,"http_code":403,"status_code":"Forbidden","message":"Parameter NPSN harap diisi"}
[2026-07-15 21:37:24] INFO - Fallback to legacy endpoint succeeded: http://localhost:5774/WebService/getSekolah?npsn=20252031
[2026-07-15 21:37:24] INFO - Successfully fetched 1 records from getSekolah
[2026-07-15 21:37:24] ERROR - Invalid JSON from Dapodik: Syntax error - snippet: { 'success' : false, 'message': 'Session telah habis. harap melakukan login kembali' }
[2026-07-15 21:37:24] WARNING - Fallback returned invalid JSON for http://localhost:5774/WebService/getSekolah: Syntax error - snippet: HTTP/1.0 403 Forbidden
Cache-Control: no-cache
Date:          Wed, 15 Jul 2026 21:37:24 GMT

{"success":false,"http_code":403,"status_code":"Forbidden","message":"Parameter NPSN harap diisi"}
[2026-07-15 21:37:25] INFO - Fallback to legacy endpoint succeeded: http://localhost:5774/WebService/getSekolah?npsn=20252031
[2026-07-15 21:37:25] INFO - Successfully fetched 1 records from getSekolah
[2026-07-15 21:38:23] ERROR - Invalid JSON from Dapodik: Syntax error - snippet: { 'success' : false, 'message': 'Session telah habis. harap melakukan login kembali' }
[2026-07-15 21:38:23] WARNING - Fallback returned invalid JSON for http://localhost:5774/WebService/getSekolah: Syntax error - snippet: HTTP/1.0 403 Forbidden
Cache-Control: no-cache
Date:          Wed, 15 Jul 2026 21:38:23 GMT

{"success":false,"http_code":403,"status_code":"Forbidden","message":"Parameter NPSN harap diisi"}
[2026-07-15 21:38:24] INFO - Fallback to legacy endpoint succeeded: http://localhost:5774/WebService/getSekolah?npsn=20252031
[2026-07-15 21:38:24] INFO - Successfully fetched 1 records from getSekolah
[2026-07-15 21:38:24] ERROR - Invalid JSON from Dapodik: Syntax error - snippet: { 'success' : false, 'message': 'Session telah habis. harap melakukan login kembali' }
[2026-07-15 21:38:24] WARNING - Fallback returned invalid JSON for http://localhost:5774/WebService/getSekolah: Syntax error - snippet: HTTP/1.0 403 Forbidden
Cache-Control: no-cache
Date:          Wed, 15 Jul 2026 21:38:24 GMT

{"success":false,"http_code":403,"status_code":"Forbidden","message":"Parameter NPSN harap diisi"}
[2026-07-15 21:38:25] INFO - Fallback to legacy endpoint succeeded: http://localhost:5774/WebService/getSekolah?npsn=20252031
[2026-07-15 21:38:25] INFO - Successfully fetched 1 records from getSekolah
[2026-07-15 21:39:23] ERROR - Invalid JSON from Dapodik: Syntax error - snippet: { 'success' : false, 'message': 'Session telah habis. harap melakukan login kembali' }
[2026-07-15 21:39:23] WARNING - Fallback returned invalid JSON for http://localhost:5774/WebService/getSekolah: Syntax error - snippet: HTTP/1.0 403 Forbidden
Cache-Control: no-cache
Date:          Wed, 15 Jul 2026 21:39:23 GMT

{"success":false,"http_code":403,"status_code":"Forbidden","message":"Parameter NPSN harap diisi"}
[2026-07-15 21:39:24] INFO - Fallback to legacy endpoint succeeded: http://localhost:5774/WebService/getSekolah?npsn=20252031
[2026-07-15 21:39:24] INFO - Successfully fetched 1 records from getSekolah
[2026-07-15 21:39:24] ERROR - Invalid JSON from Dapodik: Syntax error - snippet: { 'success' : false, 'message': 'Session telah habis. harap melakukan login kembali' }
[2026-07-15 21:39:24] WARNING - Fallback returned invalid JSON for http://localhost:5774/WebService/getSekolah: Syntax error - snippet: HTTP/1.0 403 Forbidden
Cache-Control: no-cache
Date:          Wed, 15 Jul 2026 21:39:24 GMT

{"success":false,"http_code":403,"status_code":"Forbidden","message":"Parameter NPSN harap diisi"}
[2026-07-15 21:39:25] INFO - Fallback to legacy endpoint succeeded: http://localhost:5774/WebService/getSekolah?npsn=20252031
[2026-07-15 21:39:25] INFO - Successfully fetched 1 records from getSekolah
[2026-07-15 21:40:23] ERROR - Invalid JSON from Dapodik: Syntax error - snippet: { 'success' : false, 'message': 'Session telah habis. harap melakukan login kembali' }
[2026-07-15 21:40:23] WARNING - Fallback returned invalid JSON for http://localhost:5774/WebService/getSekolah: Syntax error - snippet: HTTP/1.0 403 Forbidden
Cache-Control: no-cache
Date:          Wed, 15 Jul 2026 21:40:23 GMT

{"success":false,"http_code":403,"status_code":"Forbidden","message":"Parameter NPSN harap diisi"}
[2026-07-15 21:40:24] INFO - Fallback to legacy endpoint succeeded: http://localhost:5774/WebService/getSekolah?npsn=20252031
[2026-07-15 21:40:24] INFO - Successfully fetched 1 records from getSekolah
[2026-07-15 21:40:24] ERROR - Invalid JSON from Dapodik: Syntax error - snippet: { 'success' : false, 'message': 'Session telah habis. harap melakukan login kembali' }
[2026-07-15 21:40:24] WARNING - Fallback returned invalid JSON for http://localhost:5774/WebService/getSekolah: Syntax error - snippet: HTTP/1.0 403 Forbidden
Cache-Control: no-cache
Date:          Wed, 15 Jul 2026 21:40:24 GMT

{"success":false,"http_code":403,"status_code":"Forbidden","message":"Parameter NPSN harap diisi"}
[2026-07-15 21:40:25] INFO - Fallback to legacy endpoint succeeded: http://localhost:5774/WebService/getSekolah?npsn=20252031
[2026-07-15 21:40:25] INFO - Successfully fetched 1 records from getSekolah
[2026-07-15 21:41:23] ERROR - Invalid JSON from Dapodik: Syntax error - snippet: { 'success' : false, 'message': 'Session telah habis. harap melakukan login kembali' }
[2026-07-15 21:41:23] WARNING - Fallback returned invalid JSON for http://localhost:5774/WebService/getSekolah: Syntax error - snippet: HTTP/1.0 403 Forbidden
Cache-Control: no-cache
Date:          Wed, 15 Jul 2026 21:41:23 GMT

{"success":false,"http_code":403,"status_code":"Forbidden","message":"Parameter NPSN harap diisi"}
[2026-07-15 21:41:24] INFO - Fallback to legacy endpoint succeeded: http://localhost:5774/WebService/getSekolah?npsn=20252031
[2026-07-15 21:41:24] INFO - Successfully fetched 1 records from getSekolah
[2026-07-15 21:41:24] ERROR - Invalid JSON from Dapodik: Syntax error - snippet: { 'success' : false, 'message': 'Session telah habis. harap melakukan login kembali' }
[2026-07-15 21:41:24] WARNING - Fallback returned invalid JSON for http://localhost:5774/WebService/getSekolah: Syntax error - snippet: HTTP/1.0 403 Forbidden
Cache-Control: no-cache
Date:          Wed, 15 Jul 2026 21:41:24 GMT

{"success":false,"http_code":403,"status_code":"Forbidden","message":"Parameter NPSN harap diisi"}
[2026-07-15 21:41:25] INFO - Fallback to legacy endpoint succeeded: http://localhost:5774/WebService/getSekolah?npsn=20252031
[2026-07-15 21:41:25] INFO - Successfully fetched 1 records from getSekolah
[2026-07-15 21:42:23] ERROR - Invalid JSON from Dapodik: Syntax error - snippet: { 'success' : false, 'message': 'Session telah habis. harap melakukan login kembali' }
[2026-07-15 21:42:23] WARNING - Fallback returned invalid JSON for http://localhost:5774/WebService/getSekolah: Syntax error - snippet: HTTP/1.0 403 Forbidden
Cache-Control: no-cache
Date:          Wed, 15 Jul 2026 21:42:23 GMT

{"success":false,"http_code":403,"status_code":"Forbidden","message":"Parameter NPSN harap diisi"}
[2026-07-15 21:42:24] INFO - Fallback to legacy endpoint succeeded: http://localhost:5774/WebService/getSekolah?npsn=20252031
[2026-07-15 21:42:24] INFO - Successfully fetched 1 records from getSekolah
[2026-07-15 21:42:24] ERROR - Invalid JSON from Dapodik: Syntax error - snippet: { 'success' : false, 'message': 'Session telah habis. harap melakukan login kembali' }
[2026-07-15 21:42:24] WARNING - Fallback returned invalid JSON for http://localhost:5774/WebService/getSekolah: Syntax error - snippet: HTTP/1.0 403 Forbidden
Cache-Control: no-cache
Date:          Wed, 15 Jul 2026 21:42:24 GMT

{"success":false,"http_code":403,"status_code":"Forbidden","message":"Parameter NPSN harap diisi"}
[2026-07-15 21:42:25] INFO - Fallback to legacy endpoint succeeded: http://localhost:5774/WebService/getSekolah?npsn=20252031
[2026-07-15 21:42:25] INFO - Successfully fetched 1 records from getSekolah
[2026-07-15 21:43:23] ERROR - Invalid JSON from Dapodik: Syntax error - snippet: { 'success' : false, 'message': 'Session telah habis. harap melakukan login kembali' }
[2026-07-15 21:43:23] WARNING - Fallback returned invalid JSON for http://localhost:5774/WebService/getSekolah: Syntax error - snippet: HTTP/1.0 403 Forbidden
Cache-Control: no-cache
Date:          Wed, 15 Jul 2026 21:43:23 GMT

{"success":false,"http_code":403,"status_code":"Forbidden","message":"Parameter NPSN harap diisi"}
[2026-07-15 21:43:24] INFO - Fallback to legacy endpoint succeeded: http://localhost:5774/WebService/getSekolah?npsn=20252031
[2026-07-15 21:43:24] INFO - Successfully fetched 1 records from getSekolah
[2026-07-15 21:43:24] ERROR - Invalid JSON from Dapodik: Syntax error - snippet: { 'success' : false, 'message': 'Session telah habis. harap melakukan login kembali' }
[2026-07-15 21:43:24] WARNING - Fallback returned invalid JSON for http://localhost:5774/WebService/getSekolah: Syntax error - snippet: HTTP/1.0 403 Forbidden
Cache-Control: no-cache
Date:          Wed, 15 Jul 2026 21:43:24 GMT

{"success":false,"http_code":403,"status_code":"Forbidden","message":"Parameter NPSN harap diisi"}
[2026-07-15 21:43:25] INFO - Fallback to legacy endpoint succeeded: http://localhost:5774/WebService/getSekolah?npsn=20252031
[2026-07-15 21:43:25] INFO - Successfully fetched 1 records from getSekolah
[2026-07-15 21:44:23] ERROR - Invalid JSON from Dapodik: Syntax error - snippet: { 'success' : false, 'message': 'Session telah habis. harap melakukan login kembali' }
[2026-07-15 21:44:23] WARNING - Fallback returned invalid JSON for http://localhost:5774/WebService/getSekolah: Syntax error - snippet: HTTP/1.0 403 Forbidden
Cache-Control: no-cache
Date:          Wed, 15 Jul 2026 21:44:23 GMT

{"success":false,"http_code":403,"status_code":"Forbidden","message":"Parameter NPSN harap diisi"}
[2026-07-15 21:44:24] INFO - Fallback to legacy endpoint succeeded: http://localhost:5774/WebService/getSekolah?npsn=20252031
[2026-07-15 21:44:24] INFO - Successfully fetched 1 records from getSekolah
[2026-07-15 21:44:24] ERROR - Invalid JSON from Dapodik: Syntax error - snippet: { 'success' : false, 'message': 'Session telah habis. harap melakukan login kembali' }
[2026-07-15 21:44:24] WARNING - Fallback returned invalid JSON for http://localhost:5774/WebService/getSekolah: Syntax error - snippet: HTTP/1.0 403 Forbidden
Cache-Control: no-cache
Date:          Wed, 15 Jul 2026 21:44:24 GMT

{"success":false,"http_code":403,"status_code":"Forbidden","message":"Parameter NPSN harap diisi"}
[2026-07-15 21:44:25] INFO - Fallback to legacy endpoint succeeded: http://localhost:5774/WebService/getSekolah?npsn=20252031
[2026-07-15 21:44:25] INFO - Successfully fetched 1 records from getSekolah
[2026-07-15 21:45:23] ERROR - Invalid JSON from Dapodik: Syntax error - snippet: { 'success' : false, 'message': 'Session telah habis. harap melakukan login kembali' }
[2026-07-15 21:45:23] WARNING - Fallback returned invalid JSON for http://localhost:5774/WebService/getSekolah: Syntax error - snippet: HTTP/1.0 403 Forbidden
Cache-Control: no-cache
Date:          Wed, 15 Jul 2026 21:45:23 GMT

{"success":false,"http_code":403,"status_code":"Forbidden","message":"Parameter NPSN harap diisi"}
[2026-07-15 21:45:24] INFO - Fallback to legacy endpoint succeeded: http://localhost:5774/WebService/getSekolah?npsn=20252031
[2026-07-15 21:45:24] INFO - Successfully fetched 1 records from getSekolah
[2026-07-15 21:45:24] ERROR - Invalid JSON from Dapodik: Syntax error - snippet: { 'success' : false, 'message': 'Session telah habis. harap melakukan login kembali' }
[2026-07-15 21:45:24] WARNING - Fallback returned invalid JSON for http://localhost:5774/WebService/getSekolah: Syntax error - snippet: HTTP/1.0 403 Forbidden
Cache-Control: no-cache
Date:          Wed, 15 Jul 2026 21:45:24 GMT

{"success":false,"http_code":403,"status_code":"Forbidden","message":"Parameter NPSN harap diisi"}
[2026-07-15 21:45:25] INFO - Fallback to legacy endpoint succeeded: http://localhost:5774/WebService/getSekolah?npsn=20252031
[2026-07-15 21:45:25] INFO - Successfully fetched 1 records from getSekolah
[2026-07-15 21:46:23] ERROR - Invalid JSON from Dapodik: Syntax error - snippet: { 'success' : false, 'message': 'Session telah habis. harap melakukan login kembali' }
[2026-07-15 21:46:23] WARNING - Fallback returned invalid JSON for http://localhost:5774/WebService/getSekolah: Syntax error - snippet: HTTP/1.0 403 Forbidden
Cache-Control: no-cache
Date:          Wed, 15 Jul 2026 21:46:23 GMT

{"success":false,"http_code":403,"status_code":"Forbidden","message":"Parameter NPSN harap diisi"}
[2026-07-15 21:46:24] INFO - Fallback to legacy endpoint succeeded: http://localhost:5774/WebService/getSekolah?npsn=20252031
[2026-07-15 21:46:24] INFO - Successfully fetched 1 records from getSekolah
[2026-07-15 21:46:24] ERROR - Invalid JSON from Dapodik: Syntax error - snippet: { 'success' : false, 'message': 'Session telah habis. harap melakukan login kembali' }
[2026-07-15 21:46:24] WARNING - Fallback returned invalid JSON for http://localhost:5774/WebService/getSekolah: Syntax error - snippet: HTTP/1.0 403 Forbidden
Cache-Control: no-cache
Date:          Wed, 15 Jul 2026 21:46:24 GMT

{"success":false,"http_code":403,"status_code":"Forbidden","message":"Parameter NPSN harap diisi"}
[2026-07-15 21:46:25] INFO - Fallback to legacy endpoint succeeded: http://localhost:5774/WebService/getSekolah?npsn=20252031
[2026-07-15 21:46:25] INFO - Successfully fetched 1 records from getSekolah
[2026-07-15 21:47:23] ERROR - Invalid JSON from Dapodik: Syntax error - snippet: { 'success' : false, 'message': 'Session telah habis. harap melakukan login kembali' }
[2026-07-15 21:47:23] WARNING - Fallback returned invalid JSON for http://localhost:5774/WebService/getSekolah: Syntax error - snippet: HTTP/1.0 403 Forbidden
Cache-Control: no-cache
Date:          Wed, 15 Jul 2026 21:47:23 GMT

{"success":false,"http_code":403,"status_code":"Forbidden","message":"Parameter NPSN harap diisi"}
[2026-07-15 21:47:24] INFO - Fallback to legacy endpoint succeeded: http://localhost:5774/WebService/getSekolah?npsn=20252031
[2026-07-15 21:47:24] INFO - Successfully fetched 1 records from getSekolah
[2026-07-15 21:47:24] ERROR - Invalid JSON from Dapodik: Syntax error - snippet: { 'success' : false, 'message': 'Session telah habis. harap melakukan login kembali' }
[2026-07-15 21:47:24] WARNING - Fallback returned invalid JSON for http://localhost:5774/WebService/getSekolah: Syntax error - snippet: HTTP/1.0 403 Forbidden
Cache-Control: no-cache
Date:          Wed, 15 Jul 2026 21:47:24 GMT

{"success":false,"http_code":403,"status_code":"Forbidden","message":"Parameter NPSN harap diisi"}
[2026-07-15 21:47:25] INFO - Fallback to legacy endpoint succeeded: http://localhost:5774/WebService/getSekolah?npsn=20252031
[2026-07-15 21:47:25] INFO - Successfully fetched 1 records from getSekolah
[2026-07-15 21:48:23] ERROR - Invalid JSON from Dapodik: Syntax error - snippet: { 'success' : false, 'message': 'Session telah habis. harap melakukan login kembali' }
[2026-07-15 21:48:23] WARNING - Fallback returned invalid JSON for http://localhost:5774/WebService/getSekolah: Syntax error - snippet: HTTP/1.0 403 Forbidden
Cache-Control: no-cache
Date:          Wed, 15 Jul 2026 21:48:23 GMT

{"success":false,"http_code":403,"status_code":"Forbidden","message":"Parameter NPSN harap diisi"}
[2026-07-15 21:48:24] INFO - Fallback to legacy endpoint succeeded: http://localhost:5774/WebService/getSekolah?npsn=20252031
[2026-07-15 21:48:24] INFO - Successfully fetched 1 records from getSekolah
[2026-07-15 21:48:24] ERROR - Invalid JSON from Dapodik: Syntax error - snippet: { 'success' : false, 'message': 'Session telah habis. harap melakukan login kembali' }
[2026-07-15 21:48:24] WARNING - Fallback returned invalid JSON for http://localhost:5774/WebService/getSekolah: Syntax error - snippet: HTTP/1.0 403 Forbidden
Cache-Control: no-cache
Date:          Wed, 15 Jul 2026 21:48:24 GMT

{"success":false,"http_code":403,"status_code":"Forbidden","message":"Parameter NPSN harap diisi"}
[2026-07-15 21:48:25] INFO - Fallback to legacy endpoint succeeded: http://localhost:5774/WebService/getSekolah?npsn=20252031
[2026-07-15 21:48:25] INFO - Successfully fetched 1 records from getSekolah
[2026-07-15 21:49:23] ERROR - Invalid JSON from Dapodik: Syntax error - snippet: { 'success' : false, 'message': 'Session telah habis. harap melakukan login kembali' }
[2026-07-15 21:49:23] WARNING - Fallback returned invalid JSON for http://localhost:5774/WebService/getSekolah: Syntax error - snippet: HTTP/1.0 403 Forbidden
Cache-Control: no-cache
Date:          Wed, 15 Jul 2026 21:49:23 GMT

{"success":false,"http_code":403,"status_code":"Forbidden","message":"Parameter NPSN harap diisi"}
[2026-07-15 21:49:24] INFO - Fallback to legacy endpoint succeeded: http://localhost:5774/WebService/getSekolah?npsn=20252031
[2026-07-15 21:49:24] INFO - Successfully fetched 1 records from getSekolah
[2026-07-15 21:49:24] ERROR - Invalid JSON from Dapodik: Syntax error - snippet: { 'success' : false, 'message': 'Session telah habis. harap melakukan login kembali' }
[2026-07-15 21:49:24] WARNING - Fallback returned invalid JSON for http://localhost:5774/WebService/getSekolah: Syntax error - snippet: HTTP/1.0 403 Forbidden
Cache-Control: no-cache
Date:          Wed, 15 Jul 2026 21:49:24 GMT

{"success":false,"http_code":403,"status_code":"Forbidden","message":"Parameter NPSN harap diisi"}
[2026-07-15 21:49:25] INFO - Fallback to legacy endpoint succeeded: http://localhost:5774/WebService/getSekolah?npsn=20252031
[2026-07-15 21:49:25] INFO - Successfully fetched 1 records from getSekolah
[2026-07-15 21:50:23] ERROR - Invalid JSON from Dapodik: Syntax error - snippet: { 'success' : false, 'message': 'Session telah habis. harap melakukan login kembali' }
[2026-07-15 21:50:23] WARNING - Fallback returned invalid JSON for http://localhost:5774/WebService/getSekolah: Syntax error - snippet: HTTP/1.0 403 Forbidden
Cache-Control: no-cache
Date:          Wed, 15 Jul 2026 21:50:23 GMT

{"success":false,"http_code":403,"status_code":"Forbidden","message":"Parameter NPSN harap diisi"}
[2026-07-15 21:50:24] INFO - Fallback to legacy endpoint succeeded: http://localhost:5774/WebService/getSekolah?npsn=20252031
[2026-07-15 21:50:24] INFO - Successfully fetched 1 records from getSekolah
[2026-07-15 21:50:24] ERROR - Invalid JSON from Dapodik: Syntax error - snippet: { 'success' : false, 'message': 'Session telah habis. harap melakukan login kembali' }
[2026-07-15 21:50:24] WARNING - Fallback returned invalid JSON for http://localhost:5774/WebService/getSekolah: Syntax error - snippet: HTTP/1.0 403 Forbidden
Cache-Control: no-cache
Date:          Wed, 15 Jul 2026 21:50:24 GMT

{"success":false,"http_code":403,"status_code":"Forbidden","message":"Parameter NPSN harap diisi"}
[2026-07-15 21:50:25] INFO - Fallback to legacy endpoint succeeded: http://localhost:5774/WebService/getSekolah?npsn=20252031
[2026-07-15 21:50:25] INFO - Successfully fetched 1 records from getSekolah
[2026-07-15 21:51:23] ERROR - Invalid JSON from Dapodik: Syntax error - snippet: { 'success' : false, 'message': 'Session telah habis. harap melakukan login kembali' }
[2026-07-15 21:51:23] WARNING - Fallback returned invalid JSON for http://localhost:5774/WebService/getSekolah: Syntax error - snippet: HTTP/1.0 403 Forbidden
Cache-Control: no-cache
Date:          Wed, 15 Jul 2026 21:51:23 GMT

{"success":false,"http_code":403,"status_code":"Forbidden","message":"Parameter NPSN harap diisi"}
[2026-07-15 21:51:24] INFO - Fallback to legacy endpoint succeeded: http://localhost:5774/WebService/getSekolah?npsn=20252031
[2026-07-15 21:51:24] INFO - Successfully fetched 1 records from getSekolah
[2026-07-15 21:51:24] ERROR - Invalid JSON from Dapodik: Syntax error - snippet: { 'success' : false, 'message': 'Session telah habis. harap melakukan login kembali' }
[2026-07-15 21:51:24] WARNING - Fallback returned invalid JSON for http://localhost:5774/WebService/getSekolah: Syntax error - snippet: HTTP/1.0 403 Forbidden
Cache-Control: no-cache
Date:          Wed, 15 Jul 2026 21:51:24 GMT

{"success":false,"http_code":403,"status_code":"Forbidden","message":"Parameter NPSN harap diisi"}
[2026-07-15 21:51:25] INFO - Fallback to legacy endpoint succeeded: http://localhost:5774/WebService/getSekolah?npsn=20252031
[2026-07-15 21:51:25] INFO - Successfully fetched 1 records from getSekolah
[2026-07-15 21:52:23] ERROR - Invalid JSON from Dapodik: Syntax error - snippet: { 'success' : false, 'message': 'Session telah habis. harap melakukan login kembali' }
[2026-07-15 21:52:23] WARNING - Fallback returned invalid JSON for http://localhost:5774/WebService/getSekolah: Syntax error - snippet: HTTP/1.0 403 Forbidden
Cache-Control: no-cache
Date:          Wed, 15 Jul 2026 21:52:23 GMT

{"success":false,"http_code":403,"status_code":"Forbidden","message":"Parameter NPSN harap diisi"}
[2026-07-15 21:52:24] INFO - Fallback to legacy endpoint succeeded: http://localhost:5774/WebService/getSekolah?npsn=20252031
[2026-07-15 21:52:24] INFO - Successfully fetched 1 records from getSekolah
[2026-07-15 21:52:24] ERROR - Invalid JSON from Dapodik: Syntax error - snippet: { 'success' : false, 'message': 'Session telah habis. harap melakukan login kembali' }
[2026-07-15 21:52:24] WARNING - Fallback returned invalid JSON for http://localhost:5774/WebService/getSekolah: Syntax error - snippet: HTTP/1.0 403 Forbidden
Cache-Control: no-cache
Date:          Wed, 15 Jul 2026 21:52:24 GMT

{"success":false,"http_code":403,"status_code":"Forbidden","message":"Parameter NPSN harap diisi"}
[2026-07-15 21:52:25] INFO - Fallback to legacy endpoint succeeded: http://localhost:5774/WebService/getSekolah?npsn=20252031
[2026-07-15 21:52:25] INFO - Successfully fetched 1 records from getSekolah
[2026-07-15 21:53:23] ERROR - Invalid JSON from Dapodik: Syntax error - snippet: { 'success' : false, 'message': 'Session telah habis. harap melakukan login kembali' }
[2026-07-15 21:53:23] WARNING - Fallback returned invalid JSON for http://localhost:5774/WebService/getSekolah: Syntax error - snippet: HTTP/1.0 403 Forbidden
Cache-Control: no-cache
Date:          Wed, 15 Jul 2026 21:53:23 GMT

{"success":false,"http_code":403,"status_code":"Forbidden","message":"Parameter NPSN harap diisi"}
[2026-07-15 21:53:24] INFO - Fallback to legacy endpoint succeeded: http://localhost:5774/WebService/getSekolah?npsn=20252031
[2026-07-15 21:53:24] INFO - Successfully fetched 1 records from getSekolah
[2026-07-15 21:53:24] ERROR - Invalid JSON from Dapodik: Syntax error - snippet: { 'success' : false, 'message': 'Session telah habis. harap melakukan login kembali' }
[2026-07-15 21:53:24] WARNING - Fallback returned invalid JSON for http://localhost:5774/WebService/getSekolah: Syntax error - snippet: HTTP/1.0 403 Forbidden
Cache-Control: no-cache
Date:          Wed, 15 Jul 2026 21:53:24 GMT

{"success":false,"http_code":403,"status_code":"Forbidden","message":"Parameter NPSN harap diisi"}
[2026-07-15 21:53:25] INFO - Fallback to legacy endpoint succeeded: http://localhost:5774/WebService/getSekolah?npsn=20252031
[2026-07-15 21:53:25] INFO - Successfully fetched 1 records from getSekolah
[2026-07-15 21:54:23] ERROR - Invalid JSON from Dapodik: Syntax error - snippet: { 'success' : false, 'message': 'Session telah habis. harap melakukan login kembali' }
[2026-07-15 21:54:23] WARNING - Fallback returned invalid JSON for http://localhost:5774/WebService/getSekolah: Syntax error - snippet: HTTP/1.0 403 Forbidden
Cache-Control: no-cache
Date:          Wed, 15 Jul 2026 21:54:23 GMT

{"success":false,"http_code":403,"status_code":"Forbidden","message":"Parameter NPSN harap diisi"}
[2026-07-15 21:54:24] INFO - Fallback to legacy endpoint succeeded: http://localhost:5774/WebService/getSekolah?npsn=20252031
[2026-07-15 21:54:24] INFO - Successfully fetched 1 records from getSekolah
[2026-07-15 21:54:24] ERROR - Invalid JSON from Dapodik: Syntax error - snippet: { 'success' : false, 'message': 'Session telah habis. harap melakukan login kembali' }
[2026-07-15 21:54:24] WARNING - Fallback returned invalid JSON for http://localhost:5774/WebService/getSekolah: Syntax error - snippet: HTTP/1.0 403 Forbidden
Cache-Control: no-cache
Date:          Wed, 15 Jul 2026 21:54:24 GMT

{"success":false,"http_code":403,"status_code":"Forbidden","message":"Parameter NPSN harap diisi"}
[2026-07-15 21:54:25] INFO - Fallback to legacy endpoint succeeded: http://localhost:5774/WebService/getSekolah?npsn=20252031
[2026-07-15 21:54:25] INFO - Successfully fetched 1 records from getSekolah
[2026-07-15 21:55:23] ERROR - Invalid JSON from Dapodik: Syntax error - snippet: { 'success' : false, 'message': 'Session telah habis. harap melakukan login kembali' }
[2026-07-15 21:55:23] WARNING - Fallback returned invalid JSON for http://localhost:5774/WebService/getSekolah: Syntax error - snippet: HTTP/1.0 403 Forbidden
Cache-Control: no-cache
Date:          Wed, 15 Jul 2026 21:55:23 GMT

{"success":false,"http_code":403,"status_code":"Forbidden","message":"Parameter NPSN harap diisi"}
[2026-07-15 21:55:24] INFO - Fallback to legacy endpoint succeeded: http://localhost:5774/WebService/getSekolah?npsn=20252031
[2026-07-15 21:55:24] INFO - Successfully fetched 1 records from getSekolah
[2026-07-15 21:55:24] ERROR - Invalid JSON from Dapodik: Syntax error - snippet: { 'success' : false, 'message': 'Session telah habis. harap melakukan login kembali' }
[2026-07-15 21:55:24] WARNING - Fallback returned invalid JSON for http://localhost:5774/WebService/getSekolah: Syntax error - snippet: HTTP/1.0 403 Forbidden
Cache-Control: no-cache
Date:          Wed, 15 Jul 2026 21:55:24 GMT

{"success":false,"http_code":403,"status_code":"Forbidden","message":"Parameter NPSN harap diisi"}
[2026-07-15 21:55:25] INFO - Fallback to legacy endpoint succeeded: http://localhost:5774/WebService/getSekolah?npsn=20252031
[2026-07-15 21:55:25] INFO - Successfully fetched 1 records from getSekolah
[2026-07-15 21:56:23] ERROR - Invalid JSON from Dapodik: Syntax error - snippet: { 'success' : false, 'message': 'Session telah habis. harap melakukan login kembali' }
[2026-07-15 21:56:23] WARNING - Fallback returned invalid JSON for http://localhost:5774/WebService/getSekolah: Syntax error - snippet: HTTP/1.0 403 Forbidden
Cache-Control: no-cache
Date:          Wed, 15 Jul 2026 21:56:23 GMT

{"success":false,"http_code":403,"status_code":"Forbidden","message":"Parameter NPSN harap diisi"}
[2026-07-15 21:56:24] INFO - Fallback to legacy endpoint succeeded: http://localhost:5774/WebService/getSekolah?npsn=20252031
[2026-07-15 21:56:24] INFO - Successfully fetched 1 records from getSekolah
[2026-07-15 21:56:24] ERROR - Invalid JSON from Dapodik: Syntax error - snippet: { 'success' : false, 'message': 'Session telah habis. harap melakukan login kembali' }
[2026-07-15 21:56:24] WARNING - Fallback returned invalid JSON for http://localhost:5774/WebService/getSekolah: Syntax error - snippet: HTTP/1.0 403 Forbidden
Cache-Control: no-cache
Date:          Wed, 15 Jul 2026 21:56:24 GMT

{"success":false,"http_code":403,"status_code":"Forbidden","message":"Parameter NPSN harap diisi"}
[2026-07-15 21:56:25] INFO - Fallback to legacy endpoint succeeded: http://localhost:5774/WebService/getSekolah?npsn=20252031
[2026-07-15 21:56:25] INFO - Successfully fetched 1 records from getSekolah
[2026-07-15 21:57:23] ERROR - Invalid JSON from Dapodik: Syntax error - snippet: { 'success' : false, 'message': 'Session telah habis. harap melakukan login kembali' }
[2026-07-15 21:57:23] WARNING - Fallback returned invalid JSON for http://localhost:5774/WebService/getSekolah: Syntax error - snippet: HTTP/1.0 403 Forbidden
Cache-Control: no-cache
Date:          Wed, 15 Jul 2026 21:57:23 GMT

{"success":false,"http_code":403,"status_code":"Forbidden","message":"Parameter NPSN harap diisi"}
[2026-07-15 21:57:24] INFO - Fallback to legacy endpoint succeeded: http://localhost:5774/WebService/getSekolah?npsn=20252031
[2026-07-15 21:57:24] INFO - Successfully fetched 1 records from getSekolah
[2026-07-15 21:57:24] ERROR - Invalid JSON from Dapodik: Syntax error - snippet: { 'success' : false, 'message': 'Session telah habis. harap melakukan login kembali' }
[2026-07-15 21:57:24] WARNING - Fallback returned invalid JSON for http://localhost:5774/WebService/getSekolah: Syntax error - snippet: HTTP/1.0 403 Forbidden
Cache-Control: no-cache
Date:          Wed, 15 Jul 2026 21:57:24 GMT

{"success":false,"http_code":403,"status_code":"Forbidden","message":"Parameter NPSN harap diisi"}
[2026-07-15 21:57:25] INFO - Fallback to legacy endpoint succeeded: http://localhost:5774/WebService/getSekolah?npsn=20252031
[2026-07-15 21:57:25] INFO - Successfully fetched 1 records from getSekolah
[2026-07-15 21:58:23] ERROR - Invalid JSON from Dapodik: Syntax error - snippet: { 'success' : false, 'message': 'Session telah habis. harap melakukan login kembali' }
[2026-07-15 21:58:23] WARNING - Fallback returned invalid JSON for http://localhost:5774/WebService/getSekolah: Syntax error - snippet: HTTP/1.0 403 Forbidden
Cache-Control: no-cache
Date:          Wed, 15 Jul 2026 21:58:23 GMT

{"success":false,"http_code":403,"status_code":"Forbidden","message":"Parameter NPSN harap diisi"}
[2026-07-15 21:58:24] INFO - Fallback to legacy endpoint succeeded: http://localhost:5774/WebService/getSekolah?npsn=20252031
[2026-07-15 21:58:24] INFO - Successfully fetched 1 records from getSekolah
[2026-07-15 21:58:24] ERROR - Invalid JSON from Dapodik: Syntax error - snippet: { 'success' : false, 'message': 'Session telah habis. harap melakukan login kembali' }
[2026-07-15 21:58:24] WARNING - Fallback returned invalid JSON for http://localhost:5774/WebService/getSekolah: Syntax error - snippet: HTTP/1.0 403 Forbidden
Cache-Control: no-cache
Date:          Wed, 15 Jul 2026 21:58:24 GMT

{"success":false,"http_code":403,"status_code":"Forbidden","message":"Parameter NPSN harap diisi"}
[2026-07-15 21:58:25] INFO - Fallback to legacy endpoint succeeded: http://localhost:5774/WebService/getSekolah?npsn=20252031
[2026-07-15 21:58:25] INFO - Successfully fetched 1 records from getSekolah
[2026-07-15 21:59:23] ERROR - Invalid JSON from Dapodik: Syntax error - snippet: { 'success' : false, 'message': 'Session telah habis. harap melakukan login kembali' }
[2026-07-15 21:59:23] WARNING - Fallback returned invalid JSON for http://localhost:5774/WebService/getSekolah: Syntax error - snippet: HTTP/1.0 403 Forbidden
Cache-Control: no-cache
Date:          Wed, 15 Jul 2026 21:59:23 GMT

{"success":false,"http_code":403,"status_code":"Forbidden","message":"Parameter NPSN harap diisi"}
[2026-07-15 21:59:24] INFO - Fallback to legacy endpoint succeeded: http://localhost:5774/WebService/getSekolah?npsn=20252031
[2026-07-15 21:59:24] INFO - Successfully fetched 1 records from getSekolah
[2026-07-15 21:59:24] ERROR - Invalid JSON from Dapodik: Syntax error - snippet: { 'success' : false, 'message': 'Session telah habis. harap melakukan login kembali' }
[2026-07-15 21:59:24] WARNING - Fallback returned invalid JSON for http://localhost:5774/WebService/getSekolah: Syntax error - snippet: HTTP/1.0 403 Forbidden
Cache-Control: no-cache
Date:          Wed, 15 Jul 2026 21:59:24 GMT

{"success":false,"http_code":403,"status_code":"Forbidden","message":"Parameter NPSN harap diisi"}
[2026-07-15 21:59:25] INFO - Fallback to legacy endpoint succeeded: http://localhost:5774/WebService/getSekolah?npsn=20252031
[2026-07-15 21:59:25] INFO - Successfully fetched 1 records from getSekolah
[2026-07-15 22:00:23] ERROR - Invalid JSON from Dapodik: Syntax error - snippet: { 'success' : false, 'message': 'Session telah habis. harap melakukan login kembali' }
[2026-07-15 22:00:23] WARNING - Fallback returned invalid JSON for http://localhost:5774/WebService/getSekolah: Syntax error - snippet: HTTP/1.0 403 Forbidden
Cache-Control: no-cache
Date:          Wed, 15 Jul 2026 22:00:23 GMT

{"success":false,"http_code":403,"status_code":"Forbidden","message":"Parameter NPSN harap diisi"}
[2026-07-15 22:00:24] INFO - Fallback to legacy endpoint succeeded: http://localhost:5774/WebService/getSekolah?npsn=20252031
[2026-07-15 22:00:24] INFO - Successfully fetched 1 records from getSekolah
[2026-07-15 22:00:24] ERROR - Invalid JSON from Dapodik: Syntax error - snippet: { 'success' : false, 'message': 'Session telah habis. harap melakukan login kembali' }
[2026-07-15 22:00:24] WARNING - Fallback returned invalid JSON for http://localhost:5774/WebService/getSekolah: Syntax error - snippet: HTTP/1.0 403 Forbidden
Cache-Control: no-cache
Date:          Wed, 15 Jul 2026 22:00:24 GMT

{"success":false,"http_code":403,"status_code":"Forbidden","message":"Parameter NPSN harap diisi"}
[2026-07-15 22:00:25] INFO - Fallback to legacy endpoint succeeded: http://localhost:5774/WebService/getSekolah?npsn=20252031
[2026-07-15 22:00:25] INFO - Successfully fetched 1 records from getSekolah
[2026-07-15 22:01:23] ERROR - Invalid JSON from Dapodik: Syntax error - snippet: { 'success' : false, 'message': 'Session telah habis. harap melakukan login kembali' }
[2026-07-15 22:01:23] WARNING - Fallback returned invalid JSON for http://localhost:5774/WebService/getSekolah: Syntax error - snippet: HTTP/1.0 403 Forbidden
Cache-Control: no-cache
Date:          Wed, 15 Jul 2026 22:01:23 GMT

{"success":false,"http_code":403,"status_code":"Forbidden","message":"Parameter NPSN harap diisi"}
[2026-07-15 22:01:24] INFO - Fallback to legacy endpoint succeeded: http://localhost:5774/WebService/getSekolah?npsn=20252031
[2026-07-15 22:01:24] INFO - Successfully fetched 1 records from getSekolah
[2026-07-15 22:01:24] ERROR - Invalid JSON from Dapodik: Syntax error - snippet: { 'success' : false, 'message': 'Session telah habis. harap melakukan login kembali' }
[2026-07-15 22:01:24] WARNING - Fallback returned invalid JSON for http://localhost:5774/WebService/getSekolah: Syntax error - snippet: HTTP/1.0 403 Forbidden
Cache-Control: no-cache
Date:          Wed, 15 Jul 2026 22:01:24 GMT

{"success":false,"http_code":403,"status_code":"Forbidden","message":"Parameter NPSN harap diisi"}
[2026-07-15 22:01:25] INFO - Fallback to legacy endpoint succeeded: http://localhost:5774/WebService/getSekolah?npsn=20252031
[2026-07-15 22:01:25] INFO - Successfully fetched 1 records from getSekolah
[2026-07-15 22:02:23] ERROR - Invalid JSON from Dapodik: Syntax error - snippet: { 'success' : false, 'message': 'Session telah habis. harap melakukan login kembali' }
[2026-07-15 22:02:23] WARNING - Fallback returned invalid JSON for http://localhost:5774/WebService/getSekolah: Syntax error - snippet: HTTP/1.0 403 Forbidden
Cache-Control: no-cache
Date:          Wed, 15 Jul 2026 22:02:23 GMT

{"success":false,"http_code":403,"status_code":"Forbidden","message":"Parameter NPSN harap diisi"}
[2026-07-15 22:02:24] INFO - Fallback to legacy endpoint succeeded: http://localhost:5774/WebService/getSekolah?npsn=20252031
[2026-07-15 22:02:24] INFO - Successfully fetched 1 records from getSekolah
[2026-07-15 22:02:24] ERROR - Invalid JSON from Dapodik: Syntax error - snippet: { 'success' : false, 'message': 'Session telah habis. harap melakukan login kembali' }
[2026-07-15 22:02:24] WARNING - Fallback returned invalid JSON for http://localhost:5774/WebService/getSekolah: Syntax error - snippet: HTTP/1.0 403 Forbidden
Cache-Control: no-cache
Date:          Wed, 15 Jul 2026 22:02:24 GMT

{"success":false,"http_code":403,"status_code":"Forbidden","message":"Parameter NPSN harap diisi"}
[2026-07-15 22:02:25] INFO - Fallback to legacy endpoint succeeded: http://localhost:5774/WebService/getSekolah?npsn=20252031
[2026-07-15 22:02:25] INFO - Successfully fetched 1 records from getSekolah
[2026-07-15 22:03:23] ERROR - Invalid JSON from Dapodik: Syntax error - snippet: { 'success' : false, 'message': 'Session telah habis. harap melakukan login kembali' }
[2026-07-15 22:03:23] WARNING - Fallback returned invalid JSON for http://localhost:5774/WebService/getSekolah: Syntax error - snippet: HTTP/1.0 403 Forbidden
Cache-Control: no-cache
Date:          Wed, 15 Jul 2026 22:03:23 GMT

{"success":false,"http_code":403,"status_code":"Forbidden","message":"Parameter NPSN harap diisi"}
[2026-07-15 22:03:24] INFO - Fallback to legacy endpoint succeeded: http://localhost:5774/WebService/getSekolah?npsn=20252031
[2026-07-15 22:03:24] INFO - Successfully fetched 1 records from getSekolah
[2026-07-15 22:03:24] ERROR - Invalid JSON from Dapodik: Syntax error - snippet: { 'success' : false, 'message': 'Session telah habis. harap melakukan login kembali' }
[2026-07-15 22:03:24] WARNING - Fallback returned invalid JSON for http://localhost:5774/WebService/getSekolah: Syntax error - snippet: HTTP/1.0 403 Forbidden
Cache-Control: no-cache
Date:          Wed, 15 Jul 2026 22:03:24 GMT

{"success":false,"http_code":403,"status_code":"Forbidden","message":"Parameter NPSN harap diisi"}
[2026-07-15 22:03:25] INFO - Fallback to legacy endpoint succeeded: http://localhost:5774/WebService/getSekolah?npsn=20252031
[2026-07-15 22:03:25] INFO - Successfully fetched 1 records from getSekolah
[2026-07-21 14:36:27] ERROR - dapodik_get_raw error for http://localhost:5774/rest/Sekolah?npsn=20252031: Failed to connect to localhost port 5774 after 2247 ms: Could not connect to server
[2026-07-21 14:36:59] ERROR - dapodik_get_raw error for http://localhost:5774/rest/Sekolah?npsn=20252031: Failed to connect to localhost port 5774 after 2256 ms: Could not connect to server
[2026-07-21 14:37:01] ERROR - dapodik_get_raw error for http://localhost:5774/rest/Sekolah?npsn=20252031: Failed to connect to localhost port 5774 after 2240 ms: Could not connect to server
[2026-07-21 14:37:04] ERROR - dapodik_get_raw error for http://localhost:5774/rest/Sekolah?npsn=20252031: Failed to connect to localhost port 5774 after 2250 ms: Could not connect to server
[2026-07-21 14:37:37] ERROR - dapodik_get_raw error for http://localhost:5774/rest/Sekolah?npsn=20252031: Failed to connect to localhost port 5774 after 2256 ms: Could not connect to server
[2026-07-21 14:37:39] ERROR - dapodik_get_raw error for http://localhost:5774/rest/Sekolah?npsn=20252031: Failed to connect to localhost port 5774 after 2241 ms: Could not connect to server
[2026-07-21 14:37:42] ERROR - dapodik_get_raw error for http://localhost:5774/rest/Sekolah?npsn=20252031: Failed to connect to localhost port 5774 after 2254 ms: Could not connect to server
[2026-07-21 14:38:15] ERROR - dapodik_get_raw error for http://localhost:5774/rest/Sekolah?npsn=20252031: Failed to connect to localhost port 5774 after 2256 ms: Could not connect to server
[2026-07-21 14:38:17] ERROR - dapodik_get_raw error for http://localhost:5774/rest/Sekolah?npsn=20252031: Failed to connect to localhost port 5774 after 2252 ms: Could not connect to server
[2026-07-21 14:38:21] ERROR - dapodik_get_raw error for http://localhost:5774/rest/Sekolah?npsn=20252031: Failed to connect to localhost port 5774 after 2258 ms: Could not connect to server
[2026-07-21 14:38:54] ERROR - dapodik_get_raw error for http://localhost:5774/rest/Sekolah?npsn=20252031: Failed to connect to localhost port 5774 after 2243 ms: Could not connect to server
[2026-07-21 14:38:56] ERROR - dapodik_get_raw error for http://localhost:5774/rest/Sekolah?npsn=20252031: Failed to connect to localhost port 5774 after 2240 ms: Could not connect to server
[2026-07-21 14:39:00] ERROR - dapodik_get_raw error for http://localhost:5774/rest/Sekolah?npsn=20252031: Failed to connect to localhost port 5774 after 2253 ms: Could not connect to server
[2026-07-21 14:39:33] ERROR - dapodik_get_raw error for http://localhost:5774/rest/Sekolah?npsn=20252031: Failed to connect to localhost port 5774 after 2244 ms: Could not connect to server
[2026-07-21 14:39:35] ERROR - dapodik_get_raw error for http://localhost:5774/rest/Sekolah?npsn=20252031: Failed to connect to localhost port 5774 after 2252 ms: Could not connect to server
[2026-07-21 14:39:39] ERROR - dapodik_get_raw error for http://localhost:5774/rest/Sekolah?npsn=20252031: Failed to connect to localhost port 5774 after 2254 ms: Could not connect to server
[2026-07-21 14:40:12] ERROR - dapodik_get_raw error for http://localhost:5774/rest/Sekolah?npsn=20252031: Failed to connect to localhost port 5774 after 2252 ms: Could not connect to server
[2026-07-21 14:40:14] ERROR - dapodik_get_raw error for http://localhost:5774/rest/Sekolah?npsn=20252031: Failed to connect to localhost port 5774 after 2242 ms: Could not connect to server
[2026-07-21 14:40:18] ERROR - dapodik_get_raw error for http://localhost:5774/rest/Sekolah?npsn=20252031: Failed to connect to localhost port 5774 after 2247 ms: Could not connect to server
[2026-07-21 14:40:51] ERROR - dapodik_get_raw error for http://localhost:5774/rest/Sekolah?npsn=20252031: Failed to connect to localhost port 5774 after 2244 ms: Could not connect to server
[2026-07-21 14:40:53] ERROR - dapodik_get_raw error for http://localhost:5774/rest/Sekolah?npsn=20252031: Failed to connect to localhost port 5774 after 2250 ms: Could not connect to server
[2026-07-21 14:40:57] ERROR - dapodik_get_raw error for http://localhost:5774/rest/Sekolah?npsn=20252031: Failed to connect to localhost port 5774 after 2255 ms: Could not connect to server
[2026-07-21 14:41:30] ERROR - dapodik_get_raw error for http://localhost:5774/rest/Sekolah?npsn=20252031: Failed to connect to localhost port 5774 after 2251 ms: Could not connect to server
[2026-07-21 14:41:32] ERROR - dapodik_get_raw error for http://localhost:5774/rest/Sekolah?npsn=20252031: Failed to connect to localhost port 5774 after 2250 ms: Could not connect to server
[2026-07-21 14:41:36] ERROR - dapodik_get_raw error for http://localhost:5774/rest/Sekolah?npsn=20252031: Failed to connect to localhost port 5774 after 2265 ms: Could not connect to server
[2026-07-21 14:42:09] ERROR - dapodik_get_raw error for http://localhost:5774/rest/Sekolah?npsn=20252031: Failed to connect to localhost port 5774 after 2244 ms: Could not connect to server
[2026-07-21 14:42:11] ERROR - dapodik_get_raw error for http://localhost:5774/rest/Sekolah?npsn=20252031: Failed to connect to localhost port 5774 after 2238 ms: Could not connect to server
[2026-07-21 14:42:15] ERROR - dapodik_get_raw error for http://localhost:5774/rest/Sekolah?npsn=20252031: Failed to connect to localhost port 5774 after 2251 ms: Could not connect to server
[2026-07-21 14:42:48] ERROR - dapodik_get_raw error for http://localhost:5774/rest/Sekolah?npsn=20252031: Failed to connect to localhost port 5774 after 2249 ms: Could not connect to server
[2026-07-21 14:42:50] ERROR - dapodik_get_raw error for http://localhost:5774/rest/Sekolah?npsn=20252031: Failed to connect to localhost port 5774 after 2250 ms: Could not connect to server
[2026-07-21 14:42:54] ERROR - dapodik_get_raw error for http://localhost:5774/rest/Sekolah?npsn=20252031: Failed to connect to localhost port 5774 after 2257 ms: Could not connect to server
[2026-07-21 14:43:27] ERROR - dapodik_get_raw error for http://localhost:5774/rest/Sekolah?npsn=20252031: Failed to connect to localhost port 5774 after 2259 ms: Could not connect to server
[2026-07-21 14:43:29] ERROR - dapodik_get_raw error for http://localhost:5774/rest/Sekolah?npsn=20252031: Failed to connect to localhost port 5774 after 2252 ms: Could not connect to server
[2026-07-21 14:43:33] ERROR - dapodik_get_raw error for http://localhost:5774/rest/Sekolah?npsn=20252031: Failed to connect to localhost port 5774 after 2253 ms: Could not connect to server
[2026-07-21 14:44:06] ERROR - dapodik_get_raw error for http://localhost:5774/rest/Sekolah?npsn=20252031: Failed to connect to localhost port 5774 after 2245 ms: Could not connect to server
[2026-07-21 14:44:08] ERROR - dapodik_get_raw error for http://localhost:5774/rest/Sekolah?npsn=20252031: Failed to connect to localhost port 5774 after 2251 ms: Could not connect to server
[2026-07-21 14:44:12] ERROR - dapodik_get_raw error for http://localhost:5774/rest/Sekolah?npsn=20252031: Failed to connect to localhost port 5774 after 2253 ms: Could not connect to server
[2026-07-21 14:44:45] ERROR - dapodik_get_raw error for http://localhost:5774/rest/Sekolah?npsn=20252031: Failed to connect to localhost port 5774 after 2245 ms: Could not connect to server
[2026-07-21 14:44:47] ERROR - dapodik_get_raw error for http://localhost:5774/rest/Sekolah?npsn=20252031: Failed to connect to localhost port 5774 after 2244 ms: Could not connect to server
[2026-07-21 14:44:51] ERROR - dapodik_get_raw error for http://localhost:5774/rest/Sekolah?npsn=20252031: Failed to connect to localhost port 5774 after 2241 ms: Could not connect to server
[2026-07-21 14:45:24] ERROR - dapodik_get_raw error for http://localhost:5774/rest/Sekolah?npsn=20252031: Failed to connect to localhost port 5774 after 2254 ms: Could not connect to server
[2026-07-21 14:45:26] ERROR - dapodik_get_raw error for http://localhost:5774/rest/Sekolah?npsn=20252031: Failed to connect to localhost port 5774 after 2263 ms: Could not connect to server
[2026-07-21 14:45:30] ERROR - dapodik_get_raw error for http://localhost:5774/rest/Sekolah?npsn=20252031: Failed to connect to localhost port 5774 after 2260 ms: Could not connect to server
[2026-07-21 14:46:03] ERROR - dapodik_get_raw error for http://localhost:5774/rest/Sekolah?npsn=20252031: Failed to connect to localhost port 5774 after 2249 ms: Could not connect to server
[2026-07-21 14:46:05] ERROR - dapodik_get_raw error for http://localhost:5774/rest/Sekolah?npsn=20252031: Failed to connect to localhost port 5774 after 2253 ms: Could not connect to server
[2026-07-21 14:46:09] ERROR - dapodik_get_raw error for http://localhost:5774/rest/Sekolah?npsn=20252031: Failed to connect to localhost port 5774 after 2256 ms: Could not connect to server
[2026-07-21 14:46:42] ERROR - dapodik_get_raw error for http://localhost:5774/rest/Sekolah?npsn=20252031: Failed to connect to localhost port 5774 after 2249 ms: Could not connect to server
[2026-07-21 14:46:44] ERROR - dapodik_get_raw error for http://localhost:5774/rest/Sekolah?npsn=20252031: Failed to connect to localhost port 5774 after 2254 ms: Could not connect to server
[2026-07-21 14:46:48] ERROR - dapodik_get_raw error for http://localhost:5774/rest/Sekolah?npsn=20252031: Failed to connect to localhost port 5774 after 2256 ms: Could not connect to server
[2026-07-21 14:47:21] ERROR - dapodik_get_raw error for http://localhost:5774/rest/Sekolah?npsn=20252031: Failed to connect to localhost port 5774 after 2229 ms: Could not connect to server
[2026-07-21 14:47:23] ERROR - dapodik_get_raw error for http://localhost:5774/rest/Sekolah?npsn=20252031: Failed to connect to localhost port 5774 after 2249 ms: Could not connect to server
[2026-07-21 14:47:27] ERROR - dapodik_get_raw error for http://localhost:5774/rest/Sekolah?npsn=20252031: Failed to connect to localhost port 5774 after 2237 ms: Could not connect to server
[2026-07-21 14:48:00] ERROR - dapodik_get_raw error for http://localhost:5774/rest/Sekolah?npsn=20252031: Failed to connect to localhost port 5774 after 2254 ms: Could not connect to server
[2026-07-21 14:48:02] ERROR - dapodik_get_raw error for http://localhost:5774/rest/Sekolah?npsn=20252031: Failed to connect to localhost port 5774 after 2251 ms: Could not connect to server
[2026-07-21 14:48:06] ERROR - dapodik_get_raw error for http://localhost:5774/rest/Sekolah?npsn=20252031: Failed to connect to localhost port 5774 after 2255 ms: Could not connect to server
[2026-07-21 14:48:39] ERROR - dapodik_get_raw error for http://localhost:5774/rest/Sekolah?npsn=20252031: Failed to connect to localhost port 5774 after 2243 ms: Could not connect to server
[2026-07-21 14:48:41] ERROR - dapodik_get_raw error for http://localhost:5774/rest/Sekolah?npsn=20252031: Failed to connect to localhost port 5774 after 2249 ms: Could not connect to server
[2026-07-21 14:48:45] ERROR - dapodik_get_raw error for http://localhost:5774/rest/Sekolah?npsn=20252031: Failed to connect to localhost port 5774 after 2251 ms: Could not connect to server
[2026-07-21 14:49:18] ERROR - dapodik_get_raw error for http://localhost:5774/rest/Sekolah?npsn=20252031: Failed to connect to localhost port 5774 after 2255 ms: Could not connect to server
[2026-07-21 14:49:20] ERROR - dapodik_get_raw error for http://localhost:5774/rest/Sekolah?npsn=20252031: Failed to connect to localhost port 5774 after 2233 ms: Could not connect to server
[2026-08-13 00:35:07] ERROR - dapodik_get_raw error for http://localhost:5774/rest/Sekolah?npsn=20252031: Failed to connect to localhost port 5774: Connection refused
[2026-08-13 00:35:10] ERROR - dapodik_get_raw error for http://localhost:5774/rest/Sekolah?npsn=20252031: Failed to connect to localhost port 5774: Connection refused
